order_id,customer_id,order_status,order_purchase_timestamp,order_estimated_delivery_date,order_delivered_customer_date
order_000000,cust_02945,delivered,2017-02-18 14:51:38,2017-02-25 23:16:58.668971,2017-02-27 20:14:07.560729
order_000001,cust_01542,delivered,2018-02-22 19:54:04,2018-03-03 07:51:00.388860,2018-02-27 21:50:35.044605
order_000002,cust_00617,delivered,2017-12-20 15:21:52,2017-12-31 14:45:42.589775,2017-12-29 23:17:33.981037
order_000003,cust_00061,delivered,2017-08-25 14:15:29,2017-09-03 09:03:26.702850,2017-09-03 08:59:10.118260
order_000004,cust_01586,delivered,2017-08-22 11:12:59,2017-08-31 05:27:47.729535,2017-09-02 20:37:47.173064
order_000005,cust_00402,delivered,2018-04-09 05:52:35,2018-04-18 07:16:29.043059,2018-04-17 00:53:06.220888
order_000006,cust_00678,delivered,2017-02-16 06:44:18,2017-02-26 04:14:13.436154,2017-02-21 20:16:50.993516
order_000007,cust_00205,delivered,2018-01-12 17:53:46,2018-01-20 14:01:28.798312,2018-01-19 17:10:21.746530
order_000008,cust_00287,delivered,2017-04-19 01:40:31,2017-04-26 05:54:56.398800,2017-04-28 18:51:46.664017
order_000009,cust_00195,delivered,2017-02-20 02:01:39,2017-03-01 05:08:32.192661,2017-02-27 17:23:28.252319
order_000010,cust_00387,delivered,2017-10-12 09:31:11,2017-10-20 14:21:51.211106,2017-10-22 06:11:40.621769
order_000011,cust_01500,delivered,2018-06-11 18:35:09,2018-06-20 18:40:29.142309,2018-06-22 22:10:36.477614
order_000012,cust_00953,delivered,2018-02-02 15:46:07,2018-02-09 04:16:42.436853,2018-02-09 08:19:51.735830
order_000013,cust_00486,delivered,2018-02-16 14:09:34,2018-02-25 19:59:30.717300,2018-02-20 09:41:59.810382
order_000014,cust_01920,delivered,2018-01-23 12:49:09,2018-02-01 11:32:20.168062,2018-01-28 11:02:23.095850
order_000015,cust_00907,shipped,2018-03-01 02:39:28,2018-03-10 20:58:40.476427,
order_000016,cust_01986,delivered,2017-10-05 07:57:47,2017-10-13 00:40:44.082809,2017-10-09 18:28:18.833378
order_000017,cust_02920,delivered,2017-03-11 01:54:29,2017-03-20 11:15:48.300655,2017-03-22 00:12:27.796486
order_000018,cust_02635,delivered,2018-03-30 18:11:44,2018-04-09 12:49:59.263668,2018-04-04 17:47:50.433494
order_000019,cust_02364,delivered,2017-09-01 18:01:12,2017-09-12 17:45:52.665861,2017-09-08 03:35:02.597147
order_000020,cust_00438,delivered,2017-09-28 06:11:39,2017-10-08 08:37:22.034884,2017-10-03 16:19:29.154271
order_000021,cust_01216,delivered,2017-07-20 07:01:49,2017-07-28 03:21:28.471001,2017-07-28 06:12:50.451138
order_000022,cust_01529,delivered,2017-04-09 07:37:08,2017-04-17 10:09:22.898841,2017-04-13 22:16:51.939604
order_000023,cust_02477,delivered,2018-05-16 21:20:35,2018-05-24 12:24:09.771636,2018-05-22 05:41:52.116023
order_000024,cust_01062,delivered,2018-02-27 11:43:28,2018-03-09 11:30:36.162088,2018-03-07 04:26:40.714491
order_000025,cust_02140,delivered,2017-12-14 18:17:23,2017-12-26 04:59:35.552028,2017-12-22 00:34:32.695436
order_000026,cust_02113,delivered,2017-08-06 10:46:18,2017-08-14 03:14:40.531382,2017-08-15 14:34:08.621428
order_000027,cust_01971,delivered,2018-03-21 16:45:23,2018-03-29 05:54:55.652251,2018-04-03 08:24:25.980915
order_000028,cust_00806,delivered,2017-10-22 12:40:47,2017-10-31 12:11:16.183428,2017-10-28 19:45:07.055376
order_000029,cust_02723,delivered,2017-08-28 06:41:11,2017-09-07 05:33:56.426862,2017-09-07 05:19:06.934034
order_000030,cust_00485,delivered,2017-09-01 21:01:52,2017-09-10 16:07:35.344683,2017-09-07 16:10:45.534144
order_000031,cust_00197,delivered,2017-05-03 17:00:52,2017-05-12 01:44:12.410114,2017-05-12 04:35:40.571261
order_000032,cust_02242,delivered,2017-02-19 18:27:50,2017-02-28 10:56:30.008056,2017-03-02 06:12:16.327477
order_000033,cust_01380,delivered,2017-10-27 22:45:19,2017-11-06 19:03:05.351834,2017-11-02 07:41:48.015072
order_000034,cust_02642,delivered,2018-04-25 05:58:13,2018-05-04 01:51:06.708300,2018-05-04 19:41:16.689518
order_000035,cust_02650,delivered,2017-02-04 02:11:50,2017-02-13 22:33:32.317190,2017-02-11 21:47:28.038595
order_000036,cust_01416,delivered,2018-04-09 13:58:28,2018-04-18 09:20:18.917513,2018-04-15 08:02:43.005436
order_000037,cust_02643,delivered,2018-03-23 07:49:40,2018-04-02 07:40:51.629740,2018-03-29 09:18:34.597114
order_000038,cust_02615,delivered,2017-05-30 10:27:31,2017-06-09 04:40:05.100985,2017-06-05 23:05:18.891786
order_000039,cust_00956,delivered,2017-12-08 05:37:55,2017-12-17 01:52:30.066885,2017-12-15 02:02:15.039546
order_000040,cust_01907,delivered,2017-03-31 09:33:47,2017-04-10 14:59:59.602020,2017-04-22 03:55:37.516480
order_000041,cust_00955,delivered,2018-02-14 09:26:16,2018-02-23 14:42:15.612425,2018-02-22 21:42:01.959130
order_000042,cust_01583,delivered,2018-01-14 08:24:48,2018-01-22 16:51:04.674003,2018-01-23 13:35:22.692109
order_000043,cust_01562,delivered,2017-07-11 17:48:57,2017-07-18 17:07:57.242213,2017-07-18 10:31:13.690468
order_000044,cust_00055,delivered,2017-02-06 14:13:25,2017-02-16 05:09:43.906440,2017-02-14 10:30:21.489361
order_000045,cust_02281,delivered,2018-06-09 11:22:54,2018-06-19 23:02:57.415802,2018-06-16 16:30:05.711742
order_000046,cust_02109,delivered,2017-08-29 02:42:18,2017-09-08 16:23:52.967102,2017-09-10 18:15:40.115309
order_000047,cust_02207,delivered,2018-04-28 13:41:51,2018-05-07 05:23:22.597270,2018-05-10 05:12:28.375580
order_000048,cust_00740,delivered,2018-01-02 04:12:01,2018-01-10 06:07:14.718403,2018-01-16 12:51:23.114205
order_000049,cust_01740,delivered,2018-02-25 07:32:22,2018-03-05 21:05:22.953790,2018-03-13 07:09:40.657047
order_000050,cust_01416,delivered,2018-02-15 09:57:27,2018-02-24 19:03:41.903967,2018-02-19 23:38:49.383682
order_000051,cust_02281,delivered,2017-04-16 03:23:27,2017-04-24 03:44:30.340448,2017-04-25 13:47:31.733776
order_000052,cust_00723,delivered,2017-07-16 09:20:51,2017-07-25 04:48:52.731420,2017-07-24 00:28:52.252189
order_000053,cust_02998,delivered,2017-09-10 06:24:23,2017-09-18 17:50:37.210090,2017-09-23 12:42:35.520317
order_000054,cust_02779,delivered,2017-09-26 20:23:39,2017-10-05 09:35:01.101692,2017-10-04 18:52:40.475995
order_000055,cust_01068,delivered,2017-01-24 20:37:56,2017-02-03 08:55:03.806801,2017-02-04 17:53:10.278837
order_000056,cust_01142,delivered,2017-10-23 00:06:34,2017-10-31 23:52:08.540262,2017-10-27 21:43:51.018911
order_000057,cust_01866,delivered,2017-03-25 14:27:28,2017-04-02 15:28:49.268467,2017-04-04 04:26:15.389991
order_000058,cust_01056,delivered,2018-02-06 15:22:23,2018-02-14 15:19:03.608961,2018-02-16 06:39:54.174741
order_000059,cust_02233,delivered,2018-01-04 09:04:18,2018-01-13 13:59:24.757564,2018-01-12 08:08:37.882947
order_000060,cust_02995,delivered,2018-05-14 11:15:32,2018-05-23 06:23:32.727671,2018-05-20 02:41:54.861872
order_000061,cust_02597,delivered,2018-02-07 18:57:27,2018-02-16 22:58:52.086552,2018-02-16 22:03:29.466077
order_000062,cust_00049,delivered,2017-07-17 09:04:15,2017-07-27 20:11:13.190418,2017-07-24 08:46:35.415423
order_000063,cust_01283,delivered,2018-06-07 01:32:49,2018-06-15 16:32:14.866218,2018-06-14 06:11:32.885785
order_000064,cust_01469,delivered,2017-08-10 08:56:24,2017-08-20 01:05:07.818302,2017-08-17 11:44:47.797111
order_000065,cust_00071,delivered,2017-06-25 06:05:36,2017-07-03 09:09:06.892975,2017-07-02 05:57:37.853289
order_000066,cust_01506,delivered,2018-05-04 09:11:07,2018-05-15 02:33:31.426750,2018-05-10 09:21:47.621675
order_000067,cust_02804,delivered,2017-07-20 05:31:20,2017-07-29 08:21:16.042670,2017-07-25 14:06:47.348241
order_000068,cust_00576,delivered,2017-02-11 03:35:49,2017-02-20 21:47:33.701017,2017-02-21 19:45:30.849608
order_000069,cust_00425,delivered,2017-09-11 23:38:55,2017-09-20 07:09:44.377612,2017-09-19 13:58:33.798660
order_000070,cust_00577,delivered,2018-03-06 03:05:34,2018-03-16 04:49:06.415414,2018-03-14 17:26:34.206572
order_000071,cust_00179,delivered,2017-04-13 16:56:46,2017-04-24 06:39:34.527737,2017-04-20 05:56:15.555652
order_000072,cust_01594,delivered,2017-09-07 17:13:18,2017-09-17 09:31:38.369496,2017-09-12 09:07:07.120549
order_000073,cust_01875,delivered,2017-03-12 14:49:36,2017-03-21 11:48:03.073658,2017-03-19 11:44:46.097555
order_000074,cust_01636,delivered,2018-01-06 21:52:29,2018-01-14 04:06:25.389555,2018-01-15 03:54:25.866802
order_000075,cust_00915,delivered,2017-09-14 00:07:10,2017-09-24 11:49:09.185933,2017-09-19 22:43:57.219323
order_000076,cust_01832,delivered,2017-06-28 07:14:20,2017-07-07 11:07:44.732259,2017-07-08 14:05:18.615891
order_000077,cust_02904,delivered,2017-05-03 04:25:24,2017-05-12 13:37:09.803557,2017-05-09 05:07:50.645795
order_000078,cust_00951,delivered,2017-11-01 13:50:46,2017-11-11 20:13:42.665335,2017-11-08 08:40:38.984996
order_000079,cust_00165,delivered,2017-12-28 15:15:10,2018-01-06 13:51:35.471189,2018-01-02 14:51:27.796791
order_000080,cust_02141,delivered,2018-05-23 21:32:58,2018-06-03 00:02:59.444219,2018-05-31 00:29:04.324188
order_000081,cust_02855,delivered,2017-08-25 09:06:47,2017-09-02 20:17:08.738284,2017-09-02 03:27:37.738912
order_000082,cust_01138,delivered,2017-03-28 05:39:41,2017-04-06 10:25:54.786535,2017-04-03 23:08:14.442333
order_000083,cust_01505,delivered,2018-03-26 22:10:57,2018-04-03 23:00:41.543028,2018-04-01 17:52:34.318634
order_000084,cust_02583,canceled,2017-12-07 16:09:06,2017-12-16 06:28:40.418409,
order_000085,cust_01202,delivered,2018-01-14 18:21:12,2018-01-23 15:39:05.960038,2018-01-22 15:17:29.294978
order_000086,cust_00239,delivered,2017-02-22 10:40:46,2017-03-03 23:50:00.777633,2017-03-05 02:19:51.699992
order_000087,cust_01796,delivered,2017-06-18 10:44:13,2017-06-28 06:24:04.055503,2017-06-26 13:04:49.977340
order_000088,cust_00255,delivered,2018-02-19 09:20:13,2018-02-27 07:14:35.868215,2018-02-27 07:47:21.451912
order_000089,cust_01050,delivered,2018-03-26 17:59:18,2018-04-04 06:13:25.055795,2018-04-01 05:23:38.223401
order_000090,cust_02811,delivered,2017-08-24 05:03:17,2017-09-02 11:02:42.926520,2017-08-29 11:47:16.402618
order_000091,cust_01754,delivered,2018-03-11 23:24:34,2018-03-18 15:47:28.199182,2018-03-18 09:07:19.270957
order_000092,cust_01581,delivered,2018-03-31 04:13:19,2018-04-09 18:31:11.619140,2018-04-08 04:18:14.851121
order_000093,cust_00214,delivered,2017-07-29 11:03:48,2017-08-06 16:23:13.741838,2017-08-04 21:47:51.510215
order_000094,cust_00669,delivered,2018-04-30 07:33:02,2018-05-09 04:05:42.809763,2018-05-06 18:15:31.957426
order_000095,cust_02924,delivered,2017-06-05 15:25:14,2017-06-15 12:37:53.020653,2017-06-15 05:52:59.585542
order_000096,cust_02124,delivered,2017-05-10 16:20:11,2017-05-21 18:02:32.536572,2017-05-15 13:59:39.408375
order_000097,cust_02901,delivered,2018-01-04 22:02:52,2018-01-12 18:20:53.531965,2018-01-13 15:37:25.136270
order_000098,cust_02000,delivered,2017-12-10 18:56:28,2017-12-20 12:48:24.914591,2017-12-17 02:34:26.899320
order_000099,cust_01792,delivered,2017-03-17 05:58:05,2017-03-24 16:23:43.447547,2017-03-23 17:25:21.204288
order_000100,cust_02115,delivered,2018-03-26 04:57:35,2018-04-03 19:35:41.262584,2018-04-01 01:38:10.561626
order_000101,cust_00383,delivered,2017-04-18 21:16:38,2017-04-26 21:08:38.312307,2017-04-29 23:18:31.730709
order_000102,cust_01795,delivered,2018-03-11 11:42:32,2018-03-21 09:47:55.812657,2018-03-19 15:11:27.924031
order_000103,cust_01526,delivered,2017-01-04 02:20:27,2017-01-12 07:22:17.420322,2017-02-04 06:27:18.690569
order_000104,cust_02960,delivered,2018-03-07 19:47:57,2018-03-18 17:05:43.257757,2018-03-16 00:04:26.565885
order_000105,cust_00498,delivered,2018-03-01 15:33:45,2018-03-12 04:40:36.888628,2018-03-08 15:10:17.058428
order_000106,cust_00982,delivered,2018-02-26 00:36:49,2018-03-08 02:42:13.333151,2018-03-06 00:03:13.769623
order_000107,cust_00663,delivered,2017-12-26 18:47:17,2018-01-04 18:48:47.476878,2018-01-01 11:15:28.141959
order_000108,cust_00376,delivered,2017-09-12 14:34:37,2017-09-20 13:50:40.460594,2017-10-03 18:23:39.839166
order_000109,cust_01356,delivered,2018-01-16 14:45:01,2018-01-24 13:56:46.986082,2018-01-23 18:04:18.621779
order_000110,cust_00349,delivered,2017-05-30 20:45:30,2017-06-11 04:37:32.381067,2017-06-06 22:10:13.939438
order_000111,cust_02510,delivered,2018-02-26 11:53:34,2018-03-07 03:54:23.821264,2018-03-05 03:21:52.076339
order_000112,cust_01076,delivered,2017-10-28 11:04:13,2017-11-05 02:42:07.423289,2017-11-05 21:59:01.042514
order_000113,cust_00442,delivered,2017-09-05 14:48:58,2017-09-14 04:18:32.468941,2017-09-12 21:39:00.796708
order_000114,cust_01197,delivered,2017-10-01 04:44:48,2017-10-12 03:40:42.037398,2017-10-09 21:39:07.076490
order_000115,cust_01996,delivered,2017-11-04 03:38:23,2017-11-13 18:32:59.139181,2017-11-12 14:09:05.688387
order_000116,cust_02296,delivered,2017-01-21 20:15:02,2017-02-02 05:47:15.337341,2017-02-01 12:14:48.943791
order_000117,cust_00428,delivered,2017-03-17 05:10:25,2017-03-26 18:37:28.551756,2017-03-26 09:09:59.851374
order_000118,cust_01021,delivered,2017-05-13 12:06:15,2017-05-23 05:52:15.566428,2017-05-22 14:37:51.496230
order_000119,cust_02645,delivered,2017-03-03 06:28:39,2017-03-12 08:18:13.562979,2017-03-09 19:18:50.648007
order_000120,cust_00908,delivered,2017-08-26 05:31:51,2017-09-04 01:18:54.597722,2017-09-01 08:39:39.456844
order_000121,cust_01661,delivered,2017-12-27 14:20:48,2018-01-04 18:58:33.391817,2018-01-05 19:32:55.584481
order_000122,cust_01834,delivered,2017-12-20 19:15:24,2017-12-31 02:14:17.021508,2017-12-30 02:13:14.022682
order_000123,cust_02692,delivered,2017-09-12 10:36:20,2017-09-20 14:55:31.032092,2017-09-17 14:56:10.588158
order_000124,cust_02559,delivered,2018-04-07 03:19:46,2018-04-16 09:54:09.572266,2018-04-16 11:54:05.819627
order_000125,cust_00590,delivered,2017-11-02 05:52:02,2017-11-10 16:04:58.669028,2017-11-06 12:51:36.783700
order_000126,cust_02460,delivered,2017-02-12 03:56:59,2017-02-21 01:53:45.520466,2017-02-22 01:38:37.166313
order_000127,cust_01613,delivered,2018-02-18 21:11:14,2018-02-28 05:15:51.420977,2018-02-26 21:10:02.526551
order_000128,cust_00981,delivered,2017-11-07 07:40:07,2017-11-15 16:25:22.779711,2017-11-14 04:31:23.683344
order_000129,cust_01603,delivered,2017-12-09 08:58:26,2017-12-18 04:52:38.025767,2017-12-15 21:51:09.387800
order_000130,cust_02596,delivered,2017-11-02 01:42:17,2017-11-11 15:10:31.637481,2017-11-09 14:07:05.293295
order_000131,cust_00433,delivered,2017-10-26 10:42:17,2017-11-04 02:03:41.071307,2017-11-02 17:42:12.001651
order_000132,cust_01593,delivered,2017-02-18 21:56:03,2017-02-27 09:01:05.093290,2017-02-26 05:04:51.269664
order_000133,cust_00076,delivered,2017-10-29 09:49:58,2017-11-06 20:26:29.218462,2017-11-10 16:06:39.132202
order_000134,cust_00423,delivered,2018-03-06 15:37:47,2018-03-16 14:58:53.287396,2018-03-16 01:33:34.779960
order_000135,cust_01083,delivered,2017-06-14 04:21:59,2017-06-23 10:24:07.436280,2017-06-22 10:59:02.141535
order_000136,cust_00163,delivered,2017-11-22 03:25:50,2017-11-29 18:37:02.806192,2017-11-30 03:18:09.364586
order_000137,cust_01466,delivered,2017-01-17 17:33:32,2017-01-26 19:19:48.059225,2017-01-24 13:41:19.979986
order_000138,cust_02505,delivered,2017-07-07 01:34:39,2017-07-16 18:37:14.780889,2017-07-14 23:16:59.508355
order_000139,cust_01220,delivered,2017-08-24 10:45:46,2017-09-03 06:45:12.984339,2017-09-03 21:42:22.953844
order_000140,cust_00188,delivered,2018-06-15 07:36:03,2018-06-23 14:57:41.514770,2018-06-24 06:02:14.756268
order_000141,cust_01366,delivered,2017-04-26 00:23:24,2017-05-03 10:51:31.377582,2017-05-01 14:05:55.248048
order_000142,cust_01612,delivered,2017-05-30 12:44:56,2017-06-08 08:21:32.507728,2017-06-06 10:23:21.168185
order_000143,cust_02211,delivered,2017-08-09 23:08:10,2017-08-19 08:16:42.779408,2017-08-15 06:43:18.034759
order_000144,cust_00461,delivered,2018-06-21 01:39:34,2018-06-30 11:44:39.323793,2018-06-29 17:12:54.283858
order_000145,cust_01302,shipped,2018-04-06 19:34:41,2018-04-15 17:08:56.148587,
order_000146,cust_02141,delivered,2017-01-19 12:56:25,2017-01-28 23:02:54.872829,2017-01-25 21:48:39.576458
order_000147,cust_00850,delivered,2017-05-07 17:21:55,2017-05-17 09:29:49.190117,2017-05-16 22:20:47.406192
order_000148,cust_00638,canceled,2018-03-20 02:19:01,2018-03-30 08:17:39.107314,
order_000149,cust_01340,delivered,2017-02-01 20:51:29,2017-02-10 00:26:07.505463,2017-02-10 10:42:07.886195
order_000150,cust_01189,delivered,2018-04-08 00:16:26,2018-04-16 09:54:07.403753,2018-04-15 14:06:31.600894
order_000151,cust_02841,delivered,2017-06-01 21:45:48,2017-06-12 12:51:50.708479,2017-06-12 00:44:53.808661
order_000152,cust_01597,delivered,2018-05-11 15:47:14,2018-05-22 02:55:17.241350,2018-05-14 19:37:48.813007
order_000153,cust_01400,delivered,2017-06-08 08:05:59,2017-06-17 09:38:57.672987,2017-06-13 18:45:31.277364
order_000154,cust_02146,delivered,2017-08-23 00:10:13,2017-09-01 16:10:47.575885,2017-08-28 10:58:58.892349
order_000155,cust_01173,delivered,2017-12-24 14:39:46,2018-01-03 23:33:42.822850,2018-01-02 21:49:45.209288
order_000156,cust_02710,delivered,2017-03-10 02:05:54,2017-03-17 17:52:20.058782,2017-03-17 07:24:28.788815
order_000157,cust_00021,delivered,2017-10-28 14:36:40,2017-11-07 01:43:11.693443,2017-11-06 05:27:31.336743
order_000158,cust_02742,delivered,2017-09-30 18:33:19,2017-10-08 10:14:18.875985,2017-10-07 16:13:55.001592
order_000159,cust_02849,delivered,2018-02-28 06:24:54,2018-03-09 04:14:21.133616,2018-03-07 13:43:50.503593
order_000160,cust_00481,delivered,2018-06-22 05:43:45,2018-07-01 06:09:18.683999,2018-06-30 14:24:09.385782
order_000161,cust_02433,delivered,2017-12-25 05:19:36,2018-01-04 00:45:41.403288,2017-12-28 01:38:50.030498
order_000162,cust_02691,delivered,2017-08-09 05:23:46,2017-08-18 01:48:52.261440,2017-08-14 07:54:03.958605
order_000163,cust_02426,delivered,2017-08-08 02:44:01,2017-08-18 13:24:03.665866,2017-08-14 00:50:02.151875
order_000164,cust_02843,delivered,2017-08-14 05:59:34,2017-08-22 03:15:58.715348,2017-08-20 14:43:23.478533
order_000165,cust_02847,delivered,2018-03-16 15:49:24,2018-03-25 07:58:57.760346,2018-03-24 19:18:12.100965
order_000166,cust_02526,delivered,2017-06-23 07:15:37,2017-07-01 12:04:50.972826,2017-07-05 04:11:28.395000
order_000167,cust_02285,delivered,2017-04-01 18:44:31,2017-04-11 03:46:32.354976,2017-04-11 11:08:25.404425
order_000168,cust_02314,delivered,2017-06-30 19:39:46,2017-07-09 22:29:33.654659,2017-07-09 06:15:35.186890
order_000169,cust_01558,delivered,2017-01-13 18:15:46,2017-01-21 10:17:31.054099,2017-01-20 10:41:36.595370
order_000170,cust_00134,delivered,2017-02-27 12:56:55,2017-03-06 08:48:57.080716,2017-03-03 20:29:19.587879
order_000171,cust_00741,delivered,2017-02-18 07:35:26,2017-02-26 13:02:10.722019,2017-02-25 14:45:04.309313
order_000172,cust_01990,delivered,2018-02-21 22:19:02,2018-03-02 18:11:02.180069,2018-02-28 17:31:28.109423
order_000173,cust_02338,delivered,2018-01-26 04:55:34,2018-02-03 17:53:20.556720,2018-02-01 10:01:42.746088
order_000174,cust_02392,delivered,2018-01-12 11:08:53,2018-01-21 21:15:42.902369,2018-01-17 05:12:53.358180
order_000175,cust_01591,delivered,2017-09-07 10:53:12,2017-09-18 01:06:24.141149,2017-09-13 13:45:13.638918
order_000176,cust_01321,delivered,2018-01-23 17:53:38,2018-02-02 11:58:06.902796,2018-01-30 22:42:55.942791
order_000177,cust_00584,delivered,2017-03-29 13:07:24,2017-04-06 17:44:08.145909,2017-04-06 04:01:26.530032
order_000178,cust_02033,delivered,2018-05-02 19:11:18,2018-05-12 06:03:44.118453,2018-05-10 18:16:30.961433
order_000179,cust_01132,delivered,2017-09-28 22:03:29,2017-10-08 14:04:01.735311,2017-10-07 13:08:14.482860
order_000180,cust_00604,delivered,2018-05-22 09:22:30,2018-05-30 23:17:31.626958,2018-05-31 02:38:05.420421
order_000181,cust_00717,delivered,2017-03-24 20:59:44,2017-04-02 07:58:59.192809,2017-04-02 03:38:56.861248
order_000182,cust_00585,delivered,2017-09-26 04:04:20,2017-10-04 11:47:02.250012,2017-10-02 09:10:35.745345
order_000183,cust_01766,delivered,2018-01-12 21:59:07,2018-01-22 05:23:22.554703,2018-01-18 16:02:14.451324
order_000184,cust_01708,delivered,2017-09-25 04:16:18,2017-10-05 03:18:48.131283,2017-10-01 14:32:14.819846
order_000185,cust_01314,delivered,2017-08-29 20:24:22,2017-09-09 01:49:27.357170,2017-09-04 14:45:11.001436
order_000186,cust_00981,delivered,2017-03-31 09:21:57,2017-04-10 00:33:45.517559,2017-04-07 08:39:23.250682
order_000187,cust_01640,delivered,2017-07-25 23:08:59,2017-08-05 00:56:45.191181,2017-07-31 15:50:23.629843
order_000188,cust_00116,delivered,2017-05-09 03:06:02,2017-05-21 08:27:09.145882,2017-05-16 04:03:33.789790
order_000189,cust_01382,delivered,2017-06-12 11:10:19,2017-06-21 08:18:14.898938,2017-06-19 00:50:11.253658
order_000190,cust_01968,delivered,2018-01-05 21:38:42,2018-01-15 15:27:04.745063,2018-01-12 04:43:15.192452
order_000191,cust_01977,delivered,2017-12-07 01:08:21,2017-12-13 15:01:51.233122,2017-12-13 06:44:46.719035
order_000192,cust_01076,delivered,2017-11-24 06:21:37,2017-12-02 13:00:29.148309,2017-12-08 18:57:50.079987
order_000193,cust_02761,delivered,2017-07-15 02:00:19,2017-07-24 15:11:21.796154,2017-07-21 14:57:55.531517
order_000194,cust_00238,delivered,2018-06-03 07:42:38,2018-06-11 08:26:01.402829,2018-06-11 15:04:39.226685
order_000195,cust_02078,delivered,2017-02-17 09:21:59,2017-02-24 08:15:07.473959,2017-02-23 11:49:05.795992
order_000196,cust_00215,delivered,2017-07-04 14:51:12,2017-07-12 22:19:30.735716,2017-07-09 16:06:38.001927
order_000197,cust_00102,delivered,2017-03-05 06:11:04,2017-03-12 07:42:57.239274,2017-03-14 02:14:18.650919
order_000198,cust_00769,delivered,2017-07-03 03:48:30,2017-07-12 09:42:03.237398,2017-07-10 23:45:16.802803
order_000199,cust_01154,delivered,2018-06-04 04:04:42,2018-06-15 17:19:03.114812,2018-06-11 00:45:54.420506
order_000200,cust_00441,delivered,2017-07-17 22:31:18,2017-07-27 12:50:52.837780,2017-07-28 03:55:46.410189
order_000201,cust_00801,delivered,2018-05-06 22:52:36,2018-05-16 13:49:52.817691,2018-05-14 14:05:57.725789
order_000202,cust_00405,delivered,2017-09-25 05:18:49,2017-10-05 01:56:52.615198,2017-09-30 03:44:54.294278
order_000203,cust_00444,delivered,2018-01-13 04:41:24,2018-01-22 21:50:53.704386,2018-01-20 07:04:40.266339
order_000204,cust_01966,delivered,2017-09-05 01:18:02,2017-09-12 23:48:35.945803,2017-09-12 06:50:14.179397
order_000205,cust_00734,delivered,2017-05-24 23:01:30,2017-06-03 12:17:14.741983,2017-06-04 03:25:26.796554
order_000206,cust_02598,delivered,2018-02-17 16:56:51,2018-02-27 14:58:52.389144,2018-02-25 22:05:14.124046
order_000207,cust_02145,delivered,2018-06-08 18:15:36,2018-06-17 00:26:44.162550,2018-06-13 05:19:40.136705
order_000208,cust_01702,delivered,2017-05-23 06:58:25,2017-05-31 22:19:32.696446,2017-05-28 17:29:35.657826
order_000209,cust_00085,delivered,2018-02-25 15:22:57,2018-03-06 15:12:48.178898,2018-03-06 02:30:41.342485
order_000210,cust_02954,delivered,2017-05-22 01:26:07,2017-05-29 21:44:15.548452,2017-06-20 10:06:26.321830
order_000211,cust_02818,delivered,2018-01-23 16:13:28,2018-01-31 22:34:20.306860,2018-01-29 18:43:25.998703
order_000212,cust_01586,delivered,2018-03-03 13:54:42,2018-03-11 04:03:25.287299,2018-03-16 04:57:33.536751
order_000213,cust_01954,delivered,2017-08-31 07:57:19,2017-09-08 20:29:03.349954,2017-09-04 19:03:47.844938
order_000214,cust_02813,delivered,2018-02-02 17:03:04,2018-02-11 08:35:45.137724,2018-02-08 11:10:19.528103
order_000215,cust_00638,delivered,2017-05-28 15:30:51,2017-06-07 13:04:13.042700,2017-06-05 08:09:43.001982
order_000216,cust_00944,delivered,2017-02-12 10:32:09,2017-02-21 15:20:58.173572,2017-02-21 17:33:57.727113
order_000217,cust_01014,delivered,2017-02-22 04:28:50,2017-03-03 03:56:45.588726,2017-02-27 01:04:42.761174
order_000218,cust_00754,delivered,2017-08-30 00:33:56,2017-09-05 19:56:40.557720,2017-09-07 00:54:34.817854
order_000219,cust_01653,delivered,2018-05-03 22:30:17,2018-05-13 09:33:54.513120,2018-05-13 07:49:28.081594
order_000220,cust_02244,delivered,2017-03-10 06:45:09,2017-03-19 06:55:45.417030,2017-03-15 16:17:00.763380
order_000221,cust_01249,delivered,2017-09-04 07:14:34,2017-09-13 14:50:26.656695,2017-09-10 08:03:42.718078
order_000222,cust_00455,delivered,2018-01-16 16:20:44,2018-01-25 05:31:21.330189,2018-01-25 12:51:14.073874
order_000223,cust_02264,delivered,2017-04-20 06:07:28,2017-04-28 09:43:59.014564,2017-04-27 11:27:45.685040
order_000224,cust_00322,delivered,2018-01-25 09:01:05,2018-02-03 23:45:55.196535,2018-01-31 15:15:28.432188
order_000225,cust_02747,delivered,2017-06-15 17:04:04,2017-06-24 13:55:01.971753,2017-06-23 23:24:28.783656
order_000226,cust_01077,delivered,2018-03-13 14:17:20,2018-03-21 14:50:43.746198,2018-03-21 03:24:41.229442
order_000227,cust_00156,delivered,2017-11-09 15:45:17,2017-11-18 00:34:40.198614,2017-11-16 04:23:28.279334
order_000228,cust_02250,delivered,2017-10-23 00:06:43,2017-11-02 06:45:33.524289,2017-10-30 07:04:41.673995
order_000229,cust_02148,delivered,2017-04-06 10:49:52,2017-04-15 15:34:01.323314,2017-04-14 12:20:16.717413
order_000230,cust_01737,delivered,2017-09-08 11:24:23,2017-09-17 06:41:02.245766,2017-09-17 07:28:29.656484
order_000231,cust_01048,delivered,2018-04-08 15:10:43,2018-04-17 17:34:14.678732,2018-04-23 04:06:29.795937
order_000232,cust_01179,delivered,2017-01-11 03:38:06,2017-01-18 10:11:56.363228,2017-01-22 04:14:01.483518
order_000233,cust_01523,delivered,2018-02-14 03:49:40,2018-02-22 07:51:22.939669,2018-02-22 06:16:12.614106
order_000234,cust_00037,delivered,2017-09-24 18:17:54,2017-10-02 05:44:50.362791,2017-10-06 04:02:32.848946
order_000235,cust_00286,delivered,2018-01-24 16:09:35,2018-02-01 14:58:11.734987,2018-02-01 15:22:12.564180
order_000236,cust_02015,delivered,2017-12-25 19:28:06,2018-01-03 16:32:47.278906,2018-01-03 06:44:44.812617
order_000237,cust_00598,delivered,2017-08-22 06:29:40,2017-08-31 01:50:45.396401,2017-08-29 19:05:05.373033
order_000238,cust_02597,delivered,2017-06-16 23:56:32,2017-06-26 16:53:44.351025,2017-06-26 08:59:16.184599
order_000239,cust_01265,delivered,2017-12-05 06:32:53,2017-12-13 22:42:59.517447,2017-12-11 05:48:57.704885
order_000240,cust_01699,delivered,2017-03-17 15:37:23,2017-03-27 04:43:08.345645,2017-03-22 05:32:01.760370
order_000241,cust_01255,delivered,2017-11-12 03:53:32,2017-11-22 20:51:24.524648,2017-11-20 23:05:38.548567
order_000242,cust_02947,delivered,2017-02-21 22:02:38,2017-03-03 06:52:40.691621,2017-02-27 08:50:44.752937
order_000243,cust_02043,delivered,2017-12-17 07:58:37,2017-12-26 04:20:12.139765,2017-12-27 17:39:32.290330
order_000244,cust_01581,delivered,2017-12-06 19:15:34,2017-12-16 07:51:39.539103,2017-12-12 03:39:32.684074
order_000245,cust_02566,delivered,2017-02-15 07:57:00,2017-02-24 05:36:39.531556,2017-03-10 03:08:56.005711
order_000246,cust_02325,delivered,2018-02-14 18:58:49,2018-02-24 04:33:12.388034,2018-02-20 00:33:02.822320
order_000247,cust_02376,delivered,2017-08-13 10:54:01,2017-08-22 15:22:42.734085,2017-08-20 05:58:28.943642
order_000248,cust_02757,delivered,2018-03-01 01:29:59,2018-03-08 12:12:06.589864,2018-03-08 08:28:23.746811
order_000249,cust_02405,delivered,2017-01-23 04:34:12,2017-02-01 15:35:44.639809,2017-01-31 04:34:05.774314
order_000250,cust_02480,delivered,2017-04-07 16:24:09,2017-04-16 07:25:52.453735,2017-04-15 06:55:10.377630
order_000251,cust_02662,delivered,2017-09-24 04:37:55,2017-10-03 08:55:07.063053,2017-10-05 01:00:01.195981
order_000252,cust_00864,delivered,2017-04-12 06:36:27,2017-04-20 16:14:32.216517,2017-04-18 14:46:38.899008
order_000253,cust_00692,delivered,2017-06-28 13:00:06,2017-07-08 11:14:54.516113,2017-07-03 14:24:27.318528
order_000254,cust_01097,delivered,2017-12-23 06:04:23,2018-01-01 02:37:41.105408,2018-01-01 13:06:03.531468
order_000255,cust_00056,delivered,2017-03-20 03:05:35,2017-03-28 08:29:35.312646,2017-03-26 19:12:58.381294
order_000256,cust_02580,delivered,2018-01-01 14:58:59,2018-01-11 18:04:29.433597,2018-01-11 10:14:10.610173
order_000257,cust_02620,delivered,2017-02-25 16:32:00,2017-03-06 08:31:19.733109,2017-03-04 01:10:19.233528
order_000258,cust_02483,delivered,2017-04-05 17:35:35,2017-04-14 10:25:49.012838,2017-04-12 20:55:52.316197
order_000259,cust_00026,delivered,2017-11-14 22:39:17,2017-11-24 01:42:41.535122,2017-11-22 14:55:01.123193
order_000260,cust_00005,delivered,2018-03-05 02:59:16,2018-03-14 00:40:43.467932,2018-03-15 00:13:39.656025
order_000261,cust_00230,delivered,2017-04-03 10:14:35,2017-04-11 06:25:28.492733,2017-04-13 15:30:36.521361
order_000262,cust_00667,delivered,2017-06-11 05:36:57,2017-06-20 09:55:31.189094,2017-06-19 03:28:38.209861
order_000263,cust_00534,delivered,2018-05-15 21:37:35,2018-05-24 14:20:54.283859,2018-05-21 12:41:37.515489
order_000264,cust_02593,delivered,2018-06-19 12:57:18,2018-06-28 14:04:03.510588,2018-06-26 11:00:11.676557
order_000265,cust_00573,delivered,2017-11-10 02:21:34,2017-11-19 22:46:27.014139,2017-12-02 06:47:39.458117
order_000266,cust_00743,delivered,2017-08-30 16:36:41,2017-09-09 09:37:20.767205,2017-09-08 21:17:21.957977
order_000267,cust_01691,delivered,2017-07-07 01:01:51,2017-07-16 08:57:02.598586,2017-07-14 19:12:14.820580
order_000268,cust_00113,delivered,2017-11-27 06:34:48,2017-12-06 00:31:39.412605,2017-12-04 11:50:22.013831
order_000269,cust_02186,delivered,2017-11-16 17:18:46,2017-11-26 00:27:38.031831,2017-11-24 07:53:56.698169
order_000270,cust_00499,delivered,2017-06-09 12:08:38,2017-06-18 06:42:42.618586,2017-06-14 13:47:52.150620
order_000271,cust_00034,delivered,2017-01-13 18:15:52,2017-01-20 22:39:15.680684,2017-01-20 05:39:34.274093
order_000272,cust_00417,delivered,2017-03-23 13:42:30,2017-04-03 13:55:01.130521,2017-03-30 04:54:44.392491
order_000273,cust_01050,delivered,2018-06-02 20:14:00,2018-06-11 13:13:31.868613,2018-06-09 15:40:06.932834
order_000274,cust_02516,delivered,2017-08-14 13:30:05,2017-08-24 11:44:29.302237,2017-08-21 01:56:49.491107
order_000275,cust_02232,delivered,2017-09-18 01:21:49,2017-09-26 17:34:55.765606,2017-09-24 09:28:00.473659
order_000276,cust_01005,delivered,2017-09-10 01:42:37,2017-09-19 04:07:05.882642,2017-09-19 00:07:54.549597
order_000277,cust_02336,delivered,2018-02-27 18:38:44,2018-03-08 00:08:41.162731,2018-03-08 04:46:05.339806
order_000278,cust_00041,delivered,2017-02-05 00:55:35,2017-02-14 23:32:51.764226,2017-02-13 21:47:19.964589
order_000279,cust_01264,delivered,2017-02-14 09:02:12,2017-02-22 22:14:42.923366,2017-02-22 21:22:48.663141
order_000280,cust_01345,delivered,2017-05-29 00:23:11,2017-06-06 00:06:30.727366,2017-06-05 16:46:06.757456
order_000281,cust_02586,delivered,2017-09-20 07:16:48,2017-09-29 14:26:30.589581,2017-09-29 19:31:25.043973
order_000282,cust_00482,delivered,2017-12-29 14:16:59,2018-01-07 16:09:45.907766,2018-01-04 11:10:37.224523
order_000283,cust_02345,delivered,2017-09-22 04:09:09,2017-10-01 23:58:46.074172,2017-09-28 17:54:57.004568
order_000284,cust_00939,delivered,2017-08-27 11:11:10,2017-09-04 23:09:57.324076,2017-09-08 05:57:05.338794
order_000285,cust_01511,delivered,2018-05-22 23:54:15,2018-06-02 00:49:47.344096,2018-05-30 01:57:42.914746
order_000286,cust_00270,delivered,2017-03-28 01:41:30,2017-04-07 11:18:10.819438,2017-04-02 07:02:33.208130
order_000287,cust_02050,delivered,2017-11-05 01:31:40,2017-11-14 07:32:43.989560,2017-11-18 14:50:23.992221
order_000288,cust_00036,delivered,2017-10-20 06:30:35,2017-10-29 00:03:26.189676,2017-10-28 02:31:55.637143
order_000289,cust_01410,delivered,2017-09-13 19:50:53,2017-09-22 11:00:46.003472,2017-09-21 18:43:38.464425
order_000290,cust_00048,delivered,2018-03-13 09:44:20,2018-03-21 23:53:16.550534,2018-03-20 01:04:51.334981
order_000291,cust_02343,delivered,2017-05-25 15:20:52,2017-06-03 10:35:40.810849,2017-06-03 07:55:09.418296
order_000292,cust_00108,delivered,2018-05-31 00:48:46,2018-06-11 07:32:33.969350,2018-06-13 23:23:01.234757
order_000293,cust_02704,delivered,2017-06-29 17:38:30,2017-07-09 09:02:00.167963,2017-07-06 01:30:33.543328
order_000294,cust_01861,delivered,2017-10-22 01:37:05,2017-10-30 20:26:01.048661,2017-10-29 15:56:27.386349
order_000295,cust_01033,delivered,2017-10-09 17:04:52,2017-10-20 03:09:36.162067,2017-10-18 13:34:56.258866
order_000296,cust_02428,delivered,2018-04-04 03:33:00,2018-04-13 11:11:36.102864,2018-04-13 02:44:37.610145
order_000297,cust_02713,delivered,2017-08-26 20:36:08,2017-09-03 23:45:52.826565,2017-09-04 03:20:01.075790
order_000298,cust_01699,delivered,2017-06-03 07:06:25,2017-06-13 16:53:58.855064,2017-06-10 14:59:29.739131
order_000299,cust_02119,delivered,2017-01-12 04:24:39,2017-01-20 16:53:35.431977,2017-01-18 03:15:34.712215
order_000300,cust_02283,delivered,2017-07-16 08:04:51,2017-07-24 15:38:05.495612,2017-07-24 21:43:15.293616
order_000301,cust_01875,delivered,2018-03-23 00:01:11,2018-03-30 12:06:12.775519,2018-04-03 19:06:56.084969
order_000302,cust_00541,delivered,2017-01-06 03:57:46,2017-01-15 14:09:54.910783,2017-01-15 04:37:41.488631
order_000303,cust_02116,canceled,2018-04-29 14:21:52,2018-05-08 22:46:42.793425,
order_000304,cust_02669,delivered,2017-10-21 07:13:07,2017-10-29 13:13:59.204529,2017-11-03 21:46:23.406609
order_000305,cust_02168,delivered,2017-03-17 08:29:33,2017-03-25 02:24:45.959413,2017-03-23 16:19:34.613368
order_000306,cust_00866,delivered,2017-06-13 19:22:24,2017-06-21 00:35:55.519712,2017-06-21 02:43:24.155622
order_000307,cust_00794,delivered,2017-10-27 02:58:15,2017-11-05 15:35:25.433207,2017-11-02 12:04:39.093789
order_000308,cust_01319,delivered,2017-06-20 09:30:05,2017-06-26 23:14:45.567650,2017-06-29 01:12:05.579254
order_000309,cust_01945,delivered,2017-02-28 04:28:02,2017-03-08 18:07:09.841249,2017-03-05 11:08:41.776832
order_000310,cust_02223,delivered,2017-12-26 11:35:18,2018-01-05 09:02:07.938254,2018-01-02 10:42:29.044290
order_000311,cust_00279,delivered,2017-12-30 07:57:43,2018-01-07 20:46:01.257359,2018-01-08 05:23:05.293875
order_000312,cust_01384,delivered,2017-03-06 01:06:34,2017-03-16 19:18:41.109092,2017-03-12 19:20:47.636007
order_000313,cust_01347,delivered,2017-06-01 01:41:08,2017-06-09 04:58:53.284464,2017-06-10 00:29:05.194533
order_000314,cust_01855,delivered,2017-05-12 20:27:21,2017-05-22 15:11:08.506791,2017-05-19 02:28:19.972901
order_000315,cust_01948,delivered,2017-12-23 01:21:57,2018-01-01 16:04:48.467683,2017-12-29 21:57:23.169418
order_000316,cust_02106,delivered,2018-01-30 18:47:06,2018-02-08 02:13:07.779787,2018-02-06 01:24:23.227216
order_000317,cust_00715,delivered,2018-01-28 21:59:04,2018-02-08 06:22:13.906747,2018-02-03 22:54:51.031899
order_000318,cust_00627,delivered,2018-05-22 11:10:46,2018-05-29 05:42:32.641001,2018-05-28 03:49:46.786539
order_000319,cust_01734,delivered,2018-02-20 07:29:25,2018-02-27 15:22:50.349112,2018-02-28 14:32:40.426521
order_000320,cust_02707,delivered,2017-06-23 18:37:53,2017-07-03 18:43:57.432521,2017-06-28 10:45:35.594555
order_000321,cust_02332,delivered,2017-02-28 23:34:24,2017-03-08 19:31:39.422412,2017-03-05 23:40:01.076183
order_000322,cust_00808,delivered,2017-11-28 02:53:24,2017-12-07 11:41:14.680627,2017-12-01 21:20:41.735153
order_000323,cust_01340,delivered,2018-05-10 23:08:41,2018-05-21 09:21:49.728917,2018-05-13 21:20:31.938144
order_000324,cust_00327,delivered,2018-06-11 22:38:58,2018-06-22 03:08:03.606785,2018-06-19 02:16:39.312072
order_000325,cust_02714,delivered,2017-05-05 03:25:18,2017-05-13 18:31:17.866222,2017-05-14 11:23:48.093301
order_000326,cust_00659,delivered,2017-05-08 01:18:49,2017-05-17 11:50:45.537757,2017-05-15 07:59:02.780711
order_000327,cust_01193,delivered,2017-01-21 17:09:29,2017-01-31 21:24:42.996756,2017-02-02 19:49:18.413503
order_000328,cust_01814,delivered,2017-03-18 01:51:50,2017-03-27 04:12:16.771064,2017-03-24 20:20:06.468534
order_000329,cust_02550,delivered,2017-10-27 14:25:09,2017-11-06 01:38:25.302027,2017-11-03 02:42:36.092799
order_000330,cust_02011,delivered,2017-10-23 01:33:14,2017-11-02 08:12:56.611461,2017-10-31 00:33:49.481499
order_000331,cust_00209,delivered,2017-07-20 16:34:31,2017-07-30 04:23:00.333415,2017-07-28 22:12:30.069630
order_000332,cust_01527,delivered,2017-06-17 05:33:39,2017-06-25 20:06:01.403635,2017-06-29 13:00:36.567006
order_000333,cust_01709,delivered,2018-03-25 02:18:30,2018-04-01 07:25:42.184876,2018-04-02 20:55:17.109785
order_000334,cust_00515,delivered,2017-09-06 01:35:55,2017-09-14 05:44:14.765415,2017-09-11 22:14:07.095486
order_000335,cust_02875,delivered,2018-03-13 04:31:31,2018-03-22 15:59:02.645796,2018-03-21 00:08:01.190674
order_000336,cust_00141,delivered,2018-06-05 12:58:40,2018-06-12 13:40:05.953155,2018-06-16 02:44:08.120283
order_000337,cust_00600,delivered,2017-06-21 01:50:21,2017-06-30 17:07:33.943371,2017-07-01 21:37:57.527030
order_000338,cust_00931,delivered,2017-04-20 19:15:16,2017-04-30 21:15:03.003843,2017-04-25 02:44:10.125508
order_000339,cust_02106,delivered,2018-05-30 14:29:57,2018-06-08 19:19:08.031640,2018-06-07 05:42:57.402554
order_000340,cust_00524,delivered,2017-12-09 07:08:06,2017-12-17 10:04:49.661085,2017-12-20 06:55:46.811806
order_000341,cust_00719,delivered,2017-06-07 23:40:41,2017-06-18 04:15:30.530224,2017-06-15 08:05:23.821145
order_000342,cust_01908,delivered,2017-12-02 15:48:17,2017-12-10 18:26:56.410631,2017-12-13 12:19:54.624588
order_000343,cust_00156,delivered,2017-10-06 16:07:39,2017-10-14 06:43:01.860997,2017-10-10 21:02:39.359958
order_000344,cust_01204,delivered,2018-05-04 04:10:28,2018-05-14 23:27:27.749935,2018-05-09 17:35:59.676333
order_000345,cust_01098,delivered,2017-05-19 17:03:29,2017-05-28 01:11:31.918701,2017-05-26 01:07:02.467130
order_000346,cust_00532,delivered,2018-06-20 13:25:14,2018-06-29 18:25:21.303265,2018-06-26 22:41:00.045914
order_000347,cust_00989,delivered,2018-05-21 23:37:48,2018-05-28 18:34:44.859615,2018-05-29 03:58:32.061901
order_000348,cust_00412,delivered,2017-04-08 11:28:18,2017-04-15 14:22:43.109097,2017-04-15 20:41:06.630006
order_000349,cust_02783,delivered,2017-03-30 16:16:20,2017-04-09 21:32:56.839207,2017-04-08 14:58:30.567358
order_000350,cust_02958,delivered,2017-10-15 08:11:13,2017-10-24 09:11:17.920187,2017-10-22 18:14:04.636352
order_000351,cust_01807,delivered,2017-01-25 00:57:51,2017-02-02 04:44:46.686818,2017-01-31 22:18:35.996487
order_000352,cust_00246,delivered,2017-06-11 03:04:12,2017-06-18 18:40:15.295814,2017-06-19 08:52:26.617684
order_000353,cust_02075,delivered,2017-08-23 20:48:29,2017-09-01 20:44:18.013737,2017-08-29 07:33:23.334105
order_000354,cust_01308,delivered,2018-06-08 17:42:53,2018-06-16 19:38:05.876773,2018-06-15 17:35:50.721494
order_000355,cust_00095,delivered,2018-06-20 08:45:08,2018-06-28 01:26:00.446240,2018-06-27 03:13:10.026320
order_000356,cust_02501,delivered,2017-03-23 16:44:52,2017-04-01 03:02:07.700600,2017-03-30 23:25:47.510597
order_000357,cust_00265,delivered,2018-04-27 00:06:17,2018-05-06 17:03:37.542101,2018-05-07 06:13:45.088924
order_000358,cust_00495,delivered,2017-02-19 00:53:32,2017-02-28 21:45:19.480772,2017-02-27 18:27:54.480461
order_000359,cust_01362,delivered,2018-02-09 12:10:25,2018-02-18 08:27:51.716601,2018-02-15 12:23:32.942273
order_000360,cust_00267,delivered,2018-04-02 14:59:56,2018-04-10 09:04:33.006184,2018-04-12 03:33:03.043448
order_000361,cust_00038,delivered,2018-04-27 22:29:18,2018-05-06 06:07:30.722665,2018-05-06 01:49:23.619901
order_000362,cust_02173,delivered,2017-05-01 18:13:54,2017-05-10 14:03:02.511137,2017-05-09 08:32:03.375701
order_000363,cust_02945,delivered,2018-04-28 06:10:33,2018-05-08 03:42:47.550028,2018-05-07 04:01:00.163622
order_000364,cust_01584,delivered,2017-03-04 19:33:47,2017-03-14 18:34:02.511023,2017-03-17 07:59:56.366356
order_000365,cust_01785,delivered,2017-10-08 11:47:46,2017-10-18 03:29:32.432909,2017-10-18 07:37:19.703082
order_000366,cust_01983,delivered,2017-09-11 19:49:29,2017-09-22 20:47:01.903430,2017-09-17 22:42:56.232072
order_000367,cust_02639,delivered,2017-06-20 04:10:14,2017-06-28 08:19:38.390340,2017-06-28 05:44:30.066095
order_000368,cust_01513,delivered,2017-01-12 00:37:45,2017-01-20 01:20:11.793994,2017-01-17 01:53:43.592091
order_000369,cust_01586,delivered,2018-02-21 01:23:04,2018-03-01 22:59:30.824618,2018-03-01 13:07:35.918679
order_000370,cust_02771,delivered,2017-07-01 23:46:52,2017-07-10 03:58:26.928773,2017-07-09 04:45:45.982043
order_000371,cust_01218,delivered,2017-12-24 01:55:59,2018-01-03 17:03:34.850783,2018-01-02 11:27:12.698635
order_000372,cust_01343,delivered,2017-08-10 22:32:40,2017-08-20 14:13:55.942819,2017-08-16 19:27:53.618779
order_000373,cust_01500,delivered,2017-07-21 17:26:53,2017-07-31 12:07:06.425379,2017-07-30 21:12:22.633142
order_000374,cust_02369,delivered,2018-04-24 03:30:17,2018-05-03 12:23:21.887489,2018-04-29 17:10:50.205288
order_000375,cust_02543,delivered,2017-02-21 20:44:16,2017-03-02 14:46:07.081953,2017-02-26 08:04:20.997453
order_000376,cust_02398,delivered,2018-02-02 03:27:39,2018-02-10 23:08:55.729013,2018-02-10 13:03:50.077022
order_000377,cust_02970,delivered,2018-02-08 03:26:21,2018-02-17 05:50:14.576730,2018-02-16 02:16:39.187015
order_000378,cust_02692,delivered,2017-07-25 13:48:45,2017-08-02 05:11:14.013442,2017-07-31 19:39:37.256211
order_000379,cust_00176,delivered,2017-05-22 06:55:10,2017-05-31 16:37:00.425278,2017-05-30 06:05:18.665175
order_000380,cust_01232,delivered,2017-01-03 06:58:47,2017-01-12 21:21:28.284949,2017-01-09 01:31:32.230480
order_000381,cust_00543,delivered,2018-05-21 04:40:50,2018-05-27 13:45:39.101147,2018-05-27 23:36:21.342751
order_000382,cust_02545,delivered,2018-05-27 14:35:03,2018-06-04 09:31:19.699039,2018-06-04 17:17:33.386062
order_000383,cust_00860,delivered,2017-05-11 00:38:40,2017-05-20 16:03:30.585768,2017-05-19 11:03:17.976307
order_000384,cust_02365,delivered,2017-01-18 05:52:54,2017-01-27 19:37:40.950295,2017-01-26 08:58:49.955666
order_000385,cust_02900,delivered,2017-03-08 13:16:56,2017-03-17 12:34:45.533291,2017-03-14 11:51:31.662549
order_000386,cust_01259,delivered,2017-02-06 11:40:37,2017-02-16 03:26:31.735371,2017-02-10 22:12:32.228484
order_000387,cust_01737,shipped,2018-03-25 16:47:53,2018-04-05 06:28:39.116144,
order_000388,cust_01784,delivered,2018-04-27 05:11:23,2018-05-06 10:40:52.235143,2018-05-07 03:13:36.230280
order_000389,cust_02094,delivered,2017-03-24 15:32:56,2017-04-03 20:24:31.116919,2017-03-27 13:30:55.201051
order_000390,cust_00930,shipped,2018-02-08 18:14:19,2018-02-18 06:55:10.780996,
order_000391,cust_01571,delivered,2017-04-07 09:18:47,2017-04-17 08:13:16.660166,2017-04-12 03:12:21.393982
order_000392,cust_01939,delivered,2017-07-18 06:09:48,2017-07-29 12:12:32.803697,2017-07-26 08:43:36.287746
order_000393,cust_02692,delivered,2017-11-20 13:19:12,2017-11-29 19:49:40.768047,2017-11-26 18:30:34.579738
order_000394,cust_00069,delivered,2018-01-24 13:53:33,2018-02-05 11:27:49.373012,2018-01-29 00:42:40.839536
order_000395,cust_00877,delivered,2018-04-18 02:15:30,2018-04-26 08:08:02.261531,2018-04-25 03:06:52.491863
order_000396,cust_01602,delivered,2017-01-25 13:33:45,2017-02-05 23:24:37.899831,2017-02-03 03:05:14.346118
order_000397,cust_01498,delivered,2017-04-17 03:42:11,2017-04-26 16:43:18.017991,2017-04-25 01:03:21.883158
order_000398,cust_00598,delivered,2017-06-01 13:39:06,2017-06-09 08:00:27.832804,2017-06-06 01:03:30.410858
order_000399,cust_01646,delivered,2017-06-17 22:21:47,2017-06-26 02:38:22.883847,2017-06-26 12:14:08.287760
order_000400,cust_01671,delivered,2018-06-23 12:53:23,2018-07-04 20:57:13.050421,2018-07-03 21:11:23.313681
order_000401,cust_01120,delivered,2018-02-24 18:16:34,2018-03-05 06:24:32.435049,2018-03-09 12:00:21.175176
order_000402,cust_01070,canceled,2017-06-23 07:25:58,2017-07-02 18:06:46.566883,
order_000403,cust_01473,delivered,2018-06-09 22:08:44,2018-06-19 22:54:49.931640,2018-06-21 10:56:40.479378
order_000404,cust_00496,delivered,2017-09-27 19:30:22,2017-10-04 22:18:22.426134,2017-10-01 00:11:49.030526
order_000405,cust_00543,delivered,2017-09-28 22:00:01,2017-10-07 19:04:26.393440,2017-10-03 10:55:03.394163
order_000406,cust_02814,delivered,2017-08-23 17:47:53,2017-09-02 17:52:04.412677,2017-08-31 02:10:54.478496
order_000407,cust_00387,delivered,2017-03-19 15:35:07,2017-03-28 16:03:56.460349,2017-03-27 20:28:08.464804
order_000408,cust_00615,canceled,2018-05-20 12:36:00,2018-05-30 10:04:41.752541,
order_000409,cust_01413,delivered,2017-01-08 22:16:39,2017-01-18 08:51:07.351550,2017-01-17 14:30:48.147627
order_000410,cust_02280,delivered,2017-04-05 20:21:23,2017-04-14 22:29:26.281606,2017-04-10 20:47:16.249262
order_000411,cust_00893,delivered,2017-05-05 10:00:03,2017-05-13 23:40:23.528042,2017-05-11 17:48:46.216517
order_000412,cust_02400,delivered,2017-05-31 02:03:20,2017-06-09 15:00:33.062291,2017-06-06 16:58:37.956188
order_000413,cust_01639,delivered,2017-03-13 00:05:12,2017-03-21 16:30:51.071892,2017-03-19 23:29:07.859744
order_000414,cust_02594,delivered,2017-01-10 05:36:12,2017-01-19 07:32:57.457533,2017-01-17 11:02:41.977226
order_000415,cust_01465,delivered,2018-01-01 01:30:06,2018-01-09 13:47:26.009212,2018-01-08 09:49:32.657525
order_000416,cust_01327,delivered,2018-06-08 05:04:33,2018-06-17 16:26:09.566568,2018-06-14 06:05:32.574738
order_000417,cust_00380,delivered,2017-03-07 02:37:39,2017-03-18 01:42:08.437573,2017-04-04 20:10:57.790101
order_000418,cust_02206,delivered,2017-06-10 23:32:42,2017-06-19 22:08:38.897209,2017-06-19 08:03:08.770782
order_000419,cust_01251,delivered,2017-10-01 02:17:18,2017-10-10 08:35:08.360916,2017-10-08 03:07:23.454635
order_000420,cust_00006,delivered,2018-05-16 15:02:43,2018-05-26 09:14:44.805778,2018-05-24 11:32:33.233642
order_000421,cust_02494,delivered,2018-01-10 08:26:27,2018-01-19 07:20:37.347339,2018-01-17 16:54:17.735495
order_000422,cust_00844,delivered,2018-02-18 04:10:52,2018-02-26 18:58:24.126520,2018-02-26 12:42:23.163119
order_000423,cust_01044,delivered,2017-11-10 16:49:49,2017-11-22 03:54:20.562172,2017-11-19 18:37:22.442658
order_000424,cust_02689,delivered,2017-08-14 23:17:35,2017-08-23 17:30:57.824842,2017-08-23 13:59:25.713458
order_000425,cust_02597,delivered,2017-04-18 18:58:32,2017-04-27 15:51:43.758357,2017-04-25 13:38:24.491203
order_000426,cust_02080,delivered,2018-04-12 23:24:20,2018-04-22 21:20:55.876506,2018-04-19 23:25:02.978633
order_000427,cust_00311,delivered,2018-03-11 14:09:54,2018-03-21 06:52:40.374197,2018-03-17 08:01:32.575853
order_000428,cust_00825,delivered,2017-01-14 16:09:56,2017-01-22 15:47:47.296394,2017-01-23 10:30:41.503830
order_000429,cust_00940,delivered,2018-01-22 03:30:52,2018-01-31 13:07:26.076164,2018-02-04 16:00:09.115924
order_000430,cust_01357,delivered,2017-02-15 20:27:28,2017-02-24 14:35:45.955021,2017-02-21 02:28:59.982344
order_000431,cust_00199,delivered,2018-02-04 17:56:58,2018-02-14 06:20:06.972996,2018-02-10 20:39:19.906385
order_000432,cust_00917,delivered,2018-03-23 06:05:47,2018-03-31 13:12:31.481384,2018-03-27 19:47:49.682851
order_000433,cust_02951,delivered,2017-03-12 08:30:54,2017-03-22 09:47:28.585066,2017-03-20 07:41:08.051869
order_000434,cust_00915,delivered,2017-08-23 14:39:40,2017-08-31 08:43:12.677004,2017-08-30 15:22:47.841983
order_000435,cust_02769,delivered,2017-03-08 00:18:42,2017-03-15 15:09:23.839839,2017-03-11 16:43:27.578911
order_000436,cust_00749,delivered,2017-11-03 19:37:47,2017-11-11 16:41:36.791967,2017-11-11 08:32:54.159115
order_000437,cust_01564,delivered,2018-05-16 06:44:02,2018-05-23 12:32:24.694976,2018-05-23 11:27:53.513366
order_000438,cust_01421,canceled,2017-02-13 01:47:58,2017-02-22 20:26:54.825936,
order_000439,cust_02965,shipped,2017-08-03 07:56:03,2017-08-10 14:39:55.081749,
order_000440,cust_00694,delivered,2018-06-10 20:03:30,2018-06-18 23:10:53.204131,2018-06-19 02:38:48.858554
order_000441,cust_02022,delivered,2017-06-12 06:34:54,2017-06-22 01:46:59.931615,2017-06-18 17:22:49.008394
order_000442,cust_00058,delivered,2017-03-13 12:56:26,2017-03-20 16:40:07.616018,2017-03-21 17:32:49.505276
order_000443,cust_00065,delivered,2017-09-21 19:29:05,2017-09-30 14:46:13.541139,2017-10-02 18:09:30.464113
order_000444,cust_01940,delivered,2017-10-02 00:48:32,2017-10-11 07:36:11.746632,2017-10-10 14:02:23.036411
order_000445,cust_00602,delivered,2017-12-24 18:14:17,2018-01-02 06:55:20.175742,2018-01-01 12:22:21.412864
order_000446,cust_01414,delivered,2017-06-19 06:55:43,2017-06-28 16:58:46.584453,2017-07-06 06:09:20.363503
order_000447,cust_00893,delivered,2018-06-01 16:41:35,2018-06-11 13:57:29.836870,2018-06-06 22:05:14.927871
order_000448,cust_00893,delivered,2017-10-09 04:30:51,2017-10-18 17:10:48.426509,2017-10-16 20:42:20.564654
order_000449,cust_00685,delivered,2017-06-04 03:20:10,2017-06-10 17:24:33.894817,2017-06-14 04:39:38.688052
order_000450,cust_02370,delivered,2018-06-03 18:55:08,2018-06-12 14:55:32.226739,2018-06-10 10:42:16.773426
order_000451,cust_00287,delivered,2018-05-15 19:23:16,2018-05-24 19:34:02.241451,2018-06-15 09:25:30.850912
order_000452,cust_00707,delivered,2017-09-27 23:33:06,2017-10-08 08:44:47.096348,2017-10-02 12:39:53.669850
order_000453,cust_00155,delivered,2017-01-14 16:15:08,2017-01-23 11:23:44.635158,2017-01-24 07:11:20.596431
order_000454,cust_02436,delivered,2017-11-19 11:10:51,2017-11-29 03:18:11.687513,2017-11-27 20:19:08.269710
order_000455,cust_01547,delivered,2017-10-27 04:40:33,2017-11-03 19:04:24.163162,2017-11-04 09:33:13.925035
order_000456,cust_02097,delivered,2017-03-22 07:05:06,2017-03-30 20:41:45.006157,2017-03-30 05:52:02.681469
order_000457,cust_02719,delivered,2017-12-09 15:33:15,2017-12-18 07:20:48.628068,2017-12-13 18:23:54.007215
order_000458,cust_01033,delivered,2018-03-31 08:18:23,2018-04-10 03:59:47.774374,2018-04-08 06:15:12.706464
order_000459,cust_02454,delivered,2017-02-27 11:36:15,2017-03-08 05:49:09.537764,2017-03-04 18:44:46.771619
order_000460,cust_00612,delivered,2018-01-26 04:02:00,2018-02-04 00:09:35.119955,2018-01-31 01:12:05.762001
order_000461,cust_01008,delivered,2017-03-17 10:32:39,2017-03-26 09:41:46.094682,2017-03-29 17:20:46.171667
order_000462,cust_01269,delivered,2018-02-09 05:42:40,2018-02-18 18:40:56.105500,2018-02-15 23:36:55.130499
order_000463,cust_00763,delivered,2017-08-15 02:41:27,2017-08-22 17:40:43.354745,2017-08-22 17:27:33.435837
order_000464,cust_02564,delivered,2017-01-04 03:10:00,2017-01-12 08:09:56.425448,2017-01-13 18:54:25.562131
order_000465,cust_02192,delivered,2018-06-06 12:26:21,2018-06-15 02:26:25.841858,2018-06-13 09:08:19.065282
order_000466,cust_00583,delivered,2017-03-31 08:47:38,2017-04-10 23:01:08.466599,2017-04-07 10:21:38.512330
order_000467,cust_00519,delivered,2017-11-18 02:23:54,2017-11-26 02:57:55.339088,2017-12-05 00:19:19.078659
order_000468,cust_02016,delivered,2017-04-08 12:20:35,2017-04-17 16:13:52.901772,2017-04-14 13:17:24.079543
order_000469,cust_01533,delivered,2018-05-19 03:56:31,2018-05-28 23:00:39.231649,2018-05-28 05:34:04.771757
order_000470,cust_02161,delivered,2018-02-03 00:22:14,2018-02-11 11:30:52.347766,2018-02-13 01:25:48.073058
order_000471,cust_02976,delivered,2018-03-11 03:10:52,2018-03-21 22:15:49.025840,2018-03-19 03:25:48.925729
order_000472,cust_02271,delivered,2017-08-22 10:45:52,2017-09-01 11:50:37.520229,2017-08-30 09:06:47.348114
order_000473,cust_02093,delivered,2017-09-10 22:53:54,2017-09-21 16:03:52.213670,2017-09-18 18:17:54.198746
order_000474,cust_01190,delivered,2017-12-09 05:48:00,2017-12-18 23:00:05.731866,2017-12-23 04:26:52.688243
order_000475,cust_01355,delivered,2018-02-28 06:50:12,2018-03-10 14:54:30.578969,2018-03-07 15:49:56.477332
order_000476,cust_00010,delivered,2018-04-03 05:49:25,2018-04-12 12:53:07.668179,2018-04-10 02:15:21.822494
order_000477,cust_02959,delivered,2017-01-10 08:31:29,2017-01-20 07:44:35.855756,2017-01-19 20:19:42.314127
order_000478,cust_02604,delivered,2017-12-25 17:12:57,2018-01-04 20:13:20.133271,2018-01-04 07:26:26.114389
order_000479,cust_02368,delivered,2017-02-28 07:43:47,2017-03-08 23:56:00.547920,2017-03-08 04:52:47.854095
order_000480,cust_02523,delivered,2017-06-05 15:46:53,2017-06-15 07:47:54.307467,2017-06-11 16:43:04.123858
order_000481,cust_00343,delivered,2018-03-24 21:33:28,2018-03-31 21:00:40.186313,2018-04-01 04:11:42.166199
order_000482,cust_02388,delivered,2017-05-16 22:42:30,2017-05-26 09:42:25.496828,2017-05-24 12:02:51.448750
order_000483,cust_01394,delivered,2018-03-07 13:30:40,2018-03-17 23:48:59.524105,2018-03-11 09:02:29.036690
order_000484,cust_02358,delivered,2017-09-08 17:07:03,2017-09-17 11:57:18.903336,2017-09-18 03:49:08.657804
order_000485,cust_00305,delivered,2017-05-06 22:03:35,2017-05-16 17:01:18.146355,2017-05-16 05:41:22.402247
order_000486,cust_01879,delivered,2017-06-30 18:52:50,2017-07-10 19:06:21.842129,2017-07-05 11:04:59.740851
order_000487,cust_01065,delivered,2017-10-14 07:11:53,2017-10-24 08:33:51.905900,2017-10-21 01:06:42.450750
order_000488,cust_02281,delivered,2018-02-18 03:10:07,2018-02-27 21:42:23.236779,2018-02-26 19:14:21.178094
order_000489,cust_02320,delivered,2017-11-24 02:45:21,2017-12-03 04:12:51.104436,2017-11-29 14:01:39.981683
order_000490,cust_01553,delivered,2018-05-19 21:10:09,2018-05-29 23:22:28.341696,2018-05-29 01:07:07.136184
order_000491,cust_02140,delivered,2018-04-14 13:20:57,2018-04-21 19:42:54.167793,2018-04-22 21:23:18.823918
order_000492,cust_02919,delivered,2018-02-11 07:06:44,2018-02-20 04:04:47.618239,2018-02-26 21:46:31.408509
order_000493,cust_02659,delivered,2017-11-22 08:17:34,2017-12-02 09:35:20.346501,2017-11-29 02:48:13.207685
order_000494,cust_00181,delivered,2017-06-06 06:45:37,2017-06-16 03:06:23.419900,2017-06-11 18:27:15.837360
order_000495,cust_02060,delivered,2017-08-11 19:14:44,2017-08-21 02:53:52.038668,2017-08-19 05:34:46.135540
order_000496,cust_02032,delivered,2017-03-06 14:41:52,2017-03-17 00:13:33.697268,2017-03-13 05:17:12.318052
order_000497,cust_00307,delivered,2017-07-22 21:06:22,2017-07-29 10:24:53.735871,2017-07-29 10:49:41.775147
order_000498,cust_01106,delivered,2018-05-16 07:14:33,2018-05-24 00:35:39.858845,2018-05-22 06:33:09.732567
order_000499,cust_02936,delivered,2017-08-18 11:20:30,2017-08-27 02:23:51.211535,2017-08-26 22:00:53.070123
order_000500,cust_01836,delivered,2017-03-03 02:55:17,2017-03-11 12:24:07.304990,2017-03-09 10:17:13.046075
order_000501,cust_00538,delivered,2017-12-19 23:18:45,2017-12-28 08:01:04.965959,2017-12-28 02:19:25.900375
order_000502,cust_02889,delivered,2018-06-04 12:17:05,2018-06-13 10:41:00.120792,2018-06-10 11:59:36.526506
order_000503,cust_01200,delivered,2018-04-14 13:16:20,2018-04-24 08:16:06.306056,2018-04-21 15:51:41.528194
order_000504,cust_00996,delivered,2017-05-29 09:55:40,2017-06-06 06:57:29.549529,2017-06-05 16:44:54.522494
order_000505,cust_01827,delivered,2017-09-03 06:30:07,2017-09-12 10:05:58.644895,2017-09-14 11:11:09.626283
order_000506,cust_02395,delivered,2017-10-14 22:45:42,2017-10-23 23:37:49.850265,2017-10-28 23:46:34.071487
order_000507,cust_00704,delivered,2017-05-14 11:44:07,2017-05-24 04:05:29.117175,2017-05-25 11:30:32.094939
order_000508,cust_01565,delivered,2017-05-26 16:11:40,2017-06-05 14:16:27.036256,2017-06-01 22:41:33.120435
order_000509,cust_01133,delivered,2017-05-08 00:53:43,2017-05-16 13:07:33.510516,2017-05-15 06:47:51.826350
order_000510,cust_00220,delivered,2018-06-22 06:37:20,2018-07-02 07:09:28.879587,2018-07-01 10:08:34.838748
order_000511,cust_01346,delivered,2018-02-07 19:17:45,2018-02-16 20:50:13.009417,2018-02-12 05:30:10.032578
order_000512,cust_00142,delivered,2018-03-31 02:06:28,2018-04-08 12:46:26.994229,2018-04-10 06:41:39.393428
order_000513,cust_00665,delivered,2018-03-17 02:26:03,2018-03-26 08:11:29.451082,2018-03-24 11:09:12.546850
order_000514,cust_00945,delivered,2018-06-02 19:26:10,2018-06-13 19:21:47.977595,2018-06-10 17:05:20.602775
order_000515,cust_01532,delivered,2017-02-26 07:24:35,2017-03-06 17:18:39.236606,2017-03-05 12:49:13.775141
order_000516,cust_02755,delivered,2018-04-22 06:34:23,2018-04-30 13:35:23.125953,2018-05-01 23:00:48.438380
order_000517,cust_01837,delivered,2017-02-05 13:34:03,2017-02-14 18:26:13.847805,2017-02-11 20:12:50.683465
order_000518,cust_01955,delivered,2017-09-14 04:40:41,2017-09-23 13:06:59.601932,2017-09-22 04:07:25.113129
order_000519,cust_01062,delivered,2017-11-17 01:01:53,2017-11-24 17:31:07.669224,2017-11-27 16:13:03.490584
order_000520,cust_01437,delivered,2017-07-13 00:06:24,2017-07-22 17:15:05.163369,2017-07-19 07:08:24.248478
order_000521,cust_01030,delivered,2017-03-20 01:54:12,2017-03-28 16:45:21.116318,2017-03-26 01:30:32.225685
order_000522,cust_00106,delivered,2017-04-14 03:48:17,2017-04-22 09:13:31.913824,2017-04-20 18:27:58.855839
order_000523,cust_00026,delivered,2018-03-22 16:42:24,2018-03-31 07:44:23.885010,2018-03-29 10:45:44.115791
order_000524,cust_02538,delivered,2017-06-22 07:09:02,2017-06-30 09:50:41.821245,2017-06-29 02:35:05.804563
order_000525,cust_01751,delivered,2017-06-17 01:43:21,2017-06-26 05:40:32.572125,2017-06-24 22:51:35.672633
order_000526,cust_01832,delivered,2018-05-14 00:20:46,2018-05-23 12:08:53.043806,2018-05-20 12:41:39.535049
order_000527,cust_01525,delivered,2017-03-19 11:26:59,2017-03-28 13:13:15.044716,2017-03-27 21:14:12.823510
order_000528,cust_01130,delivered,2018-05-10 20:09:47,2018-05-17 05:02:23.477985,2018-05-17 23:43:34.966449
order_000529,cust_02022,delivered,2018-05-13 08:07:43,2018-05-19 23:35:39.561381,2018-05-24 18:03:49.391073
order_000530,cust_00411,delivered,2017-11-20 01:31:56,2017-11-29 01:12:53.011099,2017-11-27 23:54:31.831306
order_000531,cust_01387,delivered,2017-03-31 05:28:26,2017-04-07 16:46:20.460613,2017-04-08 04:36:23.700552
order_000532,cust_02635,delivered,2017-03-26 11:59:05,2017-04-05 04:06:02.559262,2017-04-03 01:13:42.858035
order_000533,cust_02875,delivered,2017-06-03 04:31:50,2017-06-13 17:50:24.800647,2017-06-10 09:39:22.143678
order_000534,cust_00231,delivered,2017-11-08 23:29:00,2017-11-19 09:39:17.948376,2017-11-24 05:20:32.710487
order_000535,cust_02094,delivered,2017-03-24 18:19:18,2017-04-02 00:30:23.183436,2017-04-01 22:28:49.915233
order_000536,cust_01722,delivered,2017-09-04 08:16:11,2017-09-13 04:42:23.013290,2017-09-11 16:50:41.804766
order_000537,cust_01682,delivered,2017-03-04 22:50:13,2017-03-15 05:59:06.932549,2017-03-13 16:48:49.328196
order_000538,cust_00566,delivered,2017-10-19 07:48:01,2017-10-31 08:30:59.036799,2017-10-24 17:05:26.772451
order_000539,cust_02885,delivered,2017-01-12 03:21:51,2017-01-20 17:57:37.467723,2017-01-20 17:46:09.838604
order_000540,cust_00139,delivered,2018-01-18 22:31:07,2018-01-29 00:35:57.431881,2018-01-26 05:06:31.881464
order_000541,cust_02208,delivered,2017-01-30 23:01:56,2017-02-10 04:20:12.064097,2017-02-05 23:42:40.788434
order_000542,cust_02768,delivered,2017-04-16 07:30:13,2017-04-26 19:48:11.569792,2017-04-26 13:11:28.899614
order_000543,cust_01894,delivered,2017-04-05 14:16:27,2017-04-15 11:23:52.857183,2017-04-13 18:36:04.346284
order_000544,cust_01489,delivered,2018-03-25 04:09:32,2018-04-02 16:03:46.822637,2018-04-03 10:52:18.566461
order_000545,cust_00755,delivered,2017-01-29 15:23:59,2017-02-07 09:34:37.290384,2017-02-07 17:31:18.530713
order_000546,cust_02515,delivered,2017-08-20 16:33:46,2017-08-31 19:44:17.113489,2017-08-27 02:55:59.648956
order_000547,cust_01117,delivered,2017-11-16 17:02:17,2017-11-25 05:54:26.181215,2017-11-23 20:44:58.245813
order_000548,cust_02962,delivered,2017-10-06 13:38:58,2017-10-14 08:46:24.949574,2017-10-13 16:00:49.327479
order_000549,cust_00521,delivered,2018-01-03 16:53:55,2018-01-12 23:04:23.639064,2018-01-10 08:07:02.610609
order_000550,cust_01619,delivered,2018-03-10 13:19:16,2018-03-19 14:36:49.587576,2018-03-16 19:55:30.531327
order_000551,cust_01286,delivered,2017-08-01 19:40:31,2017-08-10 13:05:54.612492,2017-08-09 07:33:16.938346
order_000552,cust_02017,delivered,2018-03-24 04:18:36,2018-04-01 17:43:39.409316,2018-04-01 07:33:00.626909
order_000553,cust_00869,delivered,2017-06-21 11:36:11,2017-06-29 07:54:44.084819,2017-06-27 20:09:04.418186
order_000554,cust_02324,delivered,2018-06-16 09:59:36,2018-06-27 14:26:02.232972,2018-07-01 04:16:46.129242
order_000555,cust_02672,delivered,2017-09-30 12:48:02,2017-10-07 13:36:06.073050,2017-10-10 20:52:25.690630
order_000556,cust_02084,delivered,2018-02-02 03:24:35,2018-02-10 20:08:57.478166,2018-02-12 11:39:37.335758
order_000557,cust_01460,delivered,2018-04-18 07:46:18,2018-04-27 20:23:39.064506,2018-04-25 10:01:22.330303
order_000558,cust_01669,delivered,2018-03-05 22:53:57,2018-03-16 02:33:15.071287,2018-03-11 17:48:05.409731
order_000559,cust_02311,delivered,2018-04-05 02:31:34,2018-04-15 06:18:37.133848,2018-04-16 02:39:30.540686
order_000560,cust_00725,delivered,2017-10-17 15:14:50,2017-10-25 22:59:25.937395,2017-10-30 23:42:38.476202
order_000561,cust_01150,delivered,2017-01-24 15:57:04,2017-02-02 09:48:39.211702,2017-02-01 03:52:04.156335
order_000562,cust_02110,delivered,2017-09-24 11:23:18,2017-10-01 20:17:07.965828,2017-10-03 18:57:39.885878
order_000563,cust_01295,delivered,2017-04-09 00:48:23,2017-04-18 19:58:25.432155,2017-04-15 11:16:21.804474
order_000564,cust_00100,delivered,2018-04-26 00:49:28,2018-05-03 22:20:49.207514,2018-05-02 11:30:52.673529
order_000565,cust_02426,delivered,2017-05-08 06:36:54,2017-05-19 15:37:04.207838,2017-05-12 22:09:46.148368
order_000566,cust_02012,delivered,2017-05-04 02:27:37,2017-05-13 04:25:57.728019,2017-05-10 14:18:23.553912
order_000567,cust_00570,delivered,2017-05-15 02:15:41,2017-05-24 08:56:34.627451,2017-05-23 21:24:46.230918
order_000568,cust_00977,delivered,2017-12-13 03:50:34,2017-12-21 19:38:00.794974,2017-12-20 15:23:05.668643
order_000569,cust_01036,delivered,2017-11-05 04:34:38,2017-11-14 21:34:22.381022,2017-11-11 23:00:31.386010
order_000570,cust_00094,delivered,2018-05-28 20:07:24,2018-06-05 08:41:20.465461,2018-06-03 05:19:43.390840
order_000571,cust_02736,delivered,2017-08-13 15:19:46,2017-08-23 17:18:55.239305,2017-08-20 17:41:59.270653
order_000572,cust_02248,delivered,2017-06-02 00:43:47,2017-06-11 12:48:41.456023,2017-06-11 06:38:54.606606
order_000573,cust_00153,delivered,2017-01-27 15:05:00,2017-02-05 00:29:05.681545,2017-02-03 20:10:30.276571
order_000574,cust_02106,delivered,2017-01-04 03:16:51,2017-01-14 05:09:46.706283,2017-01-11 09:51:32.689487
order_000575,cust_02484,delivered,2017-07-21 10:06:19,2017-07-31 11:29:25.032014,2017-07-25 22:24:55.497498
order_000576,cust_02887,delivered,2018-05-15 00:54:47,2018-05-23 04:48:44.228768,2018-05-23 12:54:37.859483
order_000577,cust_02696,delivered,2017-10-10 02:09:50,2017-10-18 05:01:01.613611,2017-10-19 19:44:51.052085
order_000578,cust_01050,delivered,2018-04-28 03:10:56,2018-05-07 00:07:19.269138,2018-05-08 12:09:16.147570
order_000579,cust_00286,delivered,2017-02-24 10:24:03,2017-03-06 03:21:20.509546,2017-03-01 13:11:12.417136
order_000580,cust_02000,delivered,2017-02-20 11:06:50,2017-03-01 05:17:02.082516,2017-03-01 18:34:43.127889
order_000581,cust_02573,delivered,2018-03-27 08:27:57,2018-04-03 13:40:15.804652,2018-04-03 09:04:12.746021
order_000582,cust_01273,delivered,2017-02-27 14:53:02,2017-03-08 10:51:43.534019,2017-03-09 03:49:43.141849
order_000583,cust_01865,delivered,2017-01-29 17:17:27,2017-02-08 04:00:03.066015,2017-02-07 18:37:07.795330
order_000584,cust_01558,delivered,2017-08-07 17:29:22,2017-08-16 21:37:45.662956,2017-08-16 00:14:15.606556
order_000585,cust_00668,delivered,2018-05-15 13:53:47,2018-05-25 01:31:04.118430,2018-05-22 13:09:40.337336
order_000586,cust_02869,delivered,2018-01-08 13:05:36,2018-01-18 06:35:26.802938,2018-01-16 17:28:38.932118
order_000587,cust_00169,delivered,2017-02-23 11:47:51,2017-03-04 01:54:48.066487,2017-03-08 21:41:22.490652
order_000588,cust_00952,delivered,2018-03-29 05:42:37,2018-04-08 13:42:18.247363,2018-04-05 19:23:33.928802
order_000589,cust_00800,delivered,2018-04-01 11:41:15,2018-04-11 16:53:10.575640,2018-04-11 12:01:44.262931
order_000590,cust_02001,delivered,2018-03-09 00:14:32,2018-03-17 08:39:01.587645,2018-03-15 12:57:55.087022
order_000591,cust_00631,delivered,2018-05-03 23:11:28,2018-05-12 17:24:48.103644,2018-05-12 21:09:15.424013
order_000592,cust_01905,delivered,2017-05-10 08:52:56,2017-05-19 02:04:10.554811,2017-05-21 13:23:47.923630
order_000593,cust_02399,delivered,2018-06-13 18:09:03,2018-06-21 02:34:10.233174,2018-06-19 09:14:43.663202
order_000594,cust_02855,delivered,2017-06-23 22:57:39,2017-07-03 23:50:50.910646,2017-07-07 04:24:19.885056
order_000595,cust_00010,delivered,2018-03-10 11:55:39,2018-03-18 19:49:47.849720,2018-03-23 15:11:19.309586
order_000596,cust_00774,shipped,2017-11-09 20:41:01,2017-11-19 06:55:22.507457,
order_000597,cust_00099,delivered,2018-02-25 11:30:04,2018-03-06 09:18:01.536251,2018-03-06 01:54:16.630143
order_000598,cust_01853,delivered,2017-12-06 03:10:29,2017-12-13 16:35:06.439997,2017-12-12 03:02:00.192312
order_000599,cust_01727,delivered,2017-12-13 00:38:07,2017-12-22 10:49:10.935836,2017-12-21 02:24:02.023349
order_000600,cust_02254,delivered,2017-11-29 03:15:17,2017-12-07 18:44:38.781033,2017-12-04 07:29:30.557604
order_000601,cust_02661,delivered,2018-02-25 22:37:12,2018-03-05 21:49:29.517589,2018-03-06 17:06:16.775917
order_000602,cust_01294,delivered,2018-02-04 11:24:09,2018-02-14 06:57:12.903576,2018-02-12 12:17:47.668207
order_000603,cust_00134,delivered,2017-03-14 07:39:36,2017-03-23 11:11:16.748891,2017-03-21 05:52:38.958159
order_000604,cust_00759,delivered,2018-03-23 10:42:19,2018-03-31 21:11:27.358160,2018-03-27 14:32:58.685503
order_000605,cust_02943,delivered,2017-10-17 06:08:33,2017-10-25 12:34:42.297689,2017-10-25 22:38:39.932264
order_000606,cust_00700,delivered,2017-06-24 20:53:35,2017-07-04 13:21:59.291198,2017-07-05 19:14:26.101073
order_000607,cust_00505,delivered,2017-10-05 23:59:08,2017-10-13 13:00:07.268357,2017-10-12 10:46:20.250271
order_000608,cust_02457,delivered,2018-06-07 02:02:16,2018-06-14 20:57:42.063808,2018-06-11 05:02:08.879732
order_000609,cust_00750,delivered,2018-04-09 17:14:54,2018-04-17 08:37:32.506391,2018-04-16 05:53:26.692743
order_000610,cust_00162,delivered,2018-03-27 08:03:15,2018-04-06 10:09:57.661466,2018-04-07 01:04:57.848188
order_000611,cust_02712,delivered,2017-09-07 01:08:12,2017-09-14 22:23:55.609375,2017-09-14 14:33:19.066651
order_000612,cust_01020,delivered,2018-02-28 22:07:58,2018-03-08 17:25:05.617355,2018-03-07 18:55:13.113354
order_000613,cust_00363,delivered,2017-07-27 01:29:06,2017-08-04 22:10:07.604624,2017-08-02 01:51:14.885793
order_000614,cust_01673,delivered,2018-01-06 04:56:29,2018-01-15 06:15:24.571889,2018-01-18 00:41:29.349459
order_000615,cust_02856,delivered,2017-12-12 00:36:43,2017-12-19 07:10:43.488477,2017-12-18 07:59:40.806511
order_000616,cust_01487,delivered,2017-05-15 11:18:38,2017-05-24 10:39:14.053660,2017-05-23 15:16:18.609489
order_000617,cust_02387,delivered,2017-05-24 14:23:27,2017-06-03 06:21:21.813089,2017-05-31 21:57:50.871646
order_000618,cust_01170,delivered,2017-02-03 07:41:46,2017-02-13 20:22:28.214127,2017-02-10 05:15:41.082110
order_000619,cust_02093,delivered,2017-03-17 01:43:03,2017-03-26 09:44:53.070006,2017-03-25 22:48:51.701376
order_000620,cust_01763,delivered,2017-08-23 02:47:15,2017-08-30 12:08:48.166603,2017-08-29 14:56:32.880894
order_000621,cust_02842,delivered,2017-09-16 22:24:04,2017-09-26 21:07:32.121104,2017-09-24 04:53:42.134482
order_000622,cust_02610,delivered,2017-03-31 19:20:31,2017-04-09 19:32:49.719427,2017-04-08 03:45:08.975121
order_000623,cust_00169,delivered,2017-08-14 22:29:08,2017-08-24 23:15:46.745827,2017-08-22 20:17:41.079827
order_000624,cust_02535,delivered,2017-11-23 12:44:21,2017-12-01 02:37:33.962981,2017-12-02 20:13:33.045764
order_000625,cust_00984,delivered,2017-05-06 13:06:19,2017-05-16 15:09:28.210423,2017-05-18 06:39:23.091043
order_000626,cust_00684,delivered,2017-07-02 18:51:50,2017-07-11 06:49:05.365154,2017-07-10 00:20:21.925972
order_000627,cust_01870,delivered,2017-07-18 14:47:57,2017-07-27 06:42:27.565047,2017-08-12 09:26:58.892306
order_000628,cust_01696,delivered,2017-09-30 10:28:28,2017-10-09 16:19:14.693713,2017-10-05 20:03:30.514891
order_000629,cust_01157,delivered,2017-07-17 07:00:19,2017-07-28 17:06:37.463935,2017-07-24 16:25:03.264098
order_000630,cust_02593,delivered,2018-02-02 11:39:07,2018-02-10 22:44:02.929256,2018-02-08 10:56:49.392945
order_000631,cust_01428,delivered,2017-06-26 01:32:07,2017-07-05 14:06:37.559608,2017-07-05 09:42:57.555016
order_000632,cust_01500,delivered,2017-08-23 04:37:07,2017-08-31 09:01:42.152325,2017-08-29 05:16:50.252320
order_000633,cust_00668,delivered,2017-07-24 17:41:56,2017-08-01 08:37:10.730005,2017-07-31 23:18:30.929025
order_000634,cust_00651,delivered,2017-04-09 20:49:59,2017-04-19 00:39:13.027827,2017-04-19 07:39:19.300144
order_000635,cust_00936,delivered,2018-01-06 02:26:34,2018-01-13 07:33:57.984396,2018-01-14 09:14:53.795278
order_000636,cust_01496,delivered,2017-05-08 02:19:32,2017-05-17 09:39:29.879157,2017-05-14 11:56:30.953366
order_000637,cust_01336,delivered,2017-06-10 02:03:12,2017-06-19 08:50:13.719476,2017-06-17 23:01:16.097885
order_000638,cust_01642,delivered,2018-03-05 18:59:52,2018-03-13 08:08:14.987651,2018-03-13 01:33:37.792591
order_000639,cust_01350,delivered,2018-05-28 07:28:09,2018-06-06 16:09:50.944577,2018-06-03 23:51:18.632906
order_000640,cust_01346,delivered,2017-12-29 07:50:32,2018-01-08 01:41:10.538450,2018-01-05 16:17:18.773396
order_000641,cust_02024,delivered,2018-05-10 00:17:57,2018-05-19 11:59:47.411254,2018-05-18 08:44:53.072324
order_000642,cust_00541,delivered,2018-04-07 23:20:32,2018-04-17 08:07:38.529704,2018-04-17 07:56:18.771645
order_000643,cust_00278,delivered,2017-09-17 10:25:00,2017-09-28 01:55:14.860252,2017-09-26 02:17:22.213720
order_000644,cust_00467,delivered,2018-02-20 19:08:19,2018-03-02 23:40:01.699499,2018-02-28 15:01:02.757312
order_000645,cust_00634,delivered,2017-06-27 16:59:03,2017-07-06 00:32:37.205590,2017-07-03 20:24:13.911539
order_000646,cust_02968,delivered,2017-09-06 03:24:09,2017-09-16 18:22:44.970068,2017-09-13 10:10:03.768171
order_000647,cust_00569,delivered,2017-10-17 19:13:56,2017-10-27 00:15:42.826186,2017-10-22 21:36:13.282258
order_000648,cust_02203,delivered,2018-06-03 13:12:26,2018-06-13 12:12:20.562906,2018-06-10 21:07:19.261895
order_000649,cust_01932,delivered,2018-04-04 14:30:12,2018-04-15 16:21:47.985477,2018-04-11 14:51:44.161930
order_000650,cust_00284,delivered,2017-09-22 04:48:27,2017-10-01 14:28:41.695097,2017-09-30 06:49:16.309481
order_000651,cust_02908,delivered,2017-12-19 20:19:29,2017-12-28 09:52:34.244735,2017-12-27 00:01:42.832137
order_000652,cust_01951,delivered,2017-04-20 22:21:36,2017-04-30 01:14:39.884014,2017-04-30 02:31:47.937208
order_000653,cust_00974,delivered,2018-03-11 09:45:21,2018-03-19 20:23:29.221186,2018-03-21 04:21:23.762571
order_000654,cust_01504,delivered,2017-10-26 02:13:10,2017-11-04 05:26:06.502881,2017-11-03 05:57:56.875942
order_000655,cust_02607,delivered,2017-10-15 20:22:13,2017-10-23 04:28:01.892680,2017-10-24 05:05:47.901444
order_000656,cust_00349,delivered,2018-02-18 21:17:50,2018-02-25 22:55:18.765371,2018-03-01 08:58:17.101692
order_000657,cust_02898,delivered,2017-12-08 12:09:19,2017-12-17 22:17:11.774091,2017-12-13 14:13:39.991464
order_000658,cust_00646,delivered,2017-02-09 13:53:58,2017-02-20 09:04:31.407919,2017-02-16 13:52:49.375050
order_000659,cust_02208,delivered,2017-06-05 05:21:10,2017-06-14 08:11:08.555228,2017-06-11 06:42:03.703905
order_000660,cust_01446,delivered,2017-04-06 01:37:09,2017-04-15 04:42:08.479316,2017-04-30 17:52:23.722285
order_000661,cust_00006,delivered,2018-02-01 22:39:34,2018-02-10 00:23:03.986041,2018-02-10 10:23:16.592570
order_000662,cust_00489,delivered,2017-01-19 11:35:27,2017-01-28 11:32:56.261599,2017-01-25 14:07:11.822270
order_000663,cust_00968,delivered,2017-04-20 06:35:57,2017-04-29 15:02:17.486316,2017-04-25 23:08:10.156140
order_000664,cust_01721,delivered,2017-11-19 16:38:15,2017-11-28 17:13:26.671440,2017-11-27 15:17:31.683466
order_000665,cust_01976,delivered,2018-01-11 00:37:43,2018-01-18 04:33:45.555330,2018-01-17 16:25:01.375128
order_000666,cust_02970,delivered,2017-09-29 01:55:06,2017-10-08 09:58:11.014270,2017-10-08 20:44:31.667134
order_000667,cust_00734,delivered,2018-04-10 05:49:27,2018-04-21 02:10:38.415535,2018-04-13 17:00:34.062817
order_000668,cust_00987,delivered,2018-05-12 10:48:56,2018-05-21 12:16:18.673984,2018-05-19 21:02:01.163333
order_000669,cust_01686,delivered,2017-03-13 08:48:01,2017-03-21 03:24:02.893088,2017-03-20 13:36:23.017598
order_000670,cust_01620,delivered,2018-05-30 04:29:46,2018-06-07 05:29:20.218902,2018-06-10 16:08:53.669266
order_000671,cust_02338,delivered,2017-11-28 08:25:56,2017-12-08 06:03:46.310298,2017-12-08 05:51:07.949603
order_000672,cust_02363,delivered,2017-12-10 08:00:49,2017-12-18 14:25:05.164167,2017-12-18 05:55:07.121063
order_000673,cust_01814,delivered,2017-02-21 12:35:31,2017-03-02 06:03:33.879089,2017-02-26 10:45:11.965343
order_000674,cust_00974,delivered,2017-12-02 13:30:20,2017-12-11 17:55:14.944637,2017-12-11 19:29:12.935537
order_000675,cust_01769,delivered,2018-01-27 21:11:42,2018-02-06 15:03:55.558905,2018-02-07 15:17:24.267696
order_000676,cust_01334,delivered,2017-11-10 19:21:45,2017-11-20 15:43:53.515828,2017-11-19 05:28:48.443654
order_000677,cust_00281,delivered,2017-02-15 07:00:58,2017-02-23 14:05:01.454576,2017-02-22 21:21:12.528953
order_000678,cust_00889,delivered,2017-10-10 21:39:50,2017-10-21 03:25:02.064120,2017-10-17 07:27:36.126393
order_000679,cust_01383,delivered,2018-05-21 12:29:54,2018-05-29 19:53:34.981256,2018-06-03 04:48:20.934490
order_000680,cust_02619,delivered,2018-01-26 04:30:15,2018-02-04 08:47:24.060960,2018-02-04 08:39:16.396239
order_000681,cust_02416,delivered,2017-03-16 08:09:48,2017-03-24 11:20:27.860909,2017-03-25 03:15:36.750760
order_000682,cust_00117,delivered,2018-06-03 17:48:08,2018-06-14 06:21:23.400763,2018-06-11 09:29:10.666754
order_000683,cust_02440,delivered,2018-06-02 19:43:21,2018-06-10 22:46:34.755590,2018-06-11 15:51:23.173154
order_000684,cust_01019,delivered,2017-04-02 08:58:44,2017-04-10 11:28:10.026238,2017-04-11 19:51:30.576433
order_000685,cust_02416,delivered,2018-03-09 03:46:56,2018-03-16 19:32:26.232925,2018-03-16 00:26:04.688442
order_000686,cust_00322,delivered,2017-08-08 04:36:19,2017-08-17 00:49:47.052197,2017-08-15 15:16:06.131463
order_000687,cust_01878,delivered,2017-11-17 02:29:03,2017-11-26 09:59:41.131473,2017-11-22 11:30:20.429690
order_000688,cust_00729,delivered,2017-08-29 16:46:10,2017-09-07 02:37:15.480617,2017-09-06 10:35:57.510346
order_000689,cust_00532,delivered,2018-02-27 12:04:18,2018-03-08 10:38:33.631133,2018-03-07 20:42:06.319374
order_000690,cust_01378,delivered,2018-06-23 10:49:42,2018-07-03 06:18:38.448206,2018-06-29 19:00:39.871493
order_000691,cust_02859,delivered,2018-03-06 16:07:31,2018-03-15 09:35:34.302861,2018-03-12 00:04:33.145110
order_000692,cust_00480,delivered,2018-05-18 19:53:16,2018-05-28 21:44:46.847299,2018-05-28 09:34:48.181396
order_000693,cust_02812,delivered,2018-05-26 19:05:33,2018-06-04 18:31:53.560532,2018-06-04 21:57:19.204732
order_000694,cust_00519,delivered,2017-02-18 03:17:29,2017-03-01 04:01:12.401303,2017-02-25 14:44:05.435428
order_000695,cust_02499,delivered,2017-05-17 14:09:03,2017-05-27 16:19:04.294041,2017-05-23 22:49:28.382857
order_000696,cust_00795,delivered,2018-01-25 21:10:49,2018-02-04 07:11:09.267057,2018-02-01 11:26:04.929434
order_000697,cust_02181,delivered,2017-11-15 18:34:20,2017-11-25 15:38:52.325190,2017-11-22 08:46:58.422769
order_000698,cust_02599,delivered,2017-01-28 07:54:21,2017-02-07 02:20:42.075820,2017-02-04 21:45:20.308586
order_000699,cust_01874,delivered,2017-02-21 09:25:30,2017-03-01 13:50:26.892085,2017-03-01 20:57:00.639085
order_000700,cust_01885,delivered,2017-10-09 21:21:52,2017-10-19 01:38:37.776913,2017-10-18 02:07:33.468883
order_000701,cust_02685,delivered,2017-11-29 00:47:19,2017-12-07 22:57:10.629390,2017-12-05 12:12:07.786418
order_000702,cust_00537,delivered,2017-04-01 12:36:36,2017-04-12 05:46:53.492708,2017-04-12 21:59:46.748918
order_000703,cust_02227,delivered,2017-04-03 02:47:10,2017-04-11 16:23:19.120506,2017-04-13 07:02:58.335051
order_000704,cust_02317,delivered,2017-03-11 21:28:12,2017-03-20 06:12:39.351345,2017-03-24 00:44:21.815915
order_000705,cust_02466,delivered,2017-11-02 00:55:45,2017-11-10 19:24:36.081680,2017-11-09 21:47:07.239847
order_000706,cust_02134,delivered,2017-01-05 00:33:40,2017-01-13 12:17:25.138119,2017-01-11 14:13:52.778798
order_000707,cust_00102,delivered,2017-11-06 07:53:40,2017-11-14 18:01:49.365158,2017-11-14 00:36:26.744748
order_000708,cust_02215,delivered,2017-09-15 04:48:14,2017-09-24 14:47:29.494548,2017-09-24 05:26:29.730810
order_000709,cust_00571,delivered,2017-09-09 11:53:30,2017-09-18 09:25:53.420177,2017-09-16 18:23:51.039049
order_000710,cust_00670,delivered,2018-01-02 07:11:22,2018-01-12 07:45:19.886268,2018-01-11 10:02:51.574804
order_000711,cust_01815,delivered,2017-10-10 08:33:05,2017-10-21 22:43:40.256236,2017-10-20 10:59:27.020844
order_000712,cust_01823,delivered,2018-01-28 13:33:29,2018-02-06 01:54:23.684699,2018-02-07 18:35:55.865721
order_000713,cust_02089,canceled,2018-02-17 13:27:15,2018-02-26 12:35:29.818391,
order_000714,cust_00323,delivered,2018-05-12 22:26:18,2018-05-21 13:40:37.304776,2018-05-20 08:08:41.025301
order_000715,cust_02400,delivered,2018-03-08 11:32:04,2018-03-17 03:06:04.503692,2018-03-18 12:01:59.340221
order_000716,cust_00913,delivered,2017-10-07 13:32:29,2017-10-15 10:11:12.245012,2017-10-15 03:34:46.342552
order_000717,cust_02832,delivered,2017-09-23 16:16:14,2017-10-03 00:13:29.733789,2017-10-02 04:03:52.664650
order_000718,cust_02345,delivered,2017-05-08 04:10:53,2017-05-17 21:30:25.400526,2017-05-24 03:54:46.399733
order_000719,cust_02484,delivered,2017-11-20 16:00:25,2017-12-01 03:22:59.267883,2017-11-25 06:08:51.798132
order_000720,cust_00105,delivered,2017-03-17 20:41:09,2017-03-25 09:40:34.673974,2017-03-25 08:54:20.214737
order_000721,cust_00292,delivered,2018-05-18 07:38:00,2018-05-28 03:48:40.399702,2018-05-24 10:26:14.951759
order_000722,cust_01155,delivered,2018-04-02 04:16:48,2018-04-10 01:04:20.652829,2018-04-08 04:44:48.846278
order_000723,cust_01543,delivered,2017-03-06 08:18:32,2017-03-13 11:25:04.502321,2017-03-15 19:34:20.841979
order_000724,cust_01340,delivered,2018-03-01 06:36:03,2018-03-09 16:59:09.992974,2018-03-07 11:14:57.457194
order_000725,cust_01359,delivered,2017-03-05 14:02:36,2017-03-15 18:00:29.552891,2017-03-15 05:34:03.192695
order_000726,cust_00617,delivered,2018-01-25 20:43:46,2018-02-03 05:20:20.527398,2018-02-02 22:42:01.043613
order_000727,cust_02549,delivered,2017-02-17 14:18:51,2017-02-25 02:17:58.717907,2017-02-25 04:49:39.836310
order_000728,cust_00550,delivered,2017-09-21 03:00:44,2017-09-29 19:44:17.850371,2017-09-30 13:45:14.968520
order_000729,cust_00924,shipped,2017-12-22 07:33:10,2018-01-02 05:29:51.332738,
order_000730,cust_00778,delivered,2018-01-29 16:32:36,2018-02-07 11:59:35.591390,2018-02-06 07:25:10.973861
order_000731,cust_02658,delivered,2017-08-15 07:55:39,2017-08-24 22:34:04.518565,2017-08-24 16:36:05.669727
order_000732,cust_02605,delivered,2018-05-13 14:04:24,2018-05-23 18:05:04.668562,2018-05-18 12:49:41.410036
order_000733,cust_00832,delivered,2018-02-23 16:39:25,2018-03-05 21:13:05.249031,2018-02-27 04:42:42.140560
order_000734,cust_02975,delivered,2017-04-23 07:54:00,2017-05-02 22:06:16.472425,2017-05-01 14:10:06.333788
order_000735,cust_00212,delivered,2017-12-29 15:32:16,2018-01-04 15:06:38.904756,2018-01-05 07:54:49.100281
order_000736,cust_02692,delivered,2018-01-30 09:33:17,2018-02-07 14:21:32.243421,2018-02-05 05:53:30.467647
order_000737,cust_00903,delivered,2017-06-30 03:14:28,2017-07-08 09:06:14.529927,2017-07-04 19:45:05.462721
order_000738,cust_00011,delivered,2018-02-03 08:55:56,2018-02-13 13:28:08.503804,2018-02-08 09:34:55.753875
order_000739,cust_00826,delivered,2018-05-01 10:35:06,2018-05-10 02:20:16.168451,2018-05-08 04:47:12.175050
order_000740,cust_01542,delivered,2018-03-18 00:03:26,2018-03-27 07:54:10.991653,2018-03-25 22:38:12.971827
order_000741,cust_01427,delivered,2018-02-16 21:25:29,2018-02-26 10:32:07.353239,2018-02-27 06:30:30.762368
order_000742,cust_00966,delivered,2017-12-09 12:40:09,2017-12-19 05:47:20.135920,2017-12-19 01:03:32.526432
order_000743,cust_00764,delivered,2017-05-27 00:52:16,2017-06-05 02:28:06.523974,2017-06-03 10:33:52.564552
order_000744,cust_00425,delivered,2018-03-06 20:49:54,2018-03-17 00:22:24.952150,2018-03-12 02:39:54.278809
order_000745,cust_02484,delivered,2017-07-16 20:31:26,2017-07-25 00:53:35.113497,2017-08-01 15:54:22.873617
order_000746,cust_01257,delivered,2017-10-15 00:17:21,2017-10-23 21:36:47.558575,2017-10-25 18:01:35.517103
order_000747,cust_02632,delivered,2017-06-19 03:54:58,2017-06-28 09:19:48.268099,2017-06-25 06:48:17.878063
order_000748,cust_01893,delivered,2017-06-19 08:43:51,2017-06-28 07:12:40.690263,2017-06-26 00:02:25.889124
order_000749,cust_00744,delivered,2017-03-27 12:10:26,2017-04-05 05:08:38.888274,2017-04-08 12:27:18.464888
order_000750,cust_01829,delivered,2018-06-04 17:25:05,2018-06-15 02:19:14.360208,2018-06-09 10:55:00.551110
order_000751,cust_00936,delivered,2017-03-21 10:11:02,2017-03-31 11:16:31.897564,2017-03-29 05:08:43.187606
order_000752,cust_00897,delivered,2017-02-16 14:40:52,2017-02-23 11:26:11.100325,2017-02-23 13:14:18.425859
order_000753,cust_02920,delivered,2018-05-21 00:14:35,2018-05-31 09:46:52.101147,2018-05-26 16:57:21.278212
order_000754,cust_00904,delivered,2017-10-27 15:48:17,2017-11-05 08:35:05.147917,2017-11-04 06:41:04.130404
order_000755,cust_00407,delivered,2017-08-25 21:58:10,2017-09-03 23:13:10.874187,2017-08-31 07:50:51.254037
order_000756,cust_00612,delivered,2018-02-03 12:37:44,2018-02-13 00:33:18.882955,2018-02-12 17:48:10.155557
order_000757,cust_00362,delivered,2017-07-26 10:55:05,2017-08-05 12:46:11.054661,2017-08-02 00:33:00.602927
order_000758,cust_01559,delivered,2017-03-11 07:07:51,2017-03-21 09:32:56.822428,2017-03-21 00:06:06.513190
order_000759,cust_00074,delivered,2018-01-30 22:54:08,2018-02-09 02:22:50.146579,2018-02-05 18:31:26.503658
order_000760,cust_02756,delivered,2017-04-06 00:47:48,2017-04-14 17:19:29.636512,2017-04-13 04:53:44.206512
order_000761,cust_02320,delivered,2017-10-26 06:52:54,2017-11-05 04:31:45.183903,2017-11-03 06:55:41.085326
order_000762,cust_02551,delivered,2018-05-28 03:19:44,2018-06-06 17:25:58.966260,2018-06-01 15:19:43.317118
order_000763,cust_02207,delivered,2018-05-21 20:47:26,2018-05-30 00:14:57.629283,2018-05-31 20:59:13.940698
order_000764,cust_02657,delivered,2017-07-14 11:34:57,2017-07-23 01:41:51.293009,2017-07-23 01:07:13.008366
order_000765,cust_02774,delivered,2018-02-26 22:08:14,2018-03-06 15:27:06.395859,2018-03-03 03:57:51.772888
order_000766,cust_02781,delivered,2017-11-27 15:57:49,2017-12-05 03:49:49.482588,2017-12-03 11:29:47.569045
order_000767,cust_00309,delivered,2017-09-16 13:21:50,2017-09-26 16:49:32.876704,2017-09-25 01:50:50.322640
order_000768,cust_00187,delivered,2017-03-17 12:25:09,2017-03-26 20:53:59.873033,2017-03-23 11:54:56.537848
order_000769,cust_01978,delivered,2017-07-23 04:51:51,2017-07-31 01:22:20.757884,2017-07-31 22:37:11.023081
order_000770,cust_01322,delivered,2017-12-19 13:29:20,2017-12-31 02:24:46.880815,2017-12-25 15:12:28.078481
order_000771,cust_02769,delivered,2018-06-17 16:26:45,2018-06-26 14:18:05.960612,2018-06-24 10:51:22.339363
order_000772,cust_01842,delivered,2017-01-03 23:10:05,2017-01-12 22:54:27.016025,2017-01-09 02:43:53.814064
order_000773,cust_00891,delivered,2018-01-23 13:10:31,2018-02-04 12:10:31.115433,2018-01-31 20:15:48.863824
order_000774,cust_00135,delivered,2018-04-03 22:31:55,2018-04-12 22:08:11.701001,2018-04-12 03:54:23.047852
order_000775,cust_00392,delivered,2018-05-29 22:40:07,2018-06-07 15:11:03.475634,2018-06-03 23:59:24.261226
order_000776,cust_00253,delivered,2017-08-17 12:32:28,2017-08-26 04:29:12.148769,2017-08-25 12:44:43.503607
order_000777,cust_01449,delivered,2017-03-05 10:32:33,2017-03-12 15:08:45.247633,2017-03-10 20:53:27.699759
order_000778,cust_01875,delivered,2017-05-27 03:25:29,2017-06-04 08:25:29.601369,2017-06-06 10:34:46.473326
order_000779,cust_00629,delivered,2018-04-05 06:26:39,2018-04-14 00:42:42.469193,2018-04-10 02:38:11.534876
order_000780,cust_01716,shipped,2018-04-20 21:05:53,2018-04-30 15:34:05.953258,
order_000781,cust_01737,delivered,2017-12-11 03:19:07,2017-12-21 04:51:48.582033,2017-12-15 06:19:21.098920
order_000782,cust_00184,delivered,2017-03-08 09:31:45,2017-03-16 19:10:44.532955,2017-03-17 03:28:08.387501
order_000783,cust_00757,delivered,2017-03-07 16:46:01,2017-03-16 22:30:22.252105,2017-03-13 02:23:53.503509
order_000784,cust_02344,delivered,2017-09-16 05:46:29,2017-09-25 00:26:21.574539,2017-09-22 06:25:50.599570
order_000785,cust_01917,delivered,2017-11-14 23:22:43,2017-11-23 21:02:02.646133,2017-11-19 04:41:51.492545
order_000786,cust_01664,delivered,2017-01-18 15:35:15,2017-01-29 00:13:21.358097,2017-01-26 23:04:41.698418
order_000787,cust_01200,delivered,2018-01-06 00:40:48,2018-01-15 07:07:54.926731,2018-01-15 03:22:29.484837
order_000788,cust_01131,delivered,2017-10-22 05:55:55,2017-11-01 03:53:37.113160,2017-11-01 11:15:31.595023
order_000789,cust_00696,delivered,2017-01-07 17:46:14,2017-01-16 14:44:59.960151,2017-01-15 02:48:16.682689
order_000790,cust_02518,delivered,2017-02-21 20:42:59,2017-03-04 10:46:54.197973,2017-03-03 01:40:21.625588
order_000791,cust_02304,delivered,2017-09-03 22:14:46,2017-09-13 01:18:18.155618,2017-09-12 03:55:18.144248
order_000792,cust_02314,delivered,2018-01-26 20:25:41,2018-02-04 06:09:30.243269,2018-02-01 16:53:06.282552
order_000793,cust_02394,delivered,2018-03-22 01:47:41,2018-04-01 07:10:24.181062,2018-03-30 11:47:36.834919
order_000794,cust_02370,delivered,2017-08-21 17:30:44,2017-08-31 12:10:58.587073,2017-08-29 12:29:26.857266
order_000795,cust_02876,delivered,2017-06-09 02:38:38,2017-06-18 20:05:07.565081,2017-06-15 15:01:39.379945
order_000796,cust_01054,delivered,2018-06-07 01:50:14,2018-06-15 21:53:45.063340,2018-06-16 06:14:54.425812
order_000797,cust_00612,delivered,2017-09-05 16:36:25,2017-09-15 15:54:50.186042,2017-09-11 22:03:19.109581
order_000798,cust_00606,delivered,2017-06-20 11:28:33,2017-06-29 14:57:02.673489,2017-06-25 16:51:09.425400
order_000799,cust_01574,delivered,2017-08-27 15:33:04,2017-09-05 09:44:45.090066,2017-09-04 12:49:09.385157
order_000800,cust_01530,delivered,2017-01-07 20:26:08,2017-01-17 17:58:24.845642,2017-01-15 16:51:09.783158
order_000801,cust_02421,delivered,2017-06-13 01:39:06,2017-06-22 05:12:02.019102,2017-06-20 12:30:18.576571
order_000802,cust_01943,delivered,2017-10-06 12:39:38,2017-10-15 21:05:16.839617,2017-10-13 08:45:32.361024
order_000803,cust_00307,delivered,2018-05-11 20:01:34,2018-05-20 01:20:13.799033,2018-05-17 22:49:49.948694
order_000804,cust_01193,delivered,2018-02-03 10:34:01,2018-02-14 02:29:41.543417,2018-02-12 14:24:21.314455
order_000805,cust_00981,delivered,2018-02-26 12:33:43,2018-03-07 09:59:45.576172,2018-03-07 20:55:40.385077
order_000806,cust_02843,delivered,2017-10-22 11:56:54,2017-10-31 22:48:22.406999,2017-11-01 19:19:08.703609
order_000807,cust_00470,delivered,2017-03-01 21:46:21,2017-03-10 22:05:57.717742,2017-03-07 19:13:13.853179
order_000808,cust_02459,delivered,2017-07-31 01:11:50,2017-08-08 13:26:57.682867,2017-08-07 07:50:07.428391
order_000809,cust_00802,delivered,2018-06-23 21:04:18,2018-07-01 21:27:01.229839,2018-07-01 14:01:55.666623
order_000810,cust_02199,delivered,2017-01-24 19:35:35,2017-02-04 16:05:42.667137,2017-02-18 09:09:13.237987
order_000811,cust_01399,delivered,2018-04-20 19:30:00,2018-04-30 08:23:00.179168,2018-04-26 05:43:56.356269
order_000812,cust_01782,delivered,2018-01-05 09:53:41,2018-01-14 05:55:20.613817,2018-01-11 08:15:48.293739
order_000813,cust_02962,delivered,2017-06-03 12:22:53,2017-06-12 10:58:28.925992,2017-06-13 11:34:54.968076
order_000814,cust_02259,delivered,2018-02-25 08:51:20,2018-03-05 09:45:00.563681,2018-03-05 18:50:04.496355
order_000815,cust_01655,delivered,2018-03-28 06:02:27,2018-04-04 22:04:58.802751,2018-04-05 20:20:16.993291
order_000816,cust_01639,delivered,2017-01-24 21:00:37,2017-02-03 13:20:10.945972,2017-02-01 12:06:53.845014
order_000817,cust_01691,delivered,2017-02-27 12:08:36,2017-03-08 12:51:39.118777,2017-03-06 17:41:48.477950
order_000818,cust_01937,delivered,2017-12-26 17:21:37,2018-01-05 18:51:19.892898,2017-12-31 20:23:39.633715
order_000819,cust_00774,delivered,2018-06-24 02:25:10,2018-07-04 08:11:47.571838,2018-07-05 09:05:23.889015
order_000820,cust_00998,delivered,2017-01-13 18:56:03,2017-01-24 00:54:59.258726,2017-01-20 15:27:45.992123
order_000821,cust_02322,delivered,2017-12-26 15:48:44,2018-01-05 06:26:48.960375,2018-01-02 23:26:54.388222
order_000822,cust_00460,delivered,2017-03-15 23:56:33,2017-03-25 23:42:35.816903,2017-03-24 12:43:23.737187
order_000823,cust_00423,delivered,2017-12-18 03:12:55,2017-12-26 20:49:09.856864,2018-01-01 17:02:28.010102
order_000824,cust_02820,delivered,2017-12-03 12:57:39,2017-12-12 20:25:25.637466,2017-12-10 13:05:37.691691
order_000825,cust_00124,delivered,2017-02-18 12:16:05,2017-02-25 18:04:24.936427,2017-03-03 00:44:30.734255
order_000826,cust_01930,delivered,2018-01-03 12:55:17,2018-01-12 08:07:02.452913,2018-01-09 11:56:20.981062
order_000827,cust_02399,delivered,2018-04-30 01:18:18,2018-05-07 22:01:56.171441,2018-05-08 17:30:23.687364
order_000828,cust_02717,delivered,2018-04-12 11:21:17,2018-04-20 14:46:06.296575,2018-04-22 14:06:02.005825
order_000829,cust_02177,delivered,2017-01-16 07:11:17,2017-01-23 16:10:17.158797,2017-01-22 17:17:55.692082
order_000830,cust_02438,delivered,2017-05-13 14:48:59,2017-05-22 01:39:07.753831,2017-05-23 07:47:47.969882
order_000831,cust_00638,delivered,2017-05-11 05:34:11,2017-05-18 21:33:04.560547,2017-05-18 09:14:42.428158
order_000832,cust_00704,delivered,2017-09-02 10:26:28,2017-09-12 06:07:34.675782,2017-09-11 00:47:24.027786
order_000833,cust_01606,delivered,2017-03-19 14:52:50,2017-03-28 19:47:43.217530,2017-03-27 04:39:28.703897
order_000834,cust_02919,delivered,2018-04-07 01:32:13,2018-04-16 10:02:25.800396,2018-04-15 20:58:40.114782
order_000835,cust_02834,delivered,2018-02-24 18:52:58,2018-03-05 15:06:53.000176,2018-03-03 09:15:12.990765
order_000836,cust_01348,shipped,2018-03-13 17:10:39,2018-03-22 21:09:56.011947,
order_000837,cust_02077,delivered,2017-04-18 01:22:30,2017-04-27 02:41:38.410052,2017-04-25 20:54:06.691258
order_000838,cust_00607,delivered,2017-01-08 01:33:13,2017-01-18 10:47:27.539252,2017-01-15 17:57:50.912112
order_000839,cust_02722,delivered,2018-05-07 20:24:24,2018-05-15 15:59:00.191053,2018-05-13 21:56:19.171065
order_000840,cust_01208,delivered,2017-06-06 06:47:59,2017-06-15 15:16:43.472256,2017-06-15 11:02:45.756899
order_000841,cust_00361,delivered,2017-12-21 20:39:30,2018-01-01 01:01:55.550695,2017-12-29 02:02:06.826310
order_000842,cust_02025,delivered,2018-05-07 11:58:55,2018-05-17 00:14:47.610147,2018-05-14 05:34:53.284939
order_000843,cust_02864,delivered,2017-01-20 08:12:52,2017-01-28 08:00:26.213986,2017-01-26 07:01:12.909306
order_000844,cust_01907,delivered,2017-01-03 06:33:55,2017-01-13 13:16:03.236367,2017-01-07 14:46:25.157398
order_000845,cust_02989,delivered,2017-01-03 15:48:57,2017-01-12 04:57:51.143600,2017-01-09 02:28:11.774315
order_000846,cust_00939,shipped,2017-03-26 02:38:00,2017-04-03 23:55:54.259036,
order_000847,cust_00353,delivered,2017-01-28 09:39:45,2017-02-05 23:34:16.374025,2017-02-07 01:12:06.196895
order_000848,cust_02903,delivered,2018-03-19 08:18:01,2018-03-27 20:58:12.688694,2018-03-27 14:14:09.484730
order_000849,cust_01599,delivered,2017-11-24 03:42:02,2017-12-05 15:12:22.458266,2017-12-02 15:35:09.485795
order_000850,cust_01473,delivered,2018-06-14 08:28:03,2018-06-21 14:21:24.136770,2018-06-19 19:03:40.313169
order_000851,cust_02041,delivered,2018-03-09 12:41:16,2018-03-18 06:31:43.380937,2018-03-15 17:24:02.516878
order_000852,cust_00840,delivered,2018-06-05 16:15:41,2018-06-15 09:10:33.517025,2018-06-12 19:46:50.551020
order_000853,cust_00281,delivered,2017-05-09 02:04:21,2017-05-16 09:07:28.796272,2017-05-16 13:11:46.176339
order_000854,cust_02405,delivered,2017-06-05 20:56:15,2017-06-13 22:21:17.750045,2017-06-11 10:49:16.431676
order_000855,cust_02098,delivered,2018-04-04 21:04:59,2018-04-14 20:02:33.334483,2018-04-10 09:33:19.097827
order_000856,cust_00354,delivered,2017-05-13 16:36:26,2017-05-20 12:58:10.936516,2017-05-25 00:09:44.790089
order_000857,cust_02111,delivered,2017-01-31 22:10:58,2017-02-08 19:41:43.434213,2017-02-07 02:03:16.136308
order_000858,cust_00953,delivered,2017-12-28 10:16:14,2018-01-06 02:15:37.925589,2018-01-06 13:32:53.669153
order_000859,cust_00756,delivered,2018-03-09 19:43:07,2018-03-18 17:25:33.025782,2018-03-17 10:11:51.979513
order_000860,cust_01208,delivered,2018-06-07 17:27:15,2018-06-16 05:16:46.851367,2018-06-18 18:22:43.995698
order_000861,cust_00505,delivered,2018-05-17 13:30:02,2018-05-27 08:02:35.906890,2018-05-23 15:28:58.004967
order_000862,cust_00150,delivered,2017-03-06 04:18:29,2017-03-12 08:21:48.820217,2017-03-13 10:04:52.131073
order_000863,cust_01013,delivered,2018-02-21 13:22:56,2018-03-02 13:53:36.886595,2018-02-28 09:30:43.631245
order_000864,cust_00895,delivered,2018-04-02 21:37:56,2018-04-10 20:30:02.553953,2018-04-09 05:25:13.073300
order_000865,cust_01883,delivered,2018-01-12 23:37:50,2018-01-22 22:13:29.620585,2018-01-19 06:06:43.123026
order_000866,cust_01748,delivered,2018-03-19 10:45:12,2018-03-29 06:16:37.962580,2018-03-25 10:28:23.930671
order_000867,cust_01296,delivered,2018-03-29 05:56:58,2018-04-07 15:36:44.253897,2018-04-06 11:34:35.589334
order_000868,cust_02438,delivered,2017-08-30 17:56:24,2017-09-09 02:15:13.662161,2017-09-04 12:54:30.165786
order_000869,cust_00089,delivered,2017-01-22 01:49:21,2017-01-29 13:00:26.682140,2017-01-28 13:04:43.347015
order_000870,cust_02574,delivered,2017-09-04 03:37:34,2017-09-15 14:05:58.496726,2017-09-13 05:47:58.964887
order_000871,cust_00969,delivered,2017-04-19 13:29:11,2017-04-27 17:49:50.823176,2017-04-27 17:49:54.173571
order_000872,cust_00777,delivered,2017-03-03 23:45:53,2017-03-12 18:51:47.078695,2017-03-10 06:04:08.290953
order_000873,cust_01568,delivered,2017-03-09 07:53:27,2017-03-19 18:57:01.291650,2017-03-13 15:29:57.262224
order_000874,cust_00981,shipped,2018-01-12 10:38:23,2018-01-20 14:51:14.548799,
order_000875,cust_01220,delivered,2017-09-30 07:44:10,2017-10-07 21:23:54.300943,2017-10-14 23:12:43.377109
order_000876,cust_00637,delivered,2017-10-19 10:34:19,2017-10-27 05:07:42.155654,2017-10-27 10:16:20.808246
order_000877,cust_02160,delivered,2018-02-07 00:10:12,2018-02-16 03:29:53.198873,2018-02-14 14:38:52.653265
order_000878,cust_02582,delivered,2017-10-24 14:16:24,2017-11-03 09:17:16.948407,2017-10-30 05:59:40.417001
order_000879,cust_01049,delivered,2017-12-07 14:18:35,2017-12-15 08:22:10.180404,2017-12-14 14:40:38.123539
order_000880,cust_01936,delivered,2017-02-16 07:34:24,2017-02-28 00:05:16.896919,2017-02-25 07:29:19.195149
order_000881,cust_00265,delivered,2018-04-05 06:20:12,2018-04-14 07:25:26.509549,2018-04-11 04:39:48.472664
order_000882,cust_00676,delivered,2017-08-31 18:16:42,2017-09-10 21:02:49.579364,2017-09-06 20:07:37.697817
order_000883,cust_00430,delivered,2017-03-25 04:30:30,2017-04-04 17:15:33.471372,2017-04-03 07:12:41.450537
order_000884,cust_02970,delivered,2018-03-16 01:07:46,2018-03-25 10:42:45.215262,2018-03-21 10:38:53.814177
order_000885,cust_01977,delivered,2018-02-01 00:58:13,2018-02-08 15:04:12.965387,2018-02-07 04:54:02.461753
order_000886,cust_02225,delivered,2017-01-29 21:09:43,2017-02-08 12:03:10.947873,2017-02-08 01:47:10.136377
order_000887,cust_02327,delivered,2017-04-15 08:44:40,2017-04-22 07:02:23.568840,2017-04-22 18:06:15.726547
order_000888,cust_02319,delivered,2017-01-09 02:26:38,2017-01-18 14:54:15.547814,2017-01-15 05:00:56.493925
order_000889,cust_01535,delivered,2017-05-27 21:05:42,2017-06-05 19:39:33.320342,2017-06-05 15:31:36.592958
order_000890,cust_02346,delivered,2017-02-23 03:34:01,2017-03-05 08:22:48.865506,2017-03-02 15:06:28.322624
order_000891,cust_00831,delivered,2018-01-19 08:04:48,2018-01-27 08:53:29.826277,2018-01-25 11:18:06.895809
order_000892,cust_01866,delivered,2017-10-10 00:29:47,2017-10-18 03:03:54.704594,2017-10-14 21:37:51.674193
order_000893,cust_01356,delivered,2018-06-14 16:17:52,2018-06-23 12:02:22.255892,2018-06-21 11:25:06.388373
order_000894,cust_02465,delivered,2018-02-09 16:46:59,2018-02-19 04:46:30.011846,2018-02-13 14:04:14.642638
order_000895,cust_01443,delivered,2017-11-27 18:09:25,2017-12-06 21:23:30.335684,2017-12-04 23:00:08.088137
order_000896,cust_01354,delivered,2017-10-03 06:18:46,2017-10-12 12:13:52.511467,2017-10-10 10:53:20.461354
order_000897,cust_02544,delivered,2017-01-30 07:52:27,2017-02-08 02:51:46.834965,2017-02-07 04:03:39.215048
order_000898,cust_00984,delivered,2017-02-07 22:30:53,2017-02-16 00:48:55.840693,2017-02-14 01:10:17.990285
order_000899,cust_00740,delivered,2017-11-29 19:43:09,2017-12-10 09:55:27.400535,2017-12-07 07:11:56.608006
order_000900,cust_01424,delivered,2017-01-03 00:53:30,2017-01-13 00:46:15.338375,2017-01-07 13:55:39.006708
order_000901,cust_01657,delivered,2017-01-23 16:36:18,2017-01-31 18:13:41.813611,2017-02-04 03:31:40.343690
order_000902,cust_02274,delivered,2017-04-29 19:30:20,2017-05-08 08:30:30.666867,2017-05-08 10:41:58.165618
order_000903,cust_01170,delivered,2018-04-23 13:25:18,2018-05-03 09:45:25.760412,2018-05-02 09:14:45.430070
order_000904,cust_02140,delivered,2017-09-05 15:21:27,2017-09-15 10:23:41.768006,2017-09-13 08:37:06.157023
order_000905,cust_00461,delivered,2018-01-19 00:01:25,2018-01-29 20:55:31.001527,2018-01-26 02:19:14.399177
order_000906,cust_02311,delivered,2017-08-11 00:43:16,2017-08-20 15:49:36.299282,2017-08-17 22:11:36.010901
order_000907,cust_01830,delivered,2017-04-04 00:50:31,2017-04-14 02:08:54.253777,2017-04-11 16:03:09.272704
order_000908,cust_00750,delivered,2017-07-20 03:48:55,2017-07-28 15:47:55.209139,2017-08-02 12:51:31.164003
order_000909,cust_02275,delivered,2017-02-19 23:46:50,2017-02-28 04:49:13.369588,2017-02-26 10:45:39.872352
order_000910,cust_01621,delivered,2018-02-20 15:13:28,2018-03-01 13:46:04.366640,2018-02-28 15:12:10.437464
order_000911,cust_02451,delivered,2017-04-10 18:46:29,2017-04-20 09:12:46.268848,2017-04-16 03:28:05.937646
order_000912,cust_02678,delivered,2017-07-23 07:05:38,2017-07-31 09:51:46.878859,2017-07-30 20:47:28.124578
order_000913,cust_02544,delivered,2018-06-14 22:30:05,2018-06-24 08:51:07.186552,2018-06-22 15:34:00.800101
order_000914,cust_00325,delivered,2017-11-16 04:46:26,2017-11-26 15:03:22.451078,2017-11-24 10:13:43.541297
order_000915,cust_00937,delivered,2017-09-05 21:39:18,2017-09-15 15:59:53.530500,2017-09-12 12:24:45.283136
order_000916,cust_02151,delivered,2017-10-21 00:44:20,2017-10-31 21:00:07.880565,2017-10-29 05:34:20.322198
order_000917,cust_02009,delivered,2018-02-28 00:29:26,2018-03-09 01:44:05.398380,2018-03-05 14:24:04.434975
order_000918,cust_02607,canceled,2017-05-18 01:53:36,2017-05-28 14:24:47.250945,
order_000919,cust_01534,delivered,2017-12-10 19:00:15,2017-12-20 02:52:07.304104,2017-12-20 00:14:07.218940
order_000920,cust_00345,delivered,2018-04-17 06:10:47,2018-04-28 03:20:58.688863,2018-04-23 22:40:56.655229
order_000921,cust_02529,delivered,2017-11-06 10:49:38,2017-11-15 04:54:56.260681,2017-11-14 23:01:56.278216
order_000922,cust_02307,delivered,2017-08-30 11:18:41,2017-09-06 17:18:46.819282,2017-09-07 17:59:14.510047
order_000923,cust_00475,delivered,2017-03-20 18:56:57,2017-03-29 12:50:52.891629,2017-03-29 01:56:29.432160
order_000924,cust_00610,delivered,2017-05-15 08:22:10,2017-05-23 13:13:36.179917,2017-05-24 19:51:57.096822
order_000925,cust_02372,delivered,2018-05-26 00:09:40,2018-06-06 06:52:40.904145,2018-06-06 04:52:41.898978
order_000926,cust_01590,delivered,2017-10-20 09:16:31,2017-10-28 03:02:33.930305,2017-10-26 14:40:53.064239
order_000927,cust_02451,delivered,2017-06-12 06:55:00,2017-06-21 23:58:50.825013,2017-06-17 01:42:08.277394
order_000928,cust_02385,delivered,2017-08-14 17:32:28,2017-08-23 04:10:34.559419,2017-08-21 17:45:47.549747
order_000929,cust_01349,delivered,2017-11-09 18:01:54,2017-11-17 19:47:13.782890,2017-11-15 19:59:26.891576
order_000930,cust_00180,delivered,2017-10-18 02:12:25,2017-10-28 16:23:50.486569,2017-10-23 22:42:46.736213
order_000931,cust_00354,delivered,2018-01-13 19:01:56,2018-01-22 01:59:43.290108,2018-01-18 18:04:15.007981
order_000932,cust_02514,delivered,2017-05-20 01:41:30,2017-05-27 21:07:34.897465,2017-05-27 23:17:04.959764
order_000933,cust_01248,delivered,2017-12-17 14:52:23,2017-12-27 21:03:51.905105,2017-12-25 07:36:00.499096
order_000934,cust_00210,delivered,2017-08-28 09:20:34,2017-09-05 18:32:12.881123,2017-09-03 07:07:07.474586
order_000935,cust_01112,delivered,2018-05-23 07:13:48,2018-05-31 21:44:54.762993,2018-06-01 09:19:06.363579
order_000936,cust_01896,shipped,2017-03-27 11:35:47,2017-04-05 03:00:26.331189,
order_000937,cust_01287,delivered,2017-03-22 07:26:55,2017-03-31 08:42:10.220744,2017-03-30 19:33:38.280770
order_000938,cust_02521,delivered,2017-09-07 19:03:09,2017-09-17 11:02:49.305853,2017-09-17 11:16:16.846192
order_000939,cust_02668,delivered,2017-10-02 23:12:08,2017-10-11 21:54:09.019731,2017-10-11 01:28:07.528553
order_000940,cust_01698,delivered,2018-01-09 19:34:45,2018-01-19 04:29:11.029674,2018-01-17 04:05:08.468938
order_000941,cust_00330,delivered,2017-08-07 10:32:27,2017-08-15 10:08:57.099733,2017-08-14 21:48:16.650745
order_000942,cust_02682,delivered,2018-05-09 12:04:43,2018-05-20 06:02:38.054984,2018-05-15 02:35:23.457303
order_000943,cust_02724,delivered,2017-09-14 10:43:51,2017-09-23 17:33:47.012042,2017-09-20 12:41:04.402249
order_000944,cust_00565,delivered,2017-03-11 19:02:41,2017-03-19 01:23:30.558846,2017-03-23 05:26:41.684678
order_000945,cust_01980,delivered,2017-03-06 13:15:21,2017-03-15 09:21:29.638280,2017-03-15 23:54:48.022395
order_000946,cust_00976,delivered,2018-06-10 11:14:06,2018-06-19 22:53:38.767185,2018-06-17 23:37:48.370066
order_000947,cust_00228,delivered,2017-03-14 09:49:41,2017-03-23 01:14:44.651312,2017-03-22 10:38:02.763480
order_000948,cust_01858,shipped,2018-05-27 09:00:03,2018-06-04 03:34:32.617143,
order_000949,cust_00496,delivered,2017-05-31 13:15:50,2017-06-08 22:14:28.247326,2017-06-07 05:07:37.158046
order_000950,cust_02993,delivered,2017-02-20 16:32:09,2017-03-02 13:51:31.043101,2017-02-28 04:49:50.561742
order_000951,cust_02521,delivered,2017-06-14 10:22:33,2017-06-23 07:38:45.584314,2017-06-24 04:38:36.247970
order_000952,cust_01985,delivered,2017-11-28 19:21:35,2017-12-06 14:09:17.553531,2017-12-06 10:27:12.996377
order_000953,cust_00109,delivered,2017-08-20 19:50:28,2017-08-30 05:37:24.385588,2017-08-29 22:42:10.289407
order_000954,cust_01409,delivered,2018-03-01 10:17:52,2018-03-10 22:27:10.762156,2018-03-08 13:25:11.090010
order_000955,cust_01786,delivered,2017-11-26 21:49:02,2017-12-05 20:14:25.745621,2017-12-05 02:02:33.441241
order_000956,cust_01471,delivered,2017-08-05 04:09:10,2017-08-14 21:01:43.002042,2017-08-15 11:15:21.989564
order_000957,cust_00991,delivered,2017-12-09 22:22:14,2017-12-20 00:38:10.530159,2017-12-18 11:24:13.274937
order_000958,cust_02957,delivered,2018-06-09 07:03:30,2018-06-17 20:29:52.983421,2018-06-21 07:00:07.016542
order_000959,cust_01373,delivered,2017-08-11 13:32:35,2017-08-21 17:12:53.275982,2017-08-20 11:31:15.368521
order_000960,cust_01437,delivered,2017-03-24 06:48:21,2017-04-03 18:56:54.572312,2017-04-01 19:04:28.688683
order_000961,cust_01496,delivered,2017-08-09 10:36:41,2017-08-16 05:55:46.107131,2017-08-15 13:32:18.045323
order_000962,cust_01644,delivered,2018-03-30 08:09:41,2018-04-07 15:18:53.701725,2018-04-07 17:15:05.196557
order_000963,cust_01597,delivered,2017-04-28 16:55:32,2017-05-09 16:05:32.100818,2017-05-06 03:30:08.941474
order_000964,cust_01070,delivered,2018-05-28 01:56:54,2018-06-07 07:01:17.367849,2018-06-05 08:50:14.330842
order_000965,cust_02686,delivered,2017-11-14 20:07:11,2017-11-24 06:26:46.791832,2017-11-22 09:50:38.317096
order_000966,cust_02843,delivered,2017-11-21 21:41:32,2017-11-30 00:30:55.290655,2017-11-27 00:59:59.825653
order_000967,cust_00750,delivered,2017-06-21 13:30:41,2017-06-29 22:41:05.594346,2017-06-30 18:17:23.968120
order_000968,cust_00140,delivered,2018-05-13 13:08:04,2018-05-21 21:53:15.786412,2018-05-21 23:44:30.000586
order_000969,cust_00231,delivered,2017-01-20 16:47:58,2017-01-29 22:25:15.445341,2017-01-28 01:59:33.448851
order_000970,cust_01901,delivered,2017-06-11 04:46:40,2017-06-22 04:19:08.584996,2017-06-17 02:06:17.431065
order_000971,cust_01841,delivered,2017-08-14 17:59:36,2017-08-24 16:45:07.337932,2017-08-18 04:14:17.210876
order_000972,cust_01694,delivered,2017-09-15 05:14:53,2017-09-23 23:34:40.787044,2017-09-24 15:40:40.829333
order_000973,cust_00656,delivered,2017-09-14 16:14:00,2017-09-24 01:49:47.802891,2017-09-21 16:50:01.880783
order_000974,cust_00642,delivered,2017-03-21 07:20:01,2017-03-31 06:39:29.183058,2017-03-25 10:32:57.040836
order_000975,cust_01628,delivered,2017-05-02 17:54:25,2017-05-11 08:56:12.399190,2017-05-13 09:33:00.433883
order_000976,cust_00081,delivered,2017-02-21 18:59:07,2017-03-04 12:29:05.838959,2017-02-27 11:52:01.638733
order_000977,cust_01832,delivered,2017-11-06 05:00:26,2017-11-16 08:41:54.849653,2017-11-13 04:52:23.931405
order_000978,cust_01646,delivered,2017-07-09 14:49:06,2017-07-18 01:38:39.862058,2017-07-20 06:41:50.905057
order_000979,cust_02161,delivered,2017-11-02 11:57:39,2017-11-11 07:49:32.162946,2017-11-11 07:53:28.263186
order_000980,cust_01668,delivered,2017-11-15 07:03:25,2017-11-24 17:05:57.950571,2017-11-22 01:28:24.072154
order_000981,cust_00955,delivered,2018-01-15 14:07:06,2018-01-22 05:20:43.843444,2018-01-23 13:31:23.586147
order_000982,cust_00545,delivered,2017-10-23 23:49:26,2017-10-31 18:40:39.353502,2017-10-30 11:25:22.007252
order_000983,cust_00495,delivered,2017-12-16 00:03:34,2017-12-26 04:11:35.288452,2017-12-29 04:48:25.744608
order_000984,cust_00718,delivered,2017-11-14 22:57:54,2017-11-22 18:51:24.172742,2017-11-22 12:56:28.270099
order_000985,cust_00965,delivered,2017-12-19 20:32:35,2017-12-26 16:55:16.845368,2018-01-05 16:49:22.313597
order_000986,cust_01952,delivered,2017-11-29 12:42:17,2017-12-08 19:14:27.584219,2017-12-09 05:47:22.845920
order_000987,cust_00827,delivered,2017-06-20 14:38:26,2017-06-29 15:14:51.737399,2017-07-10 17:40:45.888317
order_000988,cust_02978,delivered,2017-05-13 08:51:38,2017-05-22 01:49:46.407145,2017-05-22 14:59:27.634116
order_000989,cust_01663,delivered,2018-03-02 03:05:57,2018-03-12 07:10:28.968603,2018-03-08 18:00:55.802266
order_000990,cust_02357,delivered,2017-07-05 13:42:55,2017-07-14 02:23:46.714912,2017-07-13 16:38:39.015076
order_000991,cust_01281,delivered,2017-10-24 19:35:33,2017-11-02 22:21:06.855169,2017-10-31 23:44:48.851152
order_000992,cust_02875,delivered,2017-04-17 05:32:47,2017-04-27 05:39:12.025951,2017-04-24 05:51:08.181151
order_000993,cust_00486,delivered,2017-08-21 17:12:33,2017-08-28 17:28:43.095449,2017-09-11 00:17:12.380702
order_000994,cust_01440,delivered,2017-10-14 17:57:11,2017-10-23 01:08:07.532246,2017-10-25 10:24:56.563499
order_000995,cust_02154,delivered,2017-12-05 18:11:57,2017-12-15 22:25:04.912567,2017-12-11 03:37:52.684061
order_000996,cust_01871,delivered,2017-10-12 08:09:36,2017-10-21 16:27:32.421997,2017-10-23 08:58:43.161467
order_000997,cust_01381,delivered,2017-07-14 09:24:32,2017-07-24 06:04:35.610300,2017-07-22 04:10:39.096027
order_000998,cust_00437,delivered,2018-06-04 09:59:20,2018-06-15 02:28:21.347754,2018-06-13 03:26:50.277625
order_000999,cust_00073,delivered,2017-10-04 20:30:03,2017-10-15 03:44:55.167962,2017-10-10 22:02:54.648799
order_001000,cust_01199,delivered,2018-03-13 21:36:38,2018-03-21 21:11:21.211797,2018-03-21 12:02:26.329641
order_001001,cust_01070,delivered,2018-02-02 09:56:11,2018-02-11 05:44:24.780458,2018-02-12 08:24:48.575568
order_001002,cust_02897,delivered,2017-10-29 23:16:46,2017-11-06 20:36:33.632480,2017-11-06 22:30:07.334753
order_001003,cust_01843,delivered,2018-04-24 13:41:31,2018-05-04 10:35:50.634468,2018-05-02 05:05:09.286176
order_001004,cust_00538,delivered,2017-03-11 09:14:28,2017-03-18 18:03:37.828222,2017-03-21 16:09:34.161429
order_001005,cust_00499,delivered,2018-05-13 00:00:55,2018-05-23 11:18:47.408218,2018-05-21 11:50:24.402919
order_001006,cust_00459,delivered,2018-04-05 14:39:56,2018-04-13 07:28:50.718914,2018-04-17 14:14:44.073107
order_001007,cust_01907,delivered,2017-09-29 15:28:37,2017-10-07 01:56:29.333914,2017-10-08 11:14:17.153027
order_001008,cust_01935,delivered,2018-02-01 23:14:28,2018-02-09 22:34:09.516463,2018-02-08 23:35:00.248583
order_001009,cust_01704,delivered,2017-10-08 17:14:10,2017-10-17 13:12:14.418281,2017-10-15 12:53:56.245814
order_001010,cust_00853,delivered,2017-05-26 00:42:43,2017-06-05 07:32:22.179431,2017-06-04 20:09:13.390249
order_001011,cust_01095,delivered,2018-03-08 13:36:38,2018-03-16 19:02:52.062333,2018-03-14 03:31:55.643010
order_001012,cust_00100,delivered,2017-05-13 17:49:36,2017-05-23 06:02:44.001362,2017-05-23 19:52:39.605567
order_001013,cust_02903,delivered,2017-06-19 11:55:02,2017-06-29 19:09:07.257296,2017-06-28 17:03:54.291504
order_001014,cust_00250,delivered,2017-10-08 10:18:15,2017-10-16 17:47:57.653162,2017-10-20 00:26:47.051014
order_001015,cust_01579,delivered,2018-03-29 19:26:18,2018-04-08 16:24:14.129844,2018-04-24 00:33:04.755414
order_001016,cust_02404,delivered,2017-07-27 14:40:22,2017-08-04 23:51:37.292313,2017-08-06 15:10:54.750104
order_001017,cust_01556,delivered,2017-09-24 16:21:10,2017-10-02 07:29:27.064048,2017-10-01 13:04:32.468173
order_001018,cust_00991,delivered,2017-01-23 11:08:18,2017-02-01 05:53:28.107379,2017-01-28 17:01:57.472588
order_001019,cust_02881,delivered,2017-03-04 06:40:25,2017-03-13 15:35:27.820434,2017-03-13 15:15:41.975905
order_001020,cust_00494,delivered,2017-01-31 12:27:29,2017-02-08 17:28:49.935389,2017-02-08 21:29:53.980698
order_001021,cust_01044,delivered,2017-02-08 23:01:03,2017-02-17 01:08:31.689474,2017-02-12 17:00:54.138411
order_001022,cust_02792,delivered,2018-04-15 14:27:50,2018-04-25 00:59:39.078576,2018-05-09 08:40:53.600332
order_001023,cust_00211,delivered,2018-03-31 16:58:27,2018-04-07 23:15:32.443205,2018-04-08 21:08:07.875683
order_001024,cust_00455,delivered,2018-03-20 02:58:45,2018-03-29 10:29:36.143156,2018-03-28 08:24:23.646410
order_001025,cust_00546,delivered,2017-01-31 23:42:37,2017-02-08 08:04:18.308628,2017-02-07 04:53:26.111929
order_001026,cust_01354,delivered,2017-02-11 05:52:22,2017-02-20 01:23:52.349999,2017-02-19 14:12:25.840639
order_001027,cust_01227,delivered,2017-06-01 23:18:36,2017-06-12 22:15:50.841207,2017-06-11 06:59:33.167984
order_001028,cust_00041,delivered,2017-11-02 10:41:53,2017-11-10 04:43:03.710224,2017-11-07 05:45:41.964040
order_001029,cust_00350,delivered,2017-06-30 22:03:13,2017-07-10 15:57:41.676174,2017-07-07 22:19:03.885028
order_001030,cust_01871,delivered,2017-09-21 21:24:12,2017-09-30 00:43:35.202108,2017-09-28 09:01:07.832110
order_001031,cust_00204,delivered,2017-04-04 18:07:44,2017-04-14 04:40:03.509448,2017-04-13 10:03:26.818978
order_001032,cust_01926,delivered,2018-01-30 21:59:37,2018-02-09 03:14:51.041862,2018-02-09 02:49:23.857603
order_001033,cust_02918,delivered,2017-06-19 14:37:34,2017-06-29 15:08:49.192053,2017-06-28 22:06:45.245147
order_001034,cust_00924,delivered,2017-02-05 20:22:14,2017-02-14 08:44:09.232906,2017-02-17 02:55:54.399706
order_001035,cust_02357,delivered,2018-02-06 04:07:55,2018-02-15 04:24:56.914933,2018-02-13 04:47:07.308422
order_001036,cust_00484,delivered,2018-05-03 01:41:12,2018-05-11 08:03:45.302659,2018-05-10 09:30:43.971582
order_001037,cust_01326,delivered,2017-01-08 13:02:25,2017-01-19 17:02:40.620156,2017-01-18 04:46:18.142447
order_001038,cust_02641,delivered,2017-08-24 19:26:10,2017-09-03 14:13:17.497618,2017-09-14 17:01:37.352331
order_001039,cust_00212,delivered,2018-03-23 18:22:08,2018-04-03 10:10:32.039551,2018-03-31 11:07:33.525922
order_001040,cust_02850,delivered,2018-01-17 12:40:10,2018-01-25 21:35:35.934207,2018-01-24 05:06:07.058581
order_001041,cust_01885,delivered,2018-04-08 12:30:02,2018-04-17 17:07:15.124248,2018-04-21 22:55:06.032981
order_001042,cust_01085,delivered,2017-08-13 14:38:10,2017-08-22 10:08:55.558416,2017-08-20 16:16:26.468061
order_001043,cust_02086,delivered,2017-07-21 20:50:15,2017-08-01 08:21:26.455602,2017-07-28 16:48:59.617461
order_001044,cust_02625,delivered,2018-01-18 20:12:12,2018-01-25 16:11:52.214111,2018-01-25 17:53:52.196892
order_001045,cust_01875,delivered,2017-03-24 02:37:54,2017-03-30 15:12:09.317784,2017-03-29 01:02:29.084653
order_001046,cust_00622,delivered,2017-05-10 14:17:52,2017-05-18 22:13:18.216175,2017-05-17 12:57:55.423585
order_001047,cust_02795,delivered,2017-11-21 09:08:33,2017-12-01 16:37:38.759586,2017-12-04 13:01:18.199608
order_001048,cust_01067,delivered,2017-12-27 19:11:09,2018-01-05 09:58:10.943433,2018-01-26 22:35:21.599266
order_001049,cust_02902,delivered,2017-03-06 12:08:35,2017-03-14 09:43:49.410047,2017-03-15 02:44:57.821079
order_001050,cust_01141,delivered,2017-10-02 23:47:32,2017-10-12 07:46:39.190151,2017-10-09 16:10:59.356384
order_001051,cust_01938,delivered,2017-07-17 10:22:32,2017-07-26 21:37:56.249158,2017-07-25 09:34:03.939021
order_001052,cust_01843,delivered,2017-09-28 16:17:55,2017-10-06 20:35:51.917424,2017-10-02 08:38:19.565948
order_001053,cust_02714,delivered,2018-06-02 02:36:21,2018-06-12 11:56:43.309143,2018-06-07 16:39:31.141722
order_001054,cust_00456,delivered,2017-02-11 22:22:35,2017-02-21 05:25:30.920674,2017-02-21 01:02:19.807307
order_001055,cust_02290,delivered,2018-06-22 03:41:04,2018-07-01 05:02:06.273531,2018-06-30 12:01:01.888150
order_001056,cust_02200,delivered,2017-08-31 09:04:51,2017-09-09 10:48:37.360055,2017-09-09 00:51:33.981227
order_001057,cust_01271,delivered,2018-02-21 20:06:10,2018-03-02 20:33:53.584798,2018-02-28 19:45:05.111235
order_001058,cust_01134,delivered,2017-08-18 23:13:05,2017-08-27 13:56:26.249102,2017-08-25 22:43:47.731198
order_001059,cust_02508,delivered,2017-06-17 11:37:30,2017-06-25 06:51:27.011460,2017-06-26 09:28:33.078519
order_001060,cust_02657,delivered,2018-02-21 11:37:59,2018-03-02 23:58:47.433296,2018-02-27 10:38:57.746810
order_001061,cust_02805,delivered,2018-01-07 01:10:09,2018-01-16 08:01:22.111093,2018-01-17 09:31:18.753583
order_001062,cust_00878,delivered,2017-03-19 23:29:34,2017-03-28 12:02:35.250101,2017-03-27 10:46:45.396063
order_001063,cust_02259,delivered,2018-01-16 00:23:44,2018-01-24 15:04:03.267342,2018-01-23 00:15:40.851461
order_001064,cust_01589,delivered,2018-02-11 00:37:33,2018-02-19 21:49:52.039050,2018-02-21 22:16:10.710720
order_001065,cust_01646,delivered,2017-07-29 11:21:48,2017-08-07 07:30:14.373753,2017-08-03 16:46:55.131216
order_001066,cust_01991,delivered,2018-05-15 00:05:13,2018-05-25 05:58:01.428008,2018-05-23 07:47:12.504648
order_001067,cust_01720,delivered,2017-12-13 03:56:42,2017-12-22 21:57:14.161560,2017-12-26 03:12:08.623216
order_001068,cust_01027,delivered,2017-06-30 15:03:55,2017-07-08 04:34:39.552146,2017-07-08 04:50:32.888136
order_001069,cust_02908,delivered,2017-01-06 16:55:22,2017-01-16 23:51:19.245299,2017-01-11 15:42:22.790187
order_001070,cust_02931,delivered,2017-12-31 07:09:22,2018-01-09 12:36:56.573263,2018-01-09 15:49:49.393718
order_001071,cust_00966,delivered,2017-04-23 19:05:15,2017-05-01 01:41:30.790651,2017-05-01 08:54:43.631041
order_001072,cust_00498,delivered,2018-02-13 14:35:06,2018-02-21 18:16:20.507454,2018-02-17 23:09:39.490476
order_001073,cust_01426,delivered,2017-10-11 05:28:44,2017-10-21 05:58:42.991549,2017-10-14 18:39:50.738028
order_001074,cust_00063,delivered,2017-09-10 17:05:55,2017-09-18 06:13:27.468356,2017-09-24 13:01:38.810664
order_001075,cust_02468,delivered,2017-03-30 14:12:44,2017-04-07 07:27:11.518760,2017-04-06 11:34:19.816530
order_001076,cust_00630,delivered,2018-01-20 19:29:26,2018-01-29 12:17:30.049310,2018-01-29 09:52:56.728291
order_001077,cust_00059,delivered,2017-03-31 03:42:24,2017-04-10 05:33:25.056675,2017-04-12 16:36:17.845911
order_001078,cust_01832,delivered,2017-08-14 05:32:25,2017-08-22 21:07:01.630776,2017-08-24 23:28:33.171810
order_001079,cust_01551,delivered,2018-03-28 07:17:09,2018-04-06 01:33:28.838123,2018-04-07 15:09:34.394601
order_001080,cust_02951,delivered,2018-05-12 08:11:38,2018-05-21 14:27:33.186047,2018-05-22 17:14:27.516259
order_001081,cust_02872,delivered,2018-06-19 21:19:51,2018-06-29 21:50:43.035172,2018-06-25 04:40:44.595422
order_001082,cust_00184,delivered,2018-06-02 17:34:51,2018-06-11 01:00:15.389160,2018-06-09 16:48:45.653267
order_001083,cust_02387,delivered,2017-10-28 13:03:30,2017-11-03 22:23:04.854113,2017-11-06 19:13:49.975618
order_001084,cust_00302,delivered,2017-04-19 12:58:15,2017-04-28 02:43:58.701422,2017-04-26 01:59:18.698089
order_001085,cust_01637,delivered,2018-03-30 21:15:40,2018-04-08 12:16:00.068190,2018-04-09 14:25:36.929647
order_001086,cust_01945,delivered,2018-03-09 10:43:23,2018-03-18 22:35:08.417826,2018-03-16 14:40:24.263028
order_001087,cust_00993,delivered,2018-06-19 05:24:21,2018-06-27 03:13:57.755802,2018-07-01 00:36:52.490275
order_001088,cust_02078,delivered,2017-12-18 03:17:08,2017-12-25 17:57:08.252117,2017-12-24 01:28:47.975635
order_001089,cust_02234,delivered,2017-03-18 07:55:14,2017-03-27 16:02:04.024798,2017-03-25 01:03:42.404872
order_001090,cust_01180,delivered,2017-09-29 15:40:44,2017-10-10 04:17:18.358591,2017-10-12 01:25:14.759460
order_001091,cust_00479,shipped,2017-08-31 11:18:10,2017-09-10 04:52:58.810009,
order_001092,cust_01933,delivered,2018-04-01 10:07:22,2018-04-10 02:15:40.246450,2018-04-16 01:04:11.230170
order_001093,cust_00631,delivered,2017-07-31 11:31:18,2017-08-10 03:26:19.139217,2017-08-06 04:13:11.634791
order_001094,cust_01703,delivered,2017-06-27 23:23:49,2017-07-06 23:21:26.553841,2017-07-06 15:26:53.127807
order_001095,cust_00016,delivered,2017-02-13 23:56:36,2017-02-23 06:46:23.862816,2017-02-19 18:21:42.367649
order_001096,cust_01456,delivered,2018-03-28 03:52:15,2018-04-05 09:48:17.392203,2018-04-04 01:15:35.942504
order_001097,cust_02323,delivered,2018-02-12 02:44:48,2018-02-21 01:47:24.119059,2018-02-19 17:48:25.813055
order_001098,cust_00159,delivered,2017-01-23 05:51:48,2017-02-01 01:49:13.859098,2017-01-30 05:48:37.890597
order_001099,cust_00323,delivered,2017-08-23 20:26:49,2017-09-01 16:03:02.061410,2017-09-02 04:10:17.101216
order_001100,cust_02806,delivered,2017-09-17 11:01:42,2017-09-27 11:37:08.573371,2017-09-27 23:40:11.120323
order_001101,cust_00037,delivered,2017-09-11 20:43:42,2017-09-21 00:59:05.722876,2017-09-19 00:11:43.656976
order_001102,cust_00412,delivered,2018-05-12 15:31:19,2018-05-21 21:16:58.885065,2018-05-24 06:15:32.933042
order_001103,cust_01971,delivered,2017-03-23 13:16:36,2017-04-01 10:16:18.768201,2017-04-01 15:58:35.614047
order_001104,cust_00340,delivered,2017-06-15 06:45:22,2017-06-24 07:14:00.038932,2017-06-22 16:42:48.401194
order_001105,cust_02169,delivered,2017-04-08 08:15:24,2017-04-17 01:52:57.449168,2017-04-19 18:11:27.568695
order_001106,cust_00779,delivered,2017-05-12 03:32:42,2017-05-20 07:15:40.206475,2017-05-18 16:53:55.968203
order_001107,cust_00121,delivered,2018-05-05 12:27:41,2018-05-14 04:58:17.562919,2018-05-12 13:26:44.108779
order_001108,cust_02942,delivered,2018-05-23 06:43:44,2018-06-01 16:19:54.699113,2018-05-30 19:50:53.400059
order_001109,cust_02657,delivered,2017-01-25 07:01:09,2017-02-03 12:36:52.900483,2017-02-05 14:49:02.548829
order_001110,cust_02941,delivered,2017-12-08 00:56:56,2017-12-16 08:53:31.280974,2017-12-14 15:52:35.018869
order_001111,cust_01106,delivered,2017-05-06 19:10:42,2017-05-16 10:33:35.947506,2017-05-17 19:52:50.018953
order_001112,cust_00269,delivered,2017-04-14 22:32:32,2017-04-22 19:05:53.478410,2017-04-20 07:06:59.772043
order_001113,cust_02615,delivered,2017-06-07 11:57:31,2017-06-15 21:34:58.260018,2017-06-12 19:10:59.071957
order_001114,cust_00064,delivered,2017-04-15 12:51:53,2017-04-24 21:41:18.909819,2017-04-23 15:35:12.933644
order_001115,cust_01566,delivered,2017-09-22 22:13:12,2017-10-01 16:14:03.156853,2017-10-02 05:29:56.836858
order_001116,cust_01289,delivered,2018-06-22 12:16:32,2018-07-01 18:31:47.866184,2018-06-27 22:28:26.629189
order_001117,cust_02093,delivered,2017-11-13 14:56:40,2017-11-22 02:06:37.532833,2017-11-19 13:31:18.139382
order_001118,cust_00601,delivered,2018-01-26 10:16:27,2018-02-04 16:56:20.716881,2018-02-03 00:09:00.790663
order_001119,cust_00888,delivered,2017-09-24 12:20:37,2017-10-02 06:01:15.906698,2017-10-16 16:19:41.814542
order_001120,cust_02476,delivered,2017-01-08 12:31:29,2017-01-14 06:20:52.435674,2017-01-16 11:35:25.217524
order_001121,cust_02045,delivered,2017-02-15 17:03:56,2017-02-24 23:49:36.005310,2017-02-24 00:27:02.383186
order_001122,cust_00100,delivered,2017-05-26 14:30:01,2017-06-03 21:50:50.070481,2017-05-31 11:37:55.364027
order_001123,cust_01598,delivered,2017-05-12 12:05:39,2017-05-22 15:25:16.077558,2017-05-21 05:01:57.967850
order_001124,cust_00708,delivered,2018-03-30 01:49:12,2018-04-09 16:25:00.992131,2018-04-04 17:29:48.834841
order_001125,cust_01145,delivered,2018-04-01 21:42:29,2018-04-10 12:23:48.558548,2018-04-11 01:11:26.486138
order_001126,cust_00541,delivered,2018-04-07 21:19:07,2018-04-16 00:02:01.463809,2018-04-11 16:30:01.489462
order_001127,cust_00243,delivered,2017-12-11 04:25:36,2017-12-22 16:00:04.149987,2017-12-18 02:57:19.489147
order_001128,cust_02298,delivered,2017-10-28 07:02:22,2017-11-06 18:08:31.397582,2017-11-05 04:15:48.536526
order_001129,cust_02148,delivered,2017-12-17 23:21:37,2017-12-26 22:49:58.305431,2017-12-29 05:12:41.617803
order_001130,cust_00089,delivered,2017-08-08 07:42:19,2017-08-15 18:03:46.090874,2017-08-12 09:38:14.429958
order_001131,cust_01932,delivered,2017-12-28 19:29:33,2018-01-08 12:14:35.956014,2018-01-04 09:13:24.543935
order_001132,cust_01637,delivered,2018-03-05 18:51:28,2018-03-13 06:57:14.898525,2018-03-13 08:11:32.542882
order_001133,cust_00248,delivered,2018-02-16 20:39:27,2018-02-25 23:56:37.327346,2018-02-24 11:39:25.453240
order_001134,cust_02320,delivered,2017-11-28 00:23:02,2017-12-06 19:55:00.335597,2017-12-04 12:02:08.082975
order_001135,cust_02649,delivered,2017-02-01 11:35:23,2017-02-10 06:27:03.807667,2017-02-06 04:33:18.555983
order_001136,cust_00336,delivered,2018-01-27 13:34:20,2018-02-06 03:53:47.565777,2018-02-11 02:30:17.361928
order_001137,cust_00180,delivered,2017-07-17 20:05:34,2017-07-27 19:48:23.698534,2017-07-22 14:06:48.923514
order_001138,cust_01862,delivered,2018-02-06 05:23:13,2018-02-13 17:23:50.307001,2018-02-10 17:39:02.328622
order_001139,cust_01410,delivered,2017-10-19 07:21:45,2017-10-27 16:57:45.484989,2017-10-28 09:27:10.551534
order_001140,cust_02702,delivered,2018-04-21 04:19:03,2018-05-01 01:10:41.304279,2018-05-01 02:59:36.744820
order_001141,cust_00774,delivered,2017-07-02 18:17:12,2017-07-12 07:43:49.045433,2017-07-28 23:43:42.619643
order_001142,cust_01560,delivered,2018-05-18 23:58:22,2018-05-26 14:18:30.108111,2018-06-01 06:13:40.383201
order_001143,cust_00960,delivered,2018-04-02 03:22:14,2018-04-11 01:08:05.771234,2018-04-10 14:32:45.605168
order_001144,cust_02966,delivered,2017-06-28 05:35:41,2017-07-07 00:01:34.642976,2017-07-02 16:50:05.312323
order_001145,cust_01425,delivered,2017-09-18 07:22:09,2017-09-28 02:07:52.597224,2017-09-25 18:12:58.813677
order_001146,cust_00811,shipped,2017-10-14 21:20:12,2017-10-24 00:50:04.143277,
order_001147,cust_01582,delivered,2018-02-20 10:41:51,2018-03-02 09:42:41.108468,2018-03-03 08:30:46.822971
order_001148,cust_00937,delivered,2018-01-08 06:45:59,2018-01-16 11:49:27.549965,2018-01-15 23:02:19.210506
order_001149,cust_01263,delivered,2018-04-06 07:44:08,2018-04-15 22:31:37.224284,2018-04-14 10:29:47.363732
order_001150,cust_01168,delivered,2017-07-19 14:21:17,2017-07-28 22:08:53.934295,2017-07-25 11:30:27.335965
order_001151,cust_02619,delivered,2017-09-30 09:17:18,2017-10-09 08:33:44.349156,2017-10-07 16:32:09.443276
order_001152,cust_02906,delivered,2017-08-21 03:22:11,2017-08-28 16:47:56.837443,2017-09-01 13:44:03.935461
order_001153,cust_02842,delivered,2018-05-07 19:40:57,2018-05-17 13:26:56.700167,2018-05-18 04:24:40.599598
order_001154,cust_01445,delivered,2017-06-14 10:08:00,2017-06-23 02:50:22.855543,2017-06-27 02:28:10.677977
order_001155,cust_00437,delivered,2017-11-14 06:09:36,2017-11-25 04:24:55.578442,2017-11-21 05:22:59.566807
order_001156,cust_01045,delivered,2017-03-06 17:28:56,2017-03-14 21:40:24.481618,2017-03-27 11:37:37.498241
order_001157,cust_01260,delivered,2018-04-05 17:53:12,2018-04-14 17:49:46.047477,2018-04-09 20:10:58.093619
order_001158,cust_01088,delivered,2017-07-27 03:43:15,2017-08-04 16:34:25.243381,2017-08-03 09:55:09.167180
order_001159,cust_01679,delivered,2017-07-03 01:46:08,2017-07-11 06:48:46.572921,2017-07-08 19:56:47.552444
order_001160,cust_02781,delivered,2017-11-11 01:05:23,2017-11-19 12:21:49.485326,2017-11-24 21:05:07.246616
order_001161,cust_00772,delivered,2017-09-27 18:22:39,2017-10-05 21:13:35.021190,2017-10-05 01:24:33.530188
order_001162,cust_00329,delivered,2018-04-03 15:01:04,2018-04-12 18:18:42.311585,2018-04-12 06:29:29.650362
order_001163,cust_02115,delivered,2017-10-14 19:00:30,2017-10-23 03:36:12.910406,2017-10-22 03:33:17.091744
order_001164,cust_02479,delivered,2017-10-07 15:02:01,2017-10-14 21:44:30.692002,2017-10-15 13:06:53.527226
order_001165,cust_02029,delivered,2017-02-26 09:38:26,2017-03-08 22:37:14.549061,2017-03-06 18:20:44.610535
order_001166,cust_01876,delivered,2017-01-12 14:08:57,2017-01-21 21:43:36.535573,2017-01-19 05:50:30.640291
order_001167,cust_02341,delivered,2017-08-04 17:20:22,2017-08-13 13:36:18.756809,2017-08-10 11:08:18.685464
order_001168,cust_00007,delivered,2018-06-24 09:34:20,2018-07-03 09:58:42.082684,2018-07-07 02:47:16.517485
order_001169,cust_02202,delivered,2018-05-11 21:57:47,2018-05-19 14:10:15.534500,2018-05-24 08:04:00.930601
order_001170,cust_01302,delivered,2017-12-06 21:35:25,2017-12-16 07:17:37.380688,2017-12-15 15:32:00.506838
order_001171,cust_01697,delivered,2017-12-07 19:13:01,2017-12-17 14:27:44.513737,2017-12-15 07:52:41.030722
order_001172,cust_01425,delivered,2017-07-31 23:48:51,2017-08-08 12:40:27.653800,2017-08-10 01:01:58.158721
order_001173,cust_01607,delivered,2017-04-06 09:22:14,2017-04-16 02:12:07.838757,2017-04-13 07:06:31.135821
order_001174,cust_00248,delivered,2017-01-05 02:44:18,2017-01-14 14:57:35.432111,2017-01-13 00:30:38.735790
order_001175,cust_01416,delivered,2017-07-02 11:37:16,2017-07-13 04:20:25.668191,2017-07-09 14:33:39.427893
order_001176,cust_02847,delivered,2017-06-20 17:54:04,2017-06-29 13:06:09.172078,2017-06-27 16:26:08.716119
order_001177,cust_00418,delivered,2017-04-14 18:42:16,2017-04-22 15:32:10.714195,2017-04-22 10:08:09.197553
order_001178,cust_00802,delivered,2017-05-20 09:19:28,2017-05-30 09:23:35.560628,2017-05-30 14:18:01.708583
order_001179,cust_01993,delivered,2017-01-14 07:01:20,2017-01-23 12:15:47.438670,2017-01-21 22:00:06.550476
order_001180,cust_02785,delivered,2017-11-25 10:41:28,2017-12-04 03:59:35.047549,2017-12-03 13:17:18.826387
order_001181,cust_02323,delivered,2018-05-16 19:17:35,2018-05-26 23:30:26.869223,2018-06-07 16:26:34.236864
order_001182,cust_02165,delivered,2018-01-09 01:27:15,2018-01-19 06:08:11.705118,2018-01-15 10:28:30.689892
order_001183,cust_02163,delivered,2017-08-31 07:52:25,2017-09-08 18:27:42.499397,2017-09-05 18:15:14.171498
order_001184,cust_01893,delivered,2017-08-15 05:31:01,2017-08-24 01:08:26.063874,2017-08-26 07:18:37.950958
order_001185,cust_02885,delivered,2017-06-16 19:20:37,2017-06-25 13:03:34.286268,2017-06-26 12:43:30.611714
order_001186,cust_00265,delivered,2017-03-18 11:16:18,2017-03-27 06:31:22.575997,2017-03-31 16:57:03.201424
order_001187,cust_01389,delivered,2017-11-20 02:04:59,2017-11-30 11:30:42.115509,2017-11-27 14:26:32.866881
order_001188,cust_01810,delivered,2017-11-02 06:16:58,2017-11-11 07:14:07.175604,2017-11-08 15:02:32.911878
order_001189,cust_01749,delivered,2017-01-04 01:03:55,2017-01-13 10:45:49.477562,2017-01-10 14:48:05.547172
order_001190,cust_00202,delivered,2017-08-13 11:24:48,2017-08-22 13:20:18.665829,2017-08-21 01:34:20.150569
order_001191,cust_01291,delivered,2017-05-31 23:56:39,2017-06-11 06:03:09.742067,2017-06-07 08:28:50.877546
order_001192,cust_01536,delivered,2017-04-02 13:36:48,2017-04-12 08:14:25.715420,2017-04-09 21:24:52.676333
order_001193,cust_00351,delivered,2018-01-15 20:52:01,2018-01-24 08:58:30.415997,2018-01-21 13:39:48.871683
order_001194,cust_01427,delivered,2017-10-11 17:49:19,2017-10-21 14:10:58.289333,2017-10-19 21:42:27.174947
order_001195,cust_01163,delivered,2017-12-09 21:11:18,2017-12-19 22:13:22.610937,2017-12-20 18:38:43.954345
order_001196,cust_01370,canceled,2018-01-21 07:27:51,2018-01-31 01:01:53.104587,
order_001197,cust_01660,delivered,2018-06-15 22:49:50,2018-06-24 03:55:19.835791,2018-06-27 05:22:36.251047
order_001198,cust_01915,delivered,2018-03-10 05:43:38,2018-03-19 11:01:34.696601,2018-03-24 00:02:43.640107
order_001199,cust_01893,delivered,2017-12-01 10:31:10,2017-12-09 22:45:54.951079,2017-12-22 10:52:56.093604
order_001200,cust_02737,delivered,2018-04-20 16:21:02,2018-04-29 00:44:30.448675,2018-04-27 05:38:10.443227
order_001201,cust_00974,delivered,2017-09-15 06:53:02,2017-09-23 04:01:18.529507,2017-10-05 21:14:58.805086
order_001202,cust_00642,delivered,2018-06-16 06:20:49,2018-06-26 04:02:39.167738,2018-06-22 10:18:27.230731
order_001203,cust_01885,shipped,2018-02-16 03:07:14,2018-02-25 09:46:11.408437,
order_001204,cust_02978,delivered,2017-12-18 00:06:03,2017-12-27 00:52:54.890744,2017-12-25 23:04:48.022415
order_001205,cust_01182,delivered,2018-05-03 12:01:44,2018-05-13 04:18:58.577811,2018-05-14 20:19:06.332603
order_001206,cust_01839,delivered,2017-10-06 23:40:55,2017-10-15 15:20:07.400495,2017-10-19 19:10:34.324865
order_001207,cust_01636,delivered,2018-01-25 05:16:52,2018-02-01 07:03:14.209331,2018-02-03 09:22:05.453571
order_001208,cust_00877,delivered,2017-06-03 10:33:49,2017-06-14 04:42:33.821434,2017-06-10 08:25:27.506775
order_001209,cust_02296,delivered,2018-06-05 22:27:11,2018-06-14 01:58:51.304690,2018-06-13 10:57:49.182352
order_001210,cust_01804,delivered,2017-12-03 18:32:07,2017-12-14 01:57:04.775534,2017-12-14 01:17:08.538890
order_001211,cust_02110,delivered,2018-02-27 00:05:45,2018-03-08 11:41:43.314258,2018-03-05 04:12:02.942808
order_001212,cust_01516,delivered,2017-09-06 12:00:51,2017-09-14 00:12:17.374777,2017-09-13 04:51:46.359450
order_001213,cust_02596,delivered,2018-04-14 03:26:12,2018-04-23 14:02:15.295439,2018-04-22 21:48:03.256600
order_001214,cust_01795,delivered,2017-02-10 05:55:42,2017-02-19 00:10:42.988578,2017-02-16 01:22:55.132242
order_001215,cust_02161,delivered,2017-03-03 05:54:55,2017-03-13 12:19:41.726652,2017-03-13 06:37:58.610836
order_001216,cust_01948,delivered,2017-10-01 14:41:58,2017-10-10 15:42:40.499375,2017-10-10 02:30:38.258043
order_001217,cust_00719,delivered,2018-01-31 04:46:29,2018-02-10 05:09:22.777520,2018-02-08 05:17:30.688046
order_001218,cust_02524,delivered,2018-03-13 06:02:41,2018-03-22 03:27:47.217957,2018-03-21 16:53:24.096769
order_001219,cust_01546,delivered,2017-08-26 05:25:07,2017-09-05 08:04:29.391869,2017-09-02 05:38:57.115936
order_001220,cust_02251,delivered,2017-12-17 08:33:54,2017-12-27 04:11:43.209260,2017-12-24 19:37:00.195851
order_001221,cust_00771,delivered,2017-10-26 15:44:42,2017-11-03 05:07:41.369359,2017-11-03 01:51:36.646005
order_001222,cust_00938,delivered,2018-06-04 09:35:57,2018-06-12 23:43:13.631434,2018-06-15 09:23:40.555730
order_001223,cust_01343,delivered,2017-12-20 07:51:37,2017-12-30 21:22:15.838246,2017-12-29 13:44:27.051509
order_001224,cust_02144,delivered,2017-08-14 12:25:20,2017-08-25 08:45:06.004132,2017-08-22 12:05:16.516031
order_001225,cust_00698,delivered,2018-06-08 14:45:38,2018-06-18 00:10:25.088230,2018-06-15 10:34:26.753143
order_001226,cust_00525,delivered,2017-02-27 00:22:07,2017-03-07 10:05:38.853547,2017-03-06 13:10:36.828177
order_001227,cust_00678,delivered,2018-06-16 21:21:58,2018-06-25 06:16:01.077199,2018-06-24 07:48:16.343629
order_001228,cust_01057,delivered,2017-03-25 21:59:39,2017-04-05 12:36:19.794967,2017-04-02 06:01:02.975951
order_001229,cust_02320,delivered,2017-06-05 14:27:40,2017-06-13 12:12:21.186175,2017-07-03 07:39:30.424454
order_001230,cust_02301,delivered,2018-03-20 13:47:25,2018-03-29 20:26:17.236247,2018-03-28 06:24:04.269229
order_001231,cust_00904,delivered,2018-02-01 16:40:07,2018-02-10 20:04:20.932155,2018-02-08 13:57:14.404691
order_001232,cust_00673,delivered,2018-06-08 10:34:50,2018-06-17 02:47:40.597963,2018-06-15 14:39:16.658115
order_001233,cust_01065,canceled,2018-02-09 08:46:19,2018-02-18 21:33:16.269320,
order_001234,cust_01383,delivered,2017-12-10 08:27:52,2017-12-19 00:39:04.207221,2017-12-18 06:22:11.456501
order_001235,cust_00553,delivered,2017-07-07 03:50:01,2017-07-16 09:41:02.452401,2017-07-13 04:02:01.958291
order_001236,cust_01351,delivered,2017-01-03 20:11:16,2017-01-13 02:32:54.036808,2017-01-11 11:10:14.052756
order_001237,cust_00388,delivered,2017-03-08 07:41:38,2017-03-17 03:57:42.500256,2017-03-12 07:16:25.277755
order_001238,cust_02888,delivered,2017-06-10 06:49:32,2017-06-17 05:35:40.590998,2017-06-18 00:01:17.555820
order_001239,cust_01817,delivered,2017-01-23 23:08:34,2017-02-03 02:07:33.111647,2017-01-29 08:58:36.240825
order_001240,cust_01148,delivered,2017-10-02 12:09:39,2017-10-12 22:42:43.337038,2017-10-15 23:48:05.670052
order_001241,cust_01046,delivered,2018-02-24 14:55:24,2018-03-07 05:23:34.982742,2018-03-05 04:14:08.150286
order_001242,cust_00047,delivered,2018-06-05 05:53:26,2018-06-14 01:47:42.101151,2018-06-15 01:50:59.810724
order_001243,cust_02362,delivered,2017-09-22 06:39:36,2017-09-30 22:01:11.200513,2017-09-28 16:14:28.984054
order_001244,cust_00622,delivered,2018-04-18 17:28:48,2018-04-28 05:57:03.248433,2018-04-26 19:46:43.577495
order_001245,cust_01062,delivered,2018-06-17 10:49:19,2018-06-26 19:01:44.443538,2018-06-25 14:45:21.275720
order_001246,cust_02912,delivered,2018-04-10 03:32:45,2018-04-20 08:40:56.004081,2018-04-18 15:25:57.254411
order_001247,cust_00499,delivered,2017-09-09 20:03:08,2017-09-20 14:43:36.681482,2017-09-18 15:29:35.892196
order_001248,cust_01348,delivered,2017-06-25 09:39:58,2017-07-02 14:55:49.496377,2017-07-21 20:59:30.898823
order_001249,cust_01105,delivered,2018-06-13 16:02:33,2018-06-22 14:58:09.169962,2018-06-19 16:56:01.749261
order_001250,cust_02788,delivered,2017-05-11 08:11:26,2017-05-19 11:18:53.237057,2017-05-18 02:36:35.835303
order_001251,cust_01594,delivered,2017-08-11 13:27:20,2017-08-19 16:19:32.391145,2017-08-18 05:13:25.614341
order_001252,cust_02609,delivered,2017-02-09 18:36:54,2017-02-18 14:51:42.908160,2017-02-19 06:26:27.401169
order_001253,cust_01073,delivered,2018-03-05 21:14:38,2018-03-17 05:50:20.593165,2018-03-12 03:39:47.876114
order_001254,cust_00945,delivered,2017-12-17 04:58:34,2017-12-26 13:42:10.664110,2017-12-25 00:12:24.005954
order_001255,cust_01673,delivered,2017-02-15 16:08:18,2017-02-23 09:08:21.179749,2017-02-22 12:57:04.641349
order_001256,cust_01619,delivered,2017-04-30 21:57:04,2017-05-09 05:32:07.324095,2017-05-08 06:03:43.496929
order_001257,cust_02443,delivered,2017-10-27 15:25:31,2017-11-03 22:22:20.250964,2017-11-04 03:41:41.270465
order_001258,cust_02561,delivered,2017-10-19 03:26:02,2017-10-28 12:57:30.158755,2017-10-27 01:11:20.315241
order_001259,cust_01325,delivered,2018-03-10 04:33:15,2018-03-19 01:45:10.750272,2018-03-24 11:13:19.933392
order_001260,cust_01350,delivered,2017-05-24 04:52:02,2017-06-04 02:17:19.892118,2017-06-02 09:57:08.359509
order_001261,cust_02746,delivered,2018-05-15 02:33:11,2018-05-25 17:17:57.073844,2018-05-22 09:00:53.339509
order_001262,cust_01997,delivered,2017-08-29 18:05:22,2017-09-08 06:26:38.866879,2017-09-06 02:22:28.849549
order_001263,cust_02279,delivered,2018-03-21 23:09:48,2018-03-30 16:54:48.843246,2018-03-29 20:50:11.930394
order_001264,cust_00402,delivered,2017-05-09 12:24:18,2017-05-18 21:05:33.908312,2017-05-17 17:01:04.384579
order_001265,cust_02765,delivered,2017-01-20 14:22:21,2017-01-30 05:05:48.323919,2017-01-31 22:02:58.996670
order_001266,cust_00508,delivered,2017-01-30 18:34:07,2017-02-09 11:51:56.320672,2017-02-07 19:41:41.599826
order_001267,cust_02514,delivered,2017-07-21 09:58:35,2017-07-29 11:57:40.686088,2017-07-28 09:01:04.172947
order_001268,cust_01882,delivered,2018-05-30 11:20:20,2018-06-08 13:58:52.432227,2018-06-11 21:37:00.176825
order_001269,cust_00742,delivered,2017-01-27 14:08:11,2017-02-06 03:25:21.793464,2017-02-03 22:06:57.500041
order_001270,cust_01261,delivered,2017-07-19 07:18:41,2017-07-28 16:38:09.672773,2017-07-27 15:28:51.670179
order_001271,cust_00476,delivered,2017-03-01 01:29:00,2017-03-10 20:15:40.583101,2017-03-04 14:55:16.572671
order_001272,cust_00784,delivered,2018-05-19 13:37:35,2018-05-31 03:03:18.258656,2018-05-27 13:55:19.039709
order_001273,cust_00969,shipped,2017-12-31 19:43:51,2018-01-09 00:22:42.957932,
order_001274,cust_00935,delivered,2018-02-16 01:45:26,2018-02-24 18:03:32.961884,2018-02-22 16:53:50.573474
order_001275,cust_02134,delivered,2018-01-21 05:11:58,2018-01-29 16:26:33.959278,2018-01-30 04:26:35.785310
order_001276,cust_01088,delivered,2017-12-21 06:18:42,2017-12-30 19:22:41.954127,2017-12-27 12:07:08.509701
order_001277,cust_00566,delivered,2018-02-22 19:18:32,2018-03-03 00:44:44.555500,2018-03-02 13:20:18.171184
order_001278,cust_01730,delivered,2017-01-05 12:06:37,2017-01-13 11:22:18.910238,2017-01-19 11:23:28.509172
order_001279,cust_00839,delivered,2018-04-13 12:49:30,2018-04-22 15:36:55.221469,2018-04-20 05:09:12.694264
order_001280,cust_01531,delivered,2018-02-04 15:29:10,2018-02-12 17:17:33.094745,2018-02-13 16:23:13.911722
order_001281,cust_01461,delivered,2018-02-04 06:38:15,2018-02-12 23:23:27.217276,2018-02-13 11:53:22.944886
order_001282,cust_01286,delivered,2017-08-01 17:07:30,2017-08-10 21:06:51.096488,2017-08-07 19:10:23.045781
order_001283,cust_00520,delivered,2018-03-09 00:43:30,2018-03-18 01:18:48.261848,2018-03-18 00:28:46.042237
order_001284,cust_02474,delivered,2017-07-26 02:43:45,2017-08-02 21:07:15.336663,2017-08-01 00:23:24.734012
order_001285,cust_02767,delivered,2017-01-27 19:34:48,2017-02-04 12:05:08.295576,2017-02-22 22:56:40.963373
order_001286,cust_01711,delivered,2018-05-06 15:47:48,2018-05-15 00:22:23.742737,2018-05-13 23:12:36.696247
order_001287,cust_02539,delivered,2017-05-07 04:14:06,2017-05-14 13:29:01.607028,2017-05-14 18:06:59.768463
order_001288,cust_00049,delivered,2017-02-25 10:31:48,2017-03-07 02:14:50.596049,2017-03-16 11:30:30.738894
order_001289,cust_02854,delivered,2017-12-02 01:14:35,2017-12-10 11:26:24.574266,2017-12-12 12:13:18.407775
order_001290,cust_01742,delivered,2017-05-07 16:07:27,2017-05-17 05:23:26.859241,2017-05-14 17:03:50.412555
order_001291,cust_02762,delivered,2018-04-09 18:08:27,2018-04-18 20:54:33.992973,2018-04-16 19:33:14.068784
order_001292,cust_00446,delivered,2017-08-28 06:40:53,2017-09-06 13:47:56.715390,2017-09-05 03:31:25.494203
order_001293,cust_01662,delivered,2017-01-03 08:24:03,2017-01-13 10:50:25.565803,2017-01-10 03:51:32.139373
order_001294,cust_02459,delivered,2018-05-29 05:41:01,2018-06-09 03:30:13.053278,2018-06-08 00:34:40.819155
order_001295,cust_00019,delivered,2017-10-05 09:20:38,2017-10-12 20:32:24.295683,2017-10-13 00:21:00.164938
order_001296,cust_00405,delivered,2017-05-23 06:32:07,2017-06-01 15:00:16.689177,2017-06-03 13:32:53.910482
order_001297,cust_02108,delivered,2018-01-01 05:55:46,2018-01-09 06:44:23.975542,2018-01-09 07:26:16.991940
order_001298,cust_02338,delivered,2017-10-14 10:19:29,2017-10-23 23:13:34.087423,2017-10-22 21:24:48.426787
order_001299,cust_00650,delivered,2017-01-16 20:37:13,2017-01-26 11:29:07.919476,2017-01-25 04:56:17.043983
order_001300,cust_01865,delivered,2018-02-15 18:18:20,2018-02-25 13:31:35.966311,2018-02-22 15:26:39.101972
order_001301,cust_02371,delivered,2017-08-05 07:08:09,2017-08-14 00:10:56.213224,2017-08-09 21:55:27.566871
order_001302,cust_02552,delivered,2018-01-13 22:37:41,2018-01-22 02:45:58.009057,2018-01-22 05:06:30.849989
order_001303,cust_00686,delivered,2018-04-29 05:02:40,2018-05-08 10:51:16.497250,2018-05-04 08:34:41.151724
order_001304,cust_02785,delivered,2017-11-26 21:51:27,2017-12-06 19:38:11.006869,2017-12-03 11:06:38.257738
order_001305,cust_02303,delivered,2017-12-29 07:25:19,2018-01-08 10:33:03.788141,2018-01-03 20:59:06.964313
order_001306,cust_00664,delivered,2017-05-18 12:57:58,2017-05-28 18:37:55.304080,2017-05-25 18:40:28.984312
order_001307,cust_01616,delivered,2017-05-09 04:52:32,2017-05-18 01:31:53.500480,2017-05-15 07:04:46.155541
order_001308,cust_01027,delivered,2017-08-13 18:17:18,2017-08-22 23:25:08.629314,2017-08-23 03:36:31.336170
order_001309,cust_01339,delivered,2018-04-06 07:37:25,2018-04-13 09:16:39.683425,2018-04-12 18:03:44.888927
order_001310,cust_00283,delivered,2017-10-11 20:56:30,2017-10-19 13:36:24.641787,2017-10-17 13:01:31.452785
order_001311,cust_01030,delivered,2017-07-07 01:59:25,2017-07-15 13:31:29.628802,2017-07-13 22:36:42.654900
order_001312,cust_00004,delivered,2018-02-25 12:02:52,2018-03-06 18:35:34.945671,2018-03-08 04:48:49.692898
order_001313,cust_02342,canceled,2018-04-06 03:48:16,2018-04-13 23:14:24.476274,
order_001314,cust_00748,delivered,2018-05-03 21:20:05,2018-05-12 04:42:59.918810,2018-05-14 04:17:42.302835
order_001315,cust_02995,delivered,2017-06-11 10:00:33,2017-06-20 19:36:52.028673,2017-07-07 12:44:51.293071
order_001316,cust_00380,delivered,2018-01-19 16:11:14,2018-01-28 04:14:29.625852,2018-01-27 00:24:11.141645
order_001317,cust_00850,delivered,2017-11-15 21:06:25,2017-11-25 18:37:10.627165,2017-11-21 05:24:01.319236
order_001318,cust_01016,delivered,2017-08-31 12:51:19,2017-09-10 07:06:51.382408,2017-09-06 14:13:04.074456
order_001319,cust_01535,delivered,2017-08-03 01:22:29,2017-08-11 08:32:20.232766,2017-08-08 21:00:11.689287
order_001320,cust_01744,delivered,2017-03-03 05:17:50,2017-03-13 14:28:06.329061,2017-03-08 01:44:48.077573
order_001321,cust_01497,delivered,2017-05-29 05:06:15,2017-06-08 02:56:07.326052,2017-06-07 02:10:43.922755
order_001322,cust_02219,delivered,2017-10-24 21:56:25,2017-10-31 20:27:27.527469,2017-10-31 14:29:48.039888
order_001323,cust_02500,delivered,2018-04-24 21:48:01,2018-05-06 00:05:14.589773,2018-05-02 15:05:21.165953
order_001324,cust_02316,shipped,2018-04-13 11:26:49,2018-04-23 16:16:27.117156,
order_001325,cust_00788,delivered,2017-04-12 21:21:37,2017-04-20 20:03:39.356783,2017-04-20 11:37:08.317119
order_001326,cust_01534,delivered,2018-01-02 05:54:15,2018-01-10 12:32:58.566724,2018-01-11 00:12:49.884342
order_001327,cust_01946,delivered,2017-02-15 16:18:24,2017-02-25 21:02:54.019010,2017-02-24 04:17:15.528174
order_001328,cust_02013,delivered,2017-12-31 09:24:23,2018-01-08 03:57:00.901950,2018-01-08 07:40:35.245812
order_001329,cust_01722,delivered,2017-07-04 05:46:16,2017-07-12 11:09:55.721373,2017-07-12 23:01:31.055381
order_001330,cust_01958,delivered,2017-08-31 06:00:00,2017-09-09 07:22:27.882441,2017-09-09 07:42:43.060963
order_001331,cust_02944,delivered,2018-01-23 10:04:31,2018-02-02 00:56:28.277926,2018-01-29 17:50:17.406564
order_001332,cust_01677,delivered,2017-08-18 08:09:06,2017-08-29 11:47:37.975456,2017-08-22 17:28:08.757785
order_001333,cust_00009,delivered,2018-03-13 05:04:09,2018-03-24 04:44:51.505394,2018-03-21 01:04:57.978438
order_001334,cust_00910,delivered,2017-10-16 08:01:10,2017-10-25 18:01:53.927108,2017-10-22 11:52:52.936054
order_001335,cust_01807,delivered,2018-06-24 03:05:10,2018-07-02 11:16:06.283752,2018-07-04 02:55:47.529915
order_001336,cust_02863,delivered,2017-12-11 23:16:19,2017-12-20 03:17:28.948848,2017-12-19 17:47:17.470507
order_001337,cust_00351,delivered,2017-06-10 09:07:11,2017-06-17 10:56:35.568404,2017-06-19 00:15:49.851730
order_001338,cust_01683,delivered,2018-02-23 02:34:37,2018-03-03 22:10:01.003986,2018-03-15 17:00:48.791796
order_001339,cust_00985,delivered,2017-08-09 13:49:10,2017-08-17 21:47:32.317231,2017-08-18 10:11:50.393552
order_001340,cust_00068,canceled,2017-10-16 21:11:41,2017-10-26 17:59:46.334002,
order_001341,cust_00868,delivered,2017-03-15 08:38:18,2017-03-23 19:23:31.647474,2017-03-20 02:59:16.857947
order_001342,cust_00475,delivered,2017-03-06 20:17:08,2017-03-15 13:53:43.641484,2017-03-13 12:36:51.097293
order_001343,cust_01721,delivered,2017-11-07 14:39:35,2017-11-17 22:42:48.398825,2017-11-13 19:08:43.295971
order_001344,cust_02463,delivered,2017-04-11 17:44:31,2017-04-21 07:30:36.090849,2017-04-17 21:12:42.278901
order_001345,cust_01742,delivered,2018-06-23 07:06:36,2018-07-02 05:19:58.465822,2018-07-03 16:00:51.896075
order_001346,cust_01222,delivered,2018-04-08 00:53:11,2018-04-16 08:16:05.432357,2018-04-20 17:06:14.865636
order_001347,cust_00556,delivered,2018-01-14 08:18:01,2018-01-23 00:32:34.618424,2018-01-20 12:04:04.359453
order_001348,cust_01042,shipped,2018-02-01 22:11:13,2018-02-09 00:35:09.941442,
order_001349,cust_02545,delivered,2017-11-18 18:58:34,2017-11-26 14:12:00.396981,2017-12-05 05:10:00.876880
order_001350,cust_01361,delivered,2017-02-02 18:49:11,2017-02-11 16:08:07.367835,2017-02-06 21:12:17.446143
order_001351,cust_01914,delivered,2017-07-31 21:04:46,2017-08-11 03:00:25.179831,2017-08-08 18:17:59.951022
order_001352,cust_00933,delivered,2017-09-25 08:57:30,2017-10-02 05:19:45.714845,2017-10-02 21:09:33.430407
order_001353,cust_01965,delivered,2018-05-10 07:43:43,2018-05-18 16:49:18.820021,2018-05-22 22:27:19.634603
order_001354,cust_01307,delivered,2017-04-29 22:12:16,2017-05-09 08:37:03.539588,2017-05-08 13:26:37.871815
order_001355,cust_02856,delivered,2017-09-26 13:42:58,2017-10-06 04:20:46.202874,2017-10-05 18:45:03.345754
order_001356,cust_02581,delivered,2017-07-05 07:09:03,2017-07-10 17:06:40.679536,2017-07-12 16:02:57.233683
order_001357,cust_00248,delivered,2017-03-14 06:40:33,2017-03-22 13:28:44.291429,2017-03-21 15:19:28.122403
order_001358,cust_00163,delivered,2017-02-25 21:03:16,2017-03-06 06:53:14.862697,2017-03-05 10:01:25.314529
order_001359,cust_02208,delivered,2017-07-17 01:16:48,2017-07-27 01:20:54.842621,2017-07-28 15:10:25.042685
order_001360,cust_01926,delivered,2017-02-14 01:28:50,2017-02-23 21:30:26.662962,2017-02-19 23:35:17.362435
order_001361,cust_02809,delivered,2017-02-06 17:42:30,2017-02-17 02:45:48.949469,2017-02-11 13:41:14.389723
order_001362,cust_01984,delivered,2017-07-09 00:01:56,2017-07-17 16:56:18.647756,2017-07-16 05:28:22.705884
order_001363,cust_01747,delivered,2017-04-20 04:06:14,2017-04-29 12:36:17.640837,2017-04-30 10:18:40.716042
order_001364,cust_02686,delivered,2017-10-27 23:46:30,2017-11-04 15:49:41.763814,2017-11-07 18:11:15.250000
order_001365,cust_00585,delivered,2017-01-10 10:13:01,2017-01-20 00:37:57.080998,2017-01-18 08:46:34.108221
order_001366,cust_00248,delivered,2017-06-12 17:27:50,2017-06-20 15:23:52.418091,2017-06-19 11:07:43.749114
order_001367,cust_00374,delivered,2017-09-02 11:41:20,2017-09-12 16:02:33.072538,2017-09-10 11:30:43.346422
order_001368,cust_01702,delivered,2018-06-05 02:10:25,2018-06-13 16:19:11.485752,2018-06-13 20:02:36.958735
order_001369,cust_00093,delivered,2017-12-09 04:25:38,2017-12-16 03:04:20.437474,2017-12-29 15:18:46.631437
order_001370,cust_02957,delivered,2018-04-21 18:15:58,2018-05-03 02:24:12.178818,2018-05-03 05:15:08.195091
order_001371,cust_01769,delivered,2017-07-05 02:16:09,2017-07-13 17:37:08.897126,2017-07-16 15:51:19.805797
order_001372,cust_00114,delivered,2017-08-31 14:16:14,2017-09-09 03:41:48.335886,2017-09-10 20:10:26.270120
order_001373,cust_02951,delivered,2017-08-16 08:21:08,2017-08-25 17:39:52.054481,2017-08-25 00:49:12.239201
order_001374,cust_01470,delivered,2018-04-25 08:53:13,2018-05-04 13:08:52.559554,2018-05-03 06:47:26.031404
order_001375,cust_00151,shipped,2018-06-02 22:51:17,2018-06-10 12:19:32.905500,
order_001376,cust_01189,delivered,2018-06-04 14:32:32,2018-06-14 11:14:41.782122,2018-06-12 18:06:50.004249
order_001377,cust_02031,delivered,2018-02-11 14:45:47,2018-02-20 08:17:52.045952,2018-02-18 14:12:45.796695
order_001378,cust_02563,delivered,2017-09-29 08:24:30,2017-10-08 07:01:39.156240,2017-10-08 09:47:27.999393
order_001379,cust_01639,delivered,2017-10-20 09:09:13,2017-10-30 02:49:35.327285,2017-10-27 23:12:09.589690
order_001380,cust_00934,delivered,2018-06-14 16:27:30,2018-06-22 04:05:01.983583,2018-06-22 01:37:15.921469
order_001381,cust_01708,delivered,2017-06-03 00:56:01,2017-06-13 10:33:58.424221,2017-06-10 04:20:07.953909
order_001382,cust_01705,canceled,2017-07-07 05:41:42,2017-07-15 05:01:42.656883,
order_001383,cust_01910,delivered,2018-04-30 14:24:23,2018-05-10 06:44:00.580973,2018-05-09 06:20:13.709815
order_001384,cust_00775,delivered,2017-07-28 14:57:53,2017-08-08 11:35:02.053051,2017-08-02 08:30:43.525245
order_001385,cust_01977,delivered,2017-05-07 02:12:51,2017-05-14 13:10:48.337644,2017-05-16 21:25:04.774886
order_001386,cust_00886,delivered,2017-10-30 18:54:28,2017-11-07 20:06:23.608630,2017-11-05 14:39:45.882991
order_001387,cust_00620,delivered,2017-06-25 13:01:15,2017-07-04 06:49:39.710984,2017-07-01 17:24:53.142647
order_001388,cust_00817,delivered,2018-04-27 05:42:18,2018-05-05 13:21:32.935736,2018-05-07 09:25:58.950936
order_001389,cust_02311,delivered,2018-05-06 18:02:48,2018-05-17 04:15:08.166391,2018-05-16 05:25:09.394562
order_001390,cust_00816,delivered,2017-06-15 23:46:51,2017-06-25 22:56:40.133089,2017-06-23 05:16:35.669582
order_001391,cust_01241,delivered,2017-10-13 10:09:57,2017-10-23 07:22:06.423447,2017-10-21 18:02:04.110163
order_001392,cust_02229,delivered,2018-06-16 06:48:09,2018-06-25 21:37:02.624664,2018-06-27 00:46:28.008495
order_001393,cust_00712,delivered,2018-02-05 07:11:09,2018-02-15 07:36:55.889632,2018-02-11 20:02:41.707199
order_001394,cust_01160,delivered,2017-04-27 14:13:20,2017-05-07 04:11:08.800351,2017-05-08 22:13:54.357649
order_001395,cust_00512,delivered,2017-11-16 01:08:13,2017-11-24 15:38:41.014619,2017-11-23 23:03:04.972978
order_001396,cust_01341,delivered,2017-12-01 11:36:08,2017-12-10 13:36:01.812951,2017-12-08 17:04:24.132867
order_001397,cust_02285,delivered,2017-12-19 00:35:40,2017-12-27 12:26:40.867254,2017-12-24 20:27:24.896782
order_001398,cust_02154,delivered,2017-01-14 00:55:33,2017-01-22 21:28:07.900219,2017-01-22 07:59:19.288468
order_001399,cust_00168,delivered,2017-06-11 10:19:14,2017-06-22 02:51:43.903596,2017-06-19 19:56:45.210333
order_001400,cust_01744,delivered,2018-04-07 17:53:32,2018-04-15 08:26:42.733632,2018-04-15 21:04:03.873075
order_001401,cust_00094,delivered,2017-05-11 21:12:01,2017-05-19 15:56:33.620060,2017-05-21 00:16:16.136443
order_001402,cust_01416,delivered,2017-06-11 02:06:11,2017-06-20 15:58:17.345696,2017-06-22 13:50:42.032934
order_001403,cust_01624,delivered,2017-06-24 05:51:27,2017-07-04 07:01:53.798639,2017-06-30 08:22:57.810559
order_001404,cust_00900,delivered,2017-04-06 10:07:11,2017-04-14 14:15:04.703192,2017-04-12 19:29:43.057414
order_001405,cust_02854,delivered,2017-03-25 13:46:38,2017-04-02 05:00:59.504216,2017-04-02 16:26:22.279249
order_001406,cust_02569,delivered,2017-07-07 23:41:21,2017-07-17 19:27:53.965075,2017-07-16 19:40:26.928925
order_001407,cust_01011,delivered,2018-04-18 16:25:24,2018-04-26 20:21:35.937666,2018-04-24 19:31:05.600447
order_001408,cust_01572,delivered,2017-01-01 12:55:14,2017-01-08 00:44:41.983036,2017-01-09 10:16:58.480301
order_001409,cust_02082,delivered,2017-06-02 01:27:35,2017-06-12 09:46:46.706612,2017-06-10 10:18:53.229485
order_001410,cust_02515,delivered,2017-02-02 01:56:22,2017-02-10 10:16:27.971304,2017-02-09 10:24:22.186249
order_001411,cust_02212,delivered,2017-10-31 03:40:27,2017-11-08 22:56:16.864299,2017-11-10 16:35:49.365179
order_001412,cust_01306,delivered,2017-05-16 15:51:32,2017-05-24 22:35:25.456494,2017-05-24 11:41:50.069515
order_001413,cust_02222,delivered,2018-03-04 07:57:02,2018-03-15 08:56:50.950965,2018-03-12 05:44:30.385463
order_001414,cust_00671,delivered,2017-11-12 05:46:57,2017-11-22 11:40:56.305403,2017-11-18 09:29:40.410826
order_001415,cust_02143,delivered,2018-02-28 16:04:56,2018-03-11 14:18:11.401329,2018-03-08 18:19:13.265106
order_001416,cust_02906,delivered,2017-12-09 19:34:07,2017-12-18 10:48:36.908508,2017-12-17 16:24:31.741829
order_001417,cust_01855,delivered,2017-08-25 10:32:12,2017-09-03 08:44:59.563425,2017-09-01 02:11:32.341666
order_001418,cust_02154,delivered,2018-04-10 21:09:52,2018-04-19 12:27:40.677810,2018-04-17 22:05:02.011007
order_001419,cust_02926,delivered,2017-09-15 17:37:14,2017-09-25 14:33:43.934031,2017-09-23 07:38:59.235395
order_001420,cust_01348,delivered,2018-05-28 17:11:25,2018-06-05 19:03:10.781121,2018-06-05 23:20:10.237059
order_001421,cust_01905,delivered,2018-06-22 20:49:20,2018-07-02 13:48:10.532211,2018-07-02 12:01:48.321948
order_001422,cust_00048,delivered,2017-11-15 04:24:41,2017-11-23 04:03:49.543814,2017-11-21 11:06:05.013410
order_001423,cust_02048,delivered,2017-12-31 18:12:03,2018-01-09 02:27:52.063976,2018-01-10 04:19:08.672677
order_001424,cust_01128,delivered,2017-05-19 22:59:08,2017-05-29 09:39:51.001074,2017-05-31 02:31:08.913296
order_001425,cust_01672,delivered,2018-03-16 23:48:50,2018-03-25 03:21:37.535299,2018-03-26 11:40:39.474129
order_001426,cust_00769,delivered,2017-12-29 13:52:22,2018-01-07 17:01:08.050477,2018-01-02 19:02:49.732160
order_001427,cust_00205,delivered,2018-05-03 18:06:16,2018-05-12 07:15:19.580154,2018-05-17 19:04:50.955787
order_001428,cust_01170,delivered,2017-05-25 21:19:35,2017-06-05 04:41:24.791006,2017-06-02 17:57:42.080394
order_001429,cust_01243,delivered,2018-03-02 20:27:08,2018-03-12 02:00:44.285627,2018-03-10 00:09:58.117253
order_001430,cust_02423,delivered,2017-09-11 21:32:49,2017-09-20 04:36:04.488247,2017-09-18 04:32:20.449690
order_001431,cust_02774,delivered,2017-04-10 19:58:36,2017-04-20 12:44:40.266824,2017-04-17 14:34:47.602294
order_001432,cust_01019,delivered,2017-04-03 09:09:05,2017-04-10 09:44:44.723956,2017-04-10 20:34:39.895169
order_001433,cust_00047,delivered,2017-10-31 17:31:34,2017-11-09 11:32:15.640434,2017-11-06 08:59:30.053964
order_001434,cust_00360,delivered,2017-06-22 09:51:01,2017-07-01 06:11:43.323370,2017-06-30 17:19:59.748631
order_001435,cust_02011,delivered,2017-02-25 19:14:35,2017-03-08 05:34:20.671928,2017-03-05 23:57:49.334527
order_001436,cust_02980,delivered,2017-08-19 19:26:45,2017-08-27 05:21:11.455560,2017-08-27 19:01:07.527268
order_001437,cust_02425,delivered,2017-12-19 22:25:56,2017-12-28 20:53:25.247686,2017-12-25 23:54:11.097694
order_001438,cust_02765,delivered,2017-06-22 14:07:10,2017-07-01 14:29:20.905124,2017-07-28 04:26:05.859156
order_001439,cust_02542,delivered,2018-05-31 11:24:17,2018-06-09 22:04:46.498895,2018-06-07 00:41:24.227160
order_001440,cust_02252,delivered,2018-02-25 03:58:23,2018-03-05 17:45:27.919106,2018-03-14 10:09:40.194832
order_001441,cust_01033,delivered,2017-10-04 15:19:07,2017-10-12 17:50:45.054631,2017-10-10 03:01:47.540980
order_001442,cust_00221,delivered,2018-05-20 13:35:37,2018-05-28 13:04:24.715105,2018-05-29 03:24:02.835167
order_001443,cust_00431,delivered,2017-08-22 12:21:30,2017-08-28 22:54:01.894958,2017-08-28 13:49:26.669753
order_001444,cust_01920,delivered,2017-03-17 16:13:54,2017-03-26 08:22:36.324457,2017-03-24 04:23:54.893773
order_001445,cust_02667,delivered,2017-01-20 20:25:29,2017-01-30 06:45:14.805412,2017-01-30 19:01:26.897163
order_001446,cust_01817,delivered,2018-05-22 03:34:05,2018-05-30 20:59:21.706332,2018-05-29 18:40:10.461476
order_001447,cust_01759,delivered,2018-06-03 10:21:09,2018-06-11 12:15:45.894965,2018-06-10 23:07:39.410542
order_001448,cust_00206,delivered,2018-02-04 17:20:07,2018-02-11 23:15:27.944693,2018-02-16 05:28:20.244058
order_001449,cust_01673,delivered,2017-02-25 19:40:24,2017-03-06 23:55:23.649728,2017-03-07 01:44:42.822594
order_001450,cust_00258,delivered,2017-06-08 18:40:52,2017-06-17 18:01:26.147774,2017-06-16 09:17:23.518495
order_001451,cust_02343,delivered,2017-01-23 19:11:04,2017-02-03 04:15:47.211928,2017-01-29 21:23:12.886716
order_001452,cust_01153,delivered,2017-01-28 20:31:15,2017-02-07 06:46:12.598936,2017-02-06 15:11:12.116990
order_001453,cust_01610,delivered,2017-05-13 23:05:06,2017-05-21 01:18:49.205289,2017-05-28 18:01:05.224959
order_001454,cust_01655,delivered,2017-11-05 14:35:36,2017-11-13 17:59:47.708518,2017-12-04 23:18:26.396041
order_001455,cust_00880,delivered,2017-02-05 05:58:26,2017-02-14 03:18:22.691998,2017-02-12 22:00:13.934891
order_001456,cust_00110,delivered,2018-06-16 13:31:30,2018-06-25 14:27:18.597541,2018-06-25 20:14:23.489686
order_001457,cust_02641,delivered,2017-09-03 17:01:51,2017-09-13 05:49:33.812480,2017-09-11 16:03:31.018493
order_001458,cust_02035,delivered,2017-05-23 02:25:00,2017-06-03 06:50:36.989252,2017-06-02 06:08:56.913580
order_001459,cust_02289,delivered,2017-10-06 18:09:57,2017-10-16 00:57:41.208095,2017-10-12 19:33:13.015944
order_001460,cust_02861,delivered,2018-03-03 13:03:39,2018-03-11 05:18:44.274960,2018-03-12 14:16:03.241975
order_001461,cust_02027,delivered,2017-06-18 22:28:14,2017-06-29 11:23:24.816605,2017-06-28 15:45:03.827569
order_001462,cust_00528,delivered,2017-01-26 05:05:01,2017-02-05 02:28:21.284156,2017-02-03 23:22:58.523906
order_001463,cust_00027,delivered,2017-01-28 21:45:56,2017-02-05 20:07:13.746827,2017-02-06 05:09:37.119842
order_001464,cust_01370,delivered,2018-04-06 10:45:07,2018-04-15 14:11:13.711731,2018-05-04 08:04:09.120029
order_001465,cust_02055,delivered,2017-03-02 13:45:52,2017-03-13 01:05:18.524430,2017-03-08 06:45:41.794998
order_001466,cust_01767,delivered,2017-12-10 15:50:24,2017-12-20 18:42:51.726089,2017-12-22 04:14:31.603543
order_001467,cust_01636,delivered,2017-07-27 13:53:58,2017-08-05 14:56:51.555892,2017-08-05 02:19:58.251211
order_001468,cust_02092,delivered,2018-02-24 21:41:31,2018-03-05 17:39:10.302081,2018-03-03 02:11:23.132382
order_001469,cust_00613,delivered,2017-02-02 04:00:53,2017-02-12 07:05:54.452755,2017-02-12 05:13:09.957620
order_001470,cust_01210,delivered,2018-04-30 17:31:01,2018-05-08 10:11:03.734766,2018-05-08 00:28:08.226918
order_001471,cust_00909,delivered,2018-01-13 23:23:56,2018-01-22 23:34:26.236734,2018-01-23 23:36:47.287258
order_001472,cust_01777,delivered,2017-08-31 05:16:58,2017-09-09 21:50:56.080494,2017-09-08 07:33:54.706192
order_001473,cust_00530,delivered,2017-04-22 06:07:13,2017-05-01 17:57:07.222358,2017-04-29 13:29:01.880791
order_001474,cust_01234,delivered,2018-06-12 11:24:00,2018-06-22 13:07:55.848097,2018-06-19 08:46:32.470433
order_001475,cust_00007,delivered,2017-06-13 17:23:37,2017-06-23 17:55:23.199401,2017-06-20 18:06:03.085710
order_001476,cust_00354,delivered,2017-09-22 23:00:55,2017-10-01 13:15:16.605464,2017-10-01 10:37:44.214891
order_001477,cust_02519,delivered,2017-08-01 19:05:56,2017-08-12 18:09:54.676123,2017-08-07 15:46:56.628980
order_001478,cust_00435,delivered,2017-05-05 19:03:23,2017-05-14 16:11:54.156431,2017-05-08 08:44:41.832435
order_001479,cust_02031,delivered,2017-08-13 10:35:21,2017-08-23 04:28:45.312427,2017-08-20 22:19:54.437162
order_001480,cust_02981,canceled,2017-03-23 15:29:21,2017-04-03 00:22:27.592720,
order_001481,cust_00901,delivered,2017-01-01 05:04:07,2017-01-10 01:17:53.226201,2017-01-07 20:40:23.231944
order_001482,cust_02809,delivered,2017-06-06 11:06:56,2017-06-16 10:55:33.813500,2017-06-13 05:48:46.777181
order_001483,cust_02881,delivered,2017-03-02 04:32:06,2017-03-11 13:37:50.067140,2017-03-10 13:10:05.302583
order_001484,cust_02340,delivered,2017-08-12 00:39:03,2017-08-19 22:51:05.509608,2017-08-22 07:54:46.530232
order_001485,cust_02679,delivered,2018-04-11 20:33:21,2018-04-21 07:35:20.868656,2018-04-16 08:45:30.182558
order_001486,cust_00763,delivered,2017-03-29 19:18:48,2017-04-07 22:51:27.936775,2017-04-08 03:43:34.181838
order_001487,cust_01827,delivered,2017-01-01 12:15:29,2017-01-09 01:14:32.546342,2017-01-10 05:55:32.823582
order_001488,cust_02948,delivered,2017-03-01 00:20:52,2017-03-11 00:14:31.732821,2017-03-07 17:47:48.134570
order_001489,cust_00750,delivered,2017-10-02 02:09:47,2017-10-12 02:57:01.933790,2017-10-15 02:10:38.615967
order_001490,cust_02725,delivered,2017-05-29 02:40:56,2017-06-07 06:03:18.012724,2017-06-06 13:11:27.301019
order_001491,cust_01438,delivered,2017-09-22 17:12:30,2017-10-01 10:15:30.706705,2017-09-28 00:24:16.579945
order_001492,cust_01701,delivered,2017-01-16 04:53:01,2017-01-24 11:00:17.411713,2017-01-22 19:14:55.331492
order_001493,cust_02788,delivered,2017-06-29 06:00:14,2017-07-10 12:21:23.728231,2017-07-04 19:27:57.724541
order_001494,cust_01971,delivered,2017-08-10 20:39:58,2017-08-19 12:09:10.170271,2017-08-16 22:01:39.096871
order_001495,cust_02372,delivered,2017-08-21 21:02:00,2017-09-01 00:00:30.883097,2017-08-30 07:09:12.762145
order_001496,cust_00342,delivered,2017-10-25 18:18:47,2017-11-04 12:00:53.785237,2017-11-03 18:59:58.046659
order_001497,cust_02974,delivered,2018-02-26 07:25:47,2018-03-08 18:10:08.612511,2018-03-10 03:28:32.981033
order_001498,cust_01934,delivered,2017-09-10 13:55:06,2017-09-20 00:59:12.009504,2017-09-18 03:17:24.671439
order_001499,cust_00372,delivered,2018-03-31 04:48:23,2018-04-09 00:25:58.151121,2018-04-08 07:17:27.754738
order_001500,cust_01201,delivered,2017-10-14 20:35:23,2017-10-24 07:16:35.935938,2017-10-24 00:16:30.384444
order_001501,cust_01443,delivered,2017-05-21 02:02:11,2017-05-31 03:43:31.217198,2017-05-30 06:18:30.071882
order_001502,cust_01880,delivered,2017-05-04 17:51:56,2017-05-13 16:57:03.645242,2017-05-12 04:40:01.005030
order_001503,cust_02062,delivered,2017-06-24 12:16:36,2017-07-01 15:15:00.517249,2017-07-02 21:59:59.472183
order_001504,cust_01789,delivered,2017-11-19 18:10:45,2017-11-28 19:49:16.794054,2017-12-03 17:10:47.306998
order_001505,cust_02434,delivered,2017-05-11 10:49:03,2017-05-20 03:00:40.334749,2017-05-18 23:02:26.009751
order_001506,cust_02309,delivered,2018-05-09 03:47:41,2018-05-17 22:25:08.026807,2018-05-16 03:12:25.358174
order_001507,cust_01028,delivered,2017-09-17 18:01:53,2017-09-27 01:38:37.133095,2017-09-23 11:39:32.591126
order_001508,cust_01554,delivered,2018-04-12 15:08:45,2018-04-20 10:29:18.174526,2018-04-18 22:51:15.240288
order_001509,cust_02281,delivered,2018-01-04 11:09:01,2018-01-13 02:31:29.155618,2018-01-10 22:58:23.656963
order_001510,cust_01824,delivered,2017-06-30 08:56:43,2017-07-10 00:27:52.130616,2017-07-09 00:29:51.792551
order_001511,cust_01510,delivered,2017-05-04 08:15:05,2017-05-13 06:19:37.277698,2017-05-13 02:51:59.897004
order_001512,cust_02962,delivered,2018-02-06 11:32:50,2018-02-15 10:30:13.641148,2018-02-13 16:44:58.637447
order_001513,cust_00249,delivered,2017-06-28 06:16:46,2017-07-08 13:21:15.347057,2017-07-03 12:41:59.511695
order_001514,cust_01511,delivered,2017-05-14 06:46:36,2017-05-21 02:22:44.454359,2017-05-21 03:47:21.536273
order_001515,cust_02163,delivered,2018-05-18 06:40:31,2018-05-27 00:09:32.402111,2018-05-24 14:24:47.166486
order_001516,cust_01304,delivered,2017-09-18 00:18:15,2017-09-27 00:34:23.445459,2017-09-24 17:21:43.872520
order_001517,cust_01007,delivered,2017-01-27 22:16:06,2017-02-06 12:14:15.623267,2017-02-04 01:52:02.471963
order_001518,cust_02714,delivered,2017-09-25 05:40:38,2017-10-03 12:59:31.910720,2017-09-30 13:06:47.953910
order_001519,cust_00060,delivered,2017-09-06 03:57:42,2017-09-13 11:55:38.579068,2017-09-13 02:16:34.440743
order_001520,cust_02274,delivered,2018-04-12 03:37:41,2018-04-20 19:47:27.927282,2018-04-19 02:12:01.675773
order_001521,cust_00093,delivered,2018-01-20 23:42:58,2018-01-30 05:15:55.287786,2018-01-29 11:07:49.451640
order_001522,cust_02631,delivered,2017-04-14 11:26:30,2017-04-22 18:41:58.667771,2017-04-22 15:11:17.635139
order_001523,cust_01349,delivered,2017-03-23 07:50:45,2017-03-31 09:55:44.827896,2017-03-29 22:23:15.728511
order_001524,cust_00806,shipped,2017-11-22 09:41:36,2017-12-01 04:38:46.045890,
order_001525,cust_01286,delivered,2017-01-26 02:07:16,2017-02-04 20:29:21.736453,2017-02-01 11:26:06.480781
order_001526,cust_02510,delivered,2017-06-22 07:31:40,2017-07-02 21:21:27.487213,2017-06-30 16:20:37.673145
order_001527,cust_00350,delivered,2017-03-16 05:58:06,2017-03-25 20:52:47.791262,2017-04-09 09:15:47.603009
order_001528,cust_02769,delivered,2017-01-12 19:16:38,2017-01-21 02:54:55.228843,2017-01-17 02:50:03.606410
order_001529,cust_02254,delivered,2018-05-12 01:24:07,2018-05-19 22:14:37.376367,2018-05-19 23:01:07.660778
order_001530,cust_02445,delivered,2017-02-18 10:12:38,2017-02-26 15:57:04.025386,2017-03-12 04:02:35.545255
order_001531,cust_01600,delivered,2017-01-06 18:57:38,2017-01-16 22:48:50.325944,2017-01-13 15:38:58.373975
order_001532,cust_00975,canceled,2018-05-19 20:00:22,2018-05-28 07:37:46.026562,
order_001533,cust_00097,delivered,2017-04-12 12:18:04,2017-04-22 10:56:49.256422,2017-04-18 21:44:14.554388
order_001534,cust_02377,delivered,2018-03-17 05:20:26,2018-03-25 08:36:11.304566,2018-03-26 03:22:07.374467
order_001535,cust_01144,delivered,2017-01-17 08:05:15,2017-01-26 18:16:44.275766,2017-01-24 06:17:24.816701
order_001536,cust_01405,delivered,2017-03-24 05:20:05,2017-03-30 16:00:19.726518,2017-03-31 10:46:54.327585
order_001537,cust_02279,delivered,2017-03-01 15:53:21,2017-03-10 10:59:33.494526,2017-03-09 05:36:23.442770
order_001538,cust_00167,delivered,2018-01-17 07:01:24,2018-01-25 16:59:34.517866,2018-01-20 18:38:01.177102
order_001539,cust_02790,delivered,2017-12-01 15:08:07,2017-12-11 11:25:12.687144,2017-12-08 01:22:17.295960
order_001540,cust_00950,delivered,2017-09-14 15:44:11,2017-09-24 17:00:08.448617,2017-09-21 12:19:15.826732
order_001541,cust_00419,delivered,2017-05-11 22:33:24,2017-05-20 11:51:14.701838,2017-05-20 15:40:08.638916
order_001542,cust_02625,delivered,2017-02-17 08:53:18,2017-02-27 07:43:41.127279,2017-02-25 08:16:27.711330
order_001543,cust_01228,delivered,2017-11-04 23:04:12,2017-11-12 08:42:18.945294,2017-11-12 13:59:26.506433
order_001544,cust_01007,delivered,2017-05-05 09:37:01,2017-05-13 18:33:50.538612,2017-05-13 08:59:53.711672
order_001545,cust_02446,delivered,2017-11-15 16:20:11,2017-11-23 19:23:49.588314,2017-11-24 06:29:21.971447
order_001546,cust_01597,delivered,2018-01-07 15:52:43,2018-01-16 14:42:05.130343,2018-01-22 08:46:37.859488
order_001547,cust_00602,delivered,2018-04-04 19:37:39,2018-04-14 10:54:52.240627,2018-04-11 17:46:44.984650
order_001548,cust_01833,delivered,2017-09-24 11:15:31,2017-10-03 03:29:46.359278,2017-10-04 04:16:13.146772
order_001549,cust_01072,delivered,2017-01-03 19:01:05,2017-01-12 13:36:29.051818,2017-01-11 18:38:35.411466
order_001550,cust_00794,delivered,2017-06-01 08:31:41,2017-06-10 17:31:46.011619,2017-06-07 09:58:40.220890
order_001551,cust_01460,delivered,2018-04-06 11:47:28,2018-04-15 10:40:22.551245,2018-04-14 05:45:58.145332
order_001552,cust_01468,delivered,2017-10-15 11:59:31,2017-10-25 14:40:35.366135,2017-10-23 18:59:18.177728
order_001553,cust_02804,delivered,2017-12-01 16:54:25,2017-12-09 22:05:06.444628,2017-12-08 03:05:12.049386
order_001554,cust_01514,delivered,2017-09-05 14:50:25,2017-09-14 04:15:21.535954,2017-09-12 06:53:39.006851
order_001555,cust_02449,delivered,2017-03-29 01:52:41,2017-04-08 07:35:19.595024,2017-04-07 06:50:04.789092
order_001556,cust_02194,delivered,2018-04-30 19:25:03,2018-05-08 01:41:52.842291,2018-05-05 03:20:35.432674
order_001557,cust_00104,delivered,2018-02-22 18:11:33,2018-03-03 16:24:04.211830,2018-02-26 22:52:49.110566
order_001558,cust_02789,delivered,2018-06-22 02:30:33,2018-07-03 07:35:41.959217,2018-06-29 00:35:28.100598
order_001559,cust_00394,delivered,2018-04-07 23:05:02,2018-04-16 06:16:26.819971,2018-04-16 23:04:28.222840
order_001560,cust_00297,delivered,2017-06-07 15:51:26,2017-06-15 20:18:45.639496,2017-06-14 17:09:06.535275
order_001561,cust_02056,delivered,2017-05-18 02:02:21,2017-05-27 02:57:15.156858,2017-05-24 18:48:53.689760
order_001562,cust_01577,delivered,2017-05-15 11:47:36,2017-05-24 22:57:52.299322,2017-05-21 11:29:23.295152
order_001563,cust_01644,delivered,2018-05-12 20:04:00,2018-05-21 04:41:35.152839,2018-05-20 23:24:03.125613
order_001564,cust_02279,delivered,2017-10-28 06:42:57,2017-11-05 23:20:46.833716,2017-11-05 17:36:34.030013
order_001565,cust_02657,delivered,2017-09-03 22:23:29,2017-09-11 23:44:06.085950,2017-09-12 04:18:41.122940
order_001566,cust_02991,delivered,2018-06-07 10:02:30,2018-06-14 12:41:56.486653,2018-06-12 00:03:25.060134
order_001567,cust_02212,delivered,2017-11-22 05:25:42,2017-12-01 11:07:43.386982,2017-11-28 13:57:31.076304
order_001568,cust_01705,delivered,2018-05-07 08:33:17,2018-05-14 07:36:27.666380,2018-05-13 20:02:10.522902
order_001569,cust_01584,delivered,2018-06-16 12:35:43,2018-06-25 20:14:38.862294,2018-06-30 00:32:33.446772
order_001570,cust_01800,delivered,2017-02-12 16:30:54,2017-02-23 03:32:27.382766,2017-02-20 23:27:53.609524
order_001571,cust_00515,delivered,2017-07-15 22:16:06,2017-07-26 11:07:34.408714,2017-07-24 23:10:36.471536
order_001572,cust_01400,delivered,2018-02-01 04:40:38,2018-02-08 01:58:38.860532,2018-02-10 10:17:44.083369
order_001573,cust_01060,delivered,2018-03-16 23:02:43,2018-03-24 17:47:19.619786,2018-03-24 21:06:22.940235
order_001574,cust_01436,delivered,2017-03-22 12:39:53,2017-03-30 16:02:50.994607,2017-03-31 16:14:04.123139
order_001575,cust_01619,delivered,2017-06-21 03:04:09,2017-06-29 18:58:06.244079,2017-06-26 20:59:53.608474
order_001576,cust_02120,delivered,2017-10-24 22:14:06,2017-11-01 08:05:12.574138,2017-10-31 13:05:21.713645
order_001577,cust_00351,delivered,2018-03-08 08:22:33,2018-03-17 14:40:20.301820,2018-03-13 20:51:31.867584
order_001578,cust_01009,delivered,2017-03-03 14:53:38,2017-03-12 08:54:04.626257,2017-03-10 19:57:16.556650
order_001579,cust_02613,delivered,2017-11-21 16:45:19,2017-12-03 02:43:50.462442,2017-11-27 06:36:08.013266
order_001580,cust_01876,delivered,2017-06-10 00:19:18,2017-06-18 09:31:32.591267,2017-06-14 11:04:47.156812
order_001581,cust_00614,delivered,2017-04-27 05:19:02,2017-05-07 01:02:11.711902,2017-05-02 21:49:04.370816
order_001582,cust_01478,delivered,2017-10-06 16:28:29,2017-10-14 12:17:00.581195,2017-10-14 04:22:09.481983
order_001583,cust_00446,delivered,2017-08-12 07:47:40,2017-08-22 01:08:08.843273,2017-08-19 05:50:21.524692
order_001584,cust_01332,delivered,2017-12-10 00:13:26,2017-12-18 23:19:58.611775,2017-12-19 13:37:20.028774
order_001585,cust_02656,delivered,2017-06-21 00:33:32,2017-06-30 21:29:50.312219,2017-06-27 10:57:59.164468
order_001586,cust_00570,delivered,2018-03-21 19:50:04,2018-03-31 17:11:12.440233,2018-03-29 13:20:37.608846
order_001587,cust_01222,delivered,2017-02-12 03:41:04,2017-02-21 00:29:11.863812,2017-02-19 13:25:50.869538
order_001588,cust_01279,delivered,2018-04-11 02:24:36,2018-04-18 16:26:46.440428,2018-05-03 21:32:25.001172
order_001589,cust_02677,delivered,2017-01-17 13:29:45,2017-01-25 17:07:26.573001,2017-01-25 07:52:32.424529
order_001590,cust_00223,delivered,2018-02-02 02:51:16,2018-02-10 17:58:07.578300,2018-02-09 23:12:53.022485
order_001591,cust_02424,delivered,2017-07-07 15:40:26,2017-07-16 01:51:04.119641,2017-07-14 02:57:32.720228
order_001592,cust_01554,delivered,2017-07-27 13:03:29,2017-08-05 20:04:38.014939,2017-08-04 06:25:48.084758
order_001593,cust_01478,delivered,2017-01-11 15:34:25,2017-01-21 03:29:08.083174,2017-01-18 07:03:32.182722
order_001594,cust_01415,delivered,2018-01-15 11:47:54,2018-01-24 07:54:35.849232,2018-01-23 15:58:26.849683
order_001595,cust_01637,delivered,2017-03-31 18:40:50,2017-04-09 15:38:08.537740,2017-04-06 03:20:39.214024
order_001596,cust_00775,delivered,2017-12-22 15:28:26,2017-12-31 07:09:57.658487,2018-01-01 10:30:08.758534
order_001597,cust_00182,delivered,2018-01-27 09:58:00,2018-02-06 03:40:56.066371,2018-02-04 17:45:56.968232
order_001598,cust_02663,delivered,2018-04-02 00:22:08,2018-04-12 04:43:19.998196,2018-04-10 08:34:42.784035
order_001599,cust_02586,delivered,2018-01-18 06:33:49,2018-01-25 09:14:46.705715,2018-01-26 01:15:09.033235
order_001600,cust_00878,delivered,2017-06-12 03:09:15,2017-06-21 18:44:20.987851,2017-06-19 09:46:09.956680
order_001601,cust_02336,delivered,2018-02-03 00:22:26,2018-02-12 09:22:51.174353,2018-02-10 10:47:37.325155
order_001602,cust_02058,delivered,2018-03-23 06:33:21,2018-04-02 06:22:48.969811,2018-03-29 18:01:05.139511
order_001603,cust_01862,delivered,2017-06-21 04:57:32,2017-06-30 02:47:18.123202,2017-06-27 17:33:26.722525
order_001604,cust_01090,delivered,2017-03-09 01:50:30,2017-03-18 22:15:01.008270,2017-03-18 12:34:29.822832
order_001605,cust_00645,delivered,2018-04-26 07:29:50,2018-05-03 07:30:13.401669,2018-05-05 23:30:26.784486
order_001606,cust_00153,delivered,2017-03-21 12:09:27,2017-03-30 18:02:51.106549,2017-03-25 21:16:33.294921
order_001607,cust_01066,delivered,2017-11-17 04:16:37,2017-11-27 02:27:52.380350,2017-11-22 21:15:24.305464
order_001608,cust_01666,canceled,2017-05-08 06:33:16,2017-05-17 02:45:43.613164,
order_001609,cust_02942,delivered,2017-03-10 00:29:00,2017-03-19 08:35:46.341114,2017-03-15 23:23:13.786377
order_001610,cust_01791,delivered,2018-02-24 01:12:34,2018-03-04 12:02:42.208105,2018-03-04 23:20:58.544756
order_001611,cust_01284,delivered,2017-03-19 03:46:43,2017-03-27 23:42:46.067666,2017-03-27 00:24:43.239161
order_001612,cust_02255,delivered,2017-12-28 10:52:12,2018-01-04 16:47:10.726735,2018-01-05 10:02:27.225678
order_001613,cust_00476,delivered,2018-01-10 15:59:11,2018-01-19 11:26:44.602126,2018-01-17 02:36:24.871504
order_001614,cust_01009,delivered,2017-02-02 18:55:12,2017-02-10 19:10:27.040625,2017-02-18 12:56:08.551130
order_001615,cust_01603,delivered,2017-04-04 15:06:36,2017-04-15 08:58:56.947249,2017-04-10 00:11:42.258201
order_001616,cust_00652,delivered,2018-03-05 14:48:15,2018-03-16 00:18:09.974253,2018-03-12 21:20:51.400082
order_001617,cust_02293,delivered,2017-10-01 22:27:23,2017-10-11 09:31:45.222495,2017-10-11 18:57:32.157360
order_001618,cust_01081,delivered,2017-03-07 06:08:07,2017-03-16 01:49:26.497473,2017-03-15 14:03:59.134732
order_001619,cust_00885,delivered,2018-06-20 19:09:21,2018-06-30 08:59:57.727440,2018-06-27 15:23:52.203192
order_001620,cust_00741,delivered,2017-05-24 22:29:05,2017-06-02 05:38:18.583271,2017-05-30 17:05:44.416775
order_001621,cust_02239,delivered,2017-01-03 13:37:34,2017-01-12 12:35:21.628138,2017-01-08 01:01:10.206570
order_001622,cust_01410,delivered,2018-05-15 20:10:23,2018-05-23 20:57:38.968878,2018-05-21 18:07:12.587449
order_001623,cust_02055,delivered,2017-01-09 03:18:04,2017-01-19 02:19:23.925753,2017-01-16 22:22:37.486946
order_001624,cust_02463,delivered,2017-10-26 21:05:26,2017-11-05 21:02:00.115459,2017-11-03 15:12:23.727294
order_001625,cust_00133,delivered,2018-06-21 13:32:15,2018-07-02 12:31:58.031177,2018-06-27 11:51:57.914670
order_001626,cust_01303,delivered,2017-11-09 05:19:00,2017-11-17 15:17:21.469436,2017-11-15 11:19:41.347765
order_001627,cust_01730,delivered,2017-11-12 01:28:41,2017-11-19 17:46:29.135329,2017-11-20 19:43:33.928320
order_001628,cust_00123,delivered,2017-07-29 17:16:41,2017-08-07 05:29:32.533647,2017-08-07 23:16:03.233356
order_001629,cust_00382,delivered,2017-03-10 10:20:28,2017-03-19 20:51:32.799315,2017-03-17 12:35:26.900577
order_001630,cust_01605,delivered,2017-11-06 07:26:24,2017-11-15 23:58:31.626965,2017-11-14 17:59:39.005500
order_001631,cust_00991,delivered,2018-04-30 09:21:58,2018-05-09 21:06:42.553134,2018-05-05 02:22:47.794348
order_001632,cust_01430,delivered,2017-02-19 23:47:03,2017-02-27 19:44:27.221475,2017-03-08 09:10:15.452898
order_001633,cust_00413,delivered,2018-04-21 10:16:03,2018-04-29 06:37:36.536326,2018-05-06 12:34:34.396112
order_001634,cust_01045,delivered,2017-08-13 01:53:26,2017-08-21 09:41:01.630361,2017-08-18 14:31:11.367864
order_001635,cust_02716,delivered,2017-10-17 06:42:56,2017-10-27 18:32:51.639513,2017-10-31 05:13:25.453729
order_001636,cust_02087,delivered,2017-03-31 03:29:19,2017-04-08 07:41:17.620194,2017-04-06 07:39:08.373647
order_001637,cust_01820,delivered,2017-12-02 16:27:35,2017-12-10 13:30:56.363383,2017-12-12 04:14:48.245675
order_001638,cust_00863,delivered,2017-04-09 19:12:34,2017-04-19 16:18:48.612899,2017-04-17 23:13:47.848239
order_001639,cust_00145,delivered,2017-05-28 20:10:57,2017-06-06 22:55:36.927061,2017-06-08 11:13:43.206698
order_001640,cust_01427,delivered,2018-01-25 15:11:21,2018-02-01 21:39:40.625110,2018-02-01 18:15:57.630318
order_001641,cust_00606,delivered,2017-01-28 18:26:39,2017-02-07 07:22:49.597869,2017-02-03 23:22:04.998155
order_001642,cust_01325,delivered,2017-08-30 10:00:53,2017-09-08 22:05:59.326827,2017-09-06 14:43:14.497694
order_001643,cust_02749,delivered,2017-11-18 15:03:57,2017-11-27 05:23:25.677886,2017-11-29 03:35:17.976542
order_001644,cust_00499,delivered,2017-03-13 02:34:02,2017-03-22 02:50:31.905666,2017-03-21 17:39:58.465913
order_001645,cust_00598,delivered,2017-06-09 12:55:12,2017-06-15 18:57:38.072392,2017-06-19 03:30:28.434253
order_001646,cust_01438,delivered,2017-07-05 13:22:45,2017-07-15 09:50:48.140975,2017-07-12 02:51:29.783136
order_001647,cust_01390,delivered,2017-12-25 00:44:45,2018-01-04 01:34:29.119571,2018-01-02 10:08:13.491240
order_001648,cust_02996,delivered,2018-06-12 13:09:33,2018-06-20 11:11:47.333258,2018-06-15 19:19:09.266186
order_001649,cust_02137,delivered,2018-03-28 17:21:01,2018-04-08 04:33:48.410994,2018-04-06 00:45:19.127073
order_001650,cust_00209,delivered,2017-04-13 08:49:19,2017-04-20 03:11:43.901220,2017-04-18 06:03:18.069645
order_001651,cust_02314,delivered,2017-01-10 13:04:46,2017-01-19 17:02:00.581777,2017-01-18 06:58:00.556430
order_001652,cust_01841,delivered,2017-01-29 06:51:56,2017-02-05 20:07:23.363984,2017-02-06 21:44:05.125025
order_001653,cust_00353,delivered,2017-11-18 06:29:52,2017-11-26 21:52:46.848372,2017-11-30 11:18:14.772020
order_001654,cust_01593,delivered,2017-03-26 03:06:28,2017-04-04 22:57:50.331211,2017-04-04 02:08:37.005445
order_001655,cust_02888,delivered,2017-05-05 07:52:05,2017-05-14 19:54:15.079797,2017-05-12 16:31:55.065812
order_001656,cust_00063,delivered,2018-04-03 19:16:36,2018-04-12 23:31:57.694774,2018-04-10 23:00:24.370789
order_001657,cust_02424,delivered,2018-04-17 22:27:16,2018-04-25 07:06:47.333526,2018-04-21 06:25:33.380229
order_001658,cust_01584,delivered,2018-03-30 15:15:18,2018-04-08 14:39:46.765454,2018-04-05 19:52:21.896780
order_001659,cust_01920,delivered,2017-05-17 14:59:04,2017-05-27 01:52:00.665057,2017-05-25 01:32:34.236422
order_001660,cust_00128,delivered,2017-12-01 14:43:54,2017-12-09 19:01:08.987165,2017-12-08 10:46:26.167856
order_001661,cust_01059,delivered,2017-11-26 11:25:18,2017-12-05 10:44:07.698902,2017-12-04 22:27:35.537842
order_001662,cust_02638,delivered,2017-04-11 10:09:10,2017-04-20 15:42:45.675397,2017-04-17 22:39:53.128879
order_001663,cust_00398,delivered,2017-10-26 14:54:07,2017-11-05 01:33:46.832917,2017-11-02 11:58:45.119370
order_001664,cust_02698,delivered,2017-10-11 18:49:32,2017-10-20 11:21:05.031704,2017-10-18 16:47:28.538298
order_001665,cust_00010,delivered,2017-08-02 09:55:47,2017-08-10 21:13:31.862411,2017-08-09 19:32:58.724726
order_001666,cust_00851,delivered,2018-02-10 13:34:53,2018-02-20 11:03:05.801162,2018-02-19 22:36:37.168297
order_001667,cust_02218,delivered,2018-01-01 11:17:03,2018-01-11 11:27:47.108771,2018-01-08 17:26:59.949896
order_001668,cust_01147,delivered,2017-10-15 06:51:08,2017-10-23 23:21:47.328001,2017-10-24 13:30:25.973815
order_001669,cust_02306,delivered,2018-01-27 06:58:02,2018-02-05 11:20:02.286148,2018-02-04 17:46:59.384321
order_001670,cust_01110,delivered,2018-02-17 01:53:25,2018-02-25 13:13:51.783795,2018-02-22 05:13:14.107341
order_001671,cust_00143,delivered,2017-11-03 10:33:23,2017-11-12 09:24:59.241068,2017-11-12 12:20:15.435639
order_001672,cust_02124,delivered,2017-05-25 17:05:56,2017-06-03 08:34:23.909064,2017-06-01 15:40:18.317266
order_001673,cust_02773,delivered,2018-02-14 16:27:15,2018-02-22 14:06:56.141237,2018-02-23 09:46:54.897441
order_001674,cust_01863,delivered,2018-01-23 23:39:21,2018-02-02 00:21:05.205205,2018-01-31 08:48:46.738844
order_001675,cust_00288,delivered,2018-06-16 00:57:30,2018-06-24 06:00:25.125402,2018-06-24 18:45:17.018103
order_001676,cust_00405,shipped,2017-03-22 18:15:20,2017-04-01 11:40:35.260167,
order_001677,cust_02178,delivered,2017-08-15 19:04:50,2017-08-25 21:38:59.198826,2017-08-22 17:46:35.317100
order_001678,cust_01800,shipped,2018-05-15 10:28:27,2018-05-25 10:04:19.185005,
order_001679,cust_01123,delivered,2017-10-05 06:47:29,2017-10-16 00:33:02.736442,2017-10-28 21:17:57.221314
order_001680,cust_00937,delivered,2018-05-25 08:34:13,2018-06-05 02:18:20.602112,2018-06-01 02:51:06.785356
order_001681,cust_00492,delivered,2017-01-07 16:22:53,2017-01-15 04:48:56.259124,2017-01-18 14:57:48.322595
order_001682,cust_00920,delivered,2017-01-19 20:41:31,2017-01-27 20:15:59.868711,2017-01-27 15:06:59.268399
order_001683,cust_02162,delivered,2018-03-06 15:25:31,2018-03-14 13:31:28.888244,2018-03-12 08:33:01.884407
order_001684,cust_01176,delivered,2017-07-13 12:20:25,2017-07-23 03:25:24.365822,2017-07-19 17:32:04.761351
order_001685,cust_02554,delivered,2017-10-08 15:39:47,2017-10-18 23:22:26.674639,2017-10-16 06:16:08.621739
order_001686,cust_02631,delivered,2017-08-20 01:41:39,2017-08-28 11:57:23.343677,2017-08-26 21:01:21.264573
order_001687,cust_00858,delivered,2017-08-09 14:35:42,2017-08-18 07:41:04.521217,2017-08-12 14:13:12.926984
order_001688,cust_00567,delivered,2018-05-23 01:00:40,2018-05-31 11:18:48.625178,2018-05-29 23:03:14.206719
order_001689,cust_01165,delivered,2017-02-20 23:01:06,2017-03-02 07:22:48.965212,2017-03-01 05:08:16.565053
order_001690,cust_02877,delivered,2018-02-21 21:20:27,2018-03-01 22:12:22.062414,2018-03-01 15:13:51.017628
order_001691,cust_00542,delivered,2018-04-26 12:12:00,2018-05-04 07:26:42.020157,2018-05-03 16:51:52.018092
order_001692,cust_01454,delivered,2017-12-22 08:58:40,2017-12-31 15:02:22.294249,2018-01-02 05:31:46.709325
order_001693,cust_01338,delivered,2017-08-02 17:34:32,2017-08-12 09:09:34.208101,2017-08-07 13:04:40.980646
order_001694,cust_01069,delivered,2017-03-28 15:18:07,2017-04-06 01:52:48.749327,2017-04-05 02:42:01.443563
order_001695,cust_00489,delivered,2018-01-04 16:55:50,2018-01-15 08:00:34.721433,2018-01-11 08:46:37.792051
order_001696,cust_00522,delivered,2017-09-11 12:22:26,2017-09-22 10:58:39.094243,2017-09-17 20:04:23.400707
order_001697,cust_02041,delivered,2017-03-22 05:40:13,2017-03-30 08:10:05.241897,2017-03-28 21:51:12.551257
order_001698,cust_02759,delivered,2017-07-14 01:45:28,2017-07-21 21:02:05.064343,2017-07-23 10:01:01.922832
order_001699,cust_00552,delivered,2018-06-04 06:47:57,2018-06-12 14:46:41.813354,2018-06-10 17:52:33.883571
order_001700,cust_00939,delivered,2017-05-24 12:41:45,2017-06-02 05:48:35.222231,2017-06-01 00:38:15.404209
order_001701,cust_02634,delivered,2017-04-07 10:10:35,2017-04-14 23:16:20.678025,2017-04-15 01:25:06.121638
order_001702,cust_00453,delivered,2018-01-04 12:09:10,2018-01-12 07:55:37.976318,2018-01-11 14:45:57.965222
order_001703,cust_01735,delivered,2017-04-18 06:39:53,2017-04-26 17:29:18.764769,2017-04-27 20:21:01.505627
order_001704,cust_01246,delivered,2018-05-12 22:30:31,2018-05-22 19:45:51.363714,2018-05-21 06:50:48.103927
order_001705,cust_01372,delivered,2018-04-09 08:48:06,2018-04-18 03:34:50.674592,2018-04-19 04:06:15.100106
order_001706,cust_01339,delivered,2018-06-16 20:18:27,2018-06-24 05:46:59.470911,2018-06-23 01:43:02.947952
order_001707,cust_00760,delivered,2018-05-08 09:22:58,2018-05-16 14:11:40.017607,2018-05-15 21:37:05.484921
order_001708,cust_01895,delivered,2017-05-12 10:38:45,2017-05-22 14:41:02.736077,2017-05-21 02:26:53.410770
order_001709,cust_02657,delivered,2017-04-25 14:29:33,2017-05-03 13:19:49.931764,2017-05-03 15:35:37.391629
order_001710,cust_00706,delivered,2017-07-05 06:18:54,2017-07-15 05:12:31.676888,2017-07-12 00:11:47.183859
order_001711,cust_00663,delivered,2017-09-11 05:16:38,2017-09-22 04:53:06.582926,2017-09-24 00:23:55.852988
order_001712,cust_02188,delivered,2018-04-21 09:06:02,2018-04-30 15:28:26.149036,2018-04-29 09:53:01.435865
order_001713,cust_00134,delivered,2018-02-01 19:18:10,2018-02-11 13:20:03.355851,2018-02-08 18:15:40.119530
order_001714,cust_01401,delivered,2017-12-14 03:28:13,2017-12-24 00:00:59.965408,2017-12-20 00:38:30.589396
order_001715,cust_01364,delivered,2018-04-20 10:30:03,2018-04-28 23:05:31.538286,2018-04-28 04:34:33.738378
order_001716,cust_01471,delivered,2017-12-15 16:07:50,2017-12-24 05:57:08.042485,2017-12-22 21:59:53.176831
order_001717,cust_00290,delivered,2017-07-24 16:56:59,2017-08-02 21:51:29.476998,2017-08-01 13:26:21.852925
order_001718,cust_01023,delivered,2017-08-12 10:25:32,2017-08-21 07:35:21.221639,2017-08-25 07:59:53.284628
order_001719,cust_00022,delivered,2017-10-07 01:57:16,2017-10-16 15:52:46.250613,2017-10-18 15:10:16.798710
order_001720,cust_01094,delivered,2017-02-17 00:22:54,2017-02-26 11:00:25.083758,2017-02-27 09:31:53.542056
order_001721,cust_00402,delivered,2018-02-05 11:16:45,2018-02-14 20:44:12.006340,2018-02-10 18:04:13.631611
order_001722,cust_00878,delivered,2017-12-19 19:26:27,2017-12-29 00:01:13.957889,2017-12-25 23:42:43.306506
order_001723,cust_01805,delivered,2018-01-30 00:40:38,2018-02-09 06:53:27.451557,2018-02-07 03:29:27.492999
order_001724,cust_00741,delivered,2017-10-16 21:17:58,2017-10-25 12:36:07.139073,2017-10-22 11:02:00.344265
order_001725,cust_02582,delivered,2018-02-27 16:13:18,2018-03-07 23:03:35.020304,2018-03-07 03:06:56.075398
order_001726,cust_00594,delivered,2018-05-28 00:11:36,2018-06-06 01:37:50.796359,2018-06-03 16:01:59.459292
order_001727,cust_01183,delivered,2017-11-04 08:14:56,2017-11-13 19:56:37.637139,2017-11-16 04:43:34.756406
order_001728,cust_00247,delivered,2017-08-28 05:17:31,2017-09-05 21:29:34.911741,2017-09-03 19:31:28.459210
order_001729,cust_00393,delivered,2017-02-26 22:46:55,2017-03-08 04:33:55.576920,2017-03-08 01:20:22.832030
order_001730,cust_01537,delivered,2018-02-25 13:18:53,2018-03-05 22:36:28.395969,2018-03-05 19:10:33.853819
order_001731,cust_02626,delivered,2018-05-04 07:46:44,2018-05-14 15:36:50.424811,2018-05-07 14:33:57.328716
order_001732,cust_00803,delivered,2018-01-13 06:40:23,2018-01-22 05:43:45.246544,2018-01-20 22:10:27.951011
order_001733,cust_01767,delivered,2018-04-13 13:31:52,2018-04-22 13:55:02.456050,2018-04-24 03:37:46.307908
order_001734,cust_02621,delivered,2018-04-11 00:07:20,2018-04-20 21:52:09.013250,2018-04-17 19:06:37.708332
order_001735,cust_00050,delivered,2018-03-07 06:10:38,2018-03-15 18:01:58.892045,2018-03-15 12:28:03.054619
order_001736,cust_02240,canceled,2017-09-29 03:58:11,2017-10-07 23:32:21.284501,
order_001737,cust_01056,delivered,2017-02-23 14:52:57,2017-03-04 06:23:15.742180,2017-03-02 06:35:12.319082
order_001738,cust_01117,delivered,2017-01-02 16:03:40,2017-01-12 03:15:14.332621,2017-01-10 08:18:54.856208
order_001739,cust_01771,delivered,2017-04-21 11:12:32,2017-05-01 01:42:12.280411,2017-04-26 21:45:06.098587
order_001740,cust_02541,delivered,2017-08-21 03:21:38,2017-08-29 11:49:54.626315,2017-08-26 19:32:40.204221
order_001741,cust_02487,delivered,2018-02-06 08:53:42,2018-02-16 17:33:39.741674,2018-02-14 04:05:40.525098
order_001742,cust_00780,delivered,2017-09-04 20:13:46,2017-09-13 05:51:18.339911,2017-09-12 15:28:16.810537
order_001743,cust_02170,delivered,2017-01-13 04:53:18,2017-01-22 22:28:41.072435,2017-01-20 07:36:43.272096
order_001744,cust_01243,delivered,2017-04-24 03:55:14,2017-04-30 21:13:36.208843,2017-04-30 13:18:23.719026
order_001745,cust_00336,delivered,2018-06-13 02:40:35,2018-06-24 05:07:08.176963,2018-06-22 03:39:52.489585
order_001746,cust_00189,delivered,2018-06-18 19:36:04,2018-06-29 01:22:56.591755,2018-06-25 09:22:45.830374
order_001747,cust_02588,delivered,2017-07-23 02:52:37,2017-08-02 21:11:15.518894,2017-08-02 12:21:49.612202
order_001748,cust_00471,delivered,2018-03-11 13:57:31,2018-03-19 06:56:23.642817,2018-03-18 02:49:09.867156
order_001749,cust_01412,delivered,2018-01-24 23:58:37,2018-02-03 23:01:14.833411,2018-01-29 22:36:31.505524
order_001750,cust_01514,delivered,2018-05-18 15:24:12,2018-05-26 19:41:44.204391,2018-05-26 15:51:08.390855
order_001751,cust_00122,delivered,2018-04-25 09:53:43,2018-05-04 11:13:36.327150,2018-05-02 09:27:19.692484
order_001752,cust_02990,delivered,2017-12-06 04:57:49,2017-12-15 05:10:05.498075,2017-12-11 03:18:59.918208
order_001753,cust_00172,delivered,2017-08-02 00:02:46,2017-08-12 04:29:56.944339,2017-08-08 20:02:40.744709
order_001754,cust_00111,delivered,2017-12-05 03:44:00,2017-12-14 14:13:06.730603,2017-12-12 05:23:57.819054
order_001755,cust_02511,delivered,2017-06-22 22:52:13,2017-07-01 22:56:34.182491,2017-06-28 11:07:00.216143
order_001756,cust_00829,delivered,2017-07-07 03:26:47,2017-07-17 15:09:44.953299,2017-07-14 22:08:27.354119
order_001757,cust_02611,delivered,2017-11-25 00:28:46,2017-12-02 13:19:45.293671,2017-12-01 05:02:01.146030
order_001758,cust_02846,delivered,2017-11-05 19:35:08,2017-11-13 09:26:06.480194,2017-11-14 18:20:28.240132
order_001759,cust_01980,delivered,2017-11-10 10:02:45,2017-11-19 08:37:47.815149,2017-11-16 16:12:18.156802
order_001760,cust_01074,delivered,2017-07-27 08:34:04,2017-08-05 05:01:49.022379,2017-08-02 03:21:54.476910
order_001761,cust_02848,delivered,2017-08-09 17:13:10,2017-08-19 10:28:31.354958,2017-08-16 20:09:17.733612
order_001762,cust_01980,delivered,2017-01-06 12:33:09,2017-01-16 01:05:34.461746,2017-01-11 15:24:48.381705
order_001763,cust_01622,delivered,2017-11-21 21:57:01,2017-11-29 18:37:35.176283,2017-11-28 12:57:25.322225
order_001764,cust_00413,delivered,2017-11-07 11:13:20,2017-11-17 00:59:56.740598,2017-11-13 19:09:46.677225
order_001765,cust_00946,delivered,2018-05-21 17:06:33,2018-05-30 09:35:49.297769,2018-05-30 17:51:21.462372
order_001766,cust_02611,delivered,2017-09-30 21:05:33,2017-10-09 05:09:00.130096,2017-10-09 07:05:09.446712
order_001767,cust_02421,delivered,2017-09-10 11:07:37,2017-09-19 12:35:03.317136,2017-09-22 13:34:51.890931
order_001768,cust_02194,delivered,2017-02-06 06:49:21,2017-02-15 03:09:23.467924,2017-02-15 06:49:23.911249
order_001769,cust_01301,delivered,2017-04-17 23:23:11,2017-04-27 01:19:07.362764,2017-04-27 19:49:18.788863
order_001770,cust_02640,delivered,2017-07-02 05:26:34,2017-07-11 21:45:45.388429,2017-07-09 11:25:57.758915
order_001771,cust_01665,delivered,2017-07-23 00:56:37,2017-08-01 18:19:49.866870,2017-08-02 10:52:14.901310
order_001772,cust_01829,delivered,2017-07-15 13:52:32,2017-07-25 02:15:34.882474,2017-07-24 12:35:15.533785
order_001773,cust_00801,delivered,2017-08-01 23:41:07,2017-08-10 08:41:53.025769,2017-08-09 18:58:13.609750
order_001774,cust_02985,delivered,2018-02-20 02:04:28,2018-02-27 17:59:12.880444,2018-02-27 18:54:32.254228
order_001775,cust_01424,shipped,2017-03-12 20:23:07,2017-03-21 15:38:39.963977,
order_001776,cust_00143,delivered,2017-06-29 19:55:49,2017-07-07 13:31:27.025832,2017-07-03 18:14:04.351855
order_001777,cust_02707,delivered,2017-03-29 22:17:39,2017-04-08 20:28:03.018701,2017-04-19 03:31:46.921039
order_001778,cust_00091,delivered,2017-06-16 10:07:03,2017-06-26 12:23:53.564906,2017-06-22 19:09:11.673999
order_001779,cust_00641,delivered,2018-01-05 06:06:52,2018-01-14 02:07:31.382544,2018-01-18 02:09:54.312373
order_001780,cust_00666,delivered,2017-01-26 12:17:29,2017-02-05 13:49:48.502815,2017-02-02 08:44:06.720551
order_001781,cust_02400,shipped,2017-07-03 03:25:08,2017-07-11 19:22:53.147851,
order_001782,cust_02152,delivered,2017-01-13 20:13:42,2017-01-22 23:29:51.850756,2017-01-23 05:19:01.479653
order_001783,cust_02892,delivered,2018-05-31 15:55:10,2018-06-09 22:24:50.097468,2018-06-07 13:45:16.973000
order_001784,cust_01865,delivered,2018-01-28 11:35:59,2018-02-05 17:45:30.361555,2018-02-10 01:03:37.869838
order_001785,cust_00007,delivered,2017-05-12 12:22:50,2017-05-21 07:54:57.156473,2017-05-20 12:52:25.293851
order_001786,cust_00635,delivered,2017-04-18 17:05:27,2017-04-28 04:10:03.406640,2017-04-30 01:47:59.571807
order_001787,cust_01131,delivered,2017-02-23 12:33:21,2017-03-02 21:24:24.914376,2017-03-03 02:01:10.433116
order_001788,cust_02113,delivered,2017-09-13 20:09:19,2017-09-21 23:04:23.844941,2017-09-23 07:55:48.386694
order_001789,cust_02348,delivered,2018-02-11 22:11:27,2018-02-21 13:51:47.935446,2018-02-18 08:11:08.047266
order_001790,cust_02485,delivered,2017-11-12 22:47:41,2017-11-21 09:51:50.060692,2017-11-21 23:21:27.623396
order_001791,cust_00904,delivered,2018-04-21 14:52:54,2018-05-01 02:11:33.848718,2018-04-29 12:01:41.251016
order_001792,cust_01390,delivered,2017-07-05 17:49:16,2017-07-14 05:58:48.401216,2017-07-13 04:27:56.107871
order_001793,cust_01907,delivered,2017-05-31 07:27:55,2017-06-09 14:00:35.584943,2017-06-04 09:46:27.187146
order_001794,cust_02935,delivered,2017-09-16 00:54:53,2017-09-26 02:13:30.405944,2017-09-27 09:33:28.346272
order_001795,cust_01749,delivered,2017-04-20 09:36:05,2017-04-30 18:53:29.604854,2017-04-27 03:25:35.282153
order_001796,cust_00181,delivered,2018-06-11 20:55:15,2018-06-21 03:35:47.950029,2018-07-05 02:01:14.223268
order_001797,cust_00828,delivered,2017-04-11 03:12:14,2017-04-19 10:04:59.089111,2017-04-20 00:42:45.495052
order_001798,cust_01154,delivered,2017-09-16 13:05:49,2017-09-26 17:42:02.707477,2017-09-24 06:23:57.580763
order_001799,cust_01785,delivered,2017-10-09 04:36:55,2017-10-18 17:42:02.588480,2017-10-15 19:13:19.568258
order_001800,cust_01093,delivered,2017-01-31 10:18:09,2017-02-07 18:57:52.920072,2017-02-07 04:38:48.992255
order_001801,cust_02739,delivered,2017-09-10 03:26:25,2017-09-19 19:42:41.483184,2017-09-19 06:27:40.584945
order_001802,cust_02713,shipped,2017-09-03 17:38:01,2017-09-12 01:18:38.211917,
order_001803,cust_01478,canceled,2017-05-21 19:26:49,2017-05-31 08:45:57.186290,
order_001804,cust_02150,delivered,2017-03-11 18:12:01,2017-03-21 00:01:06.757949,2017-03-18 06:49:45.171223
order_001805,cust_01751,delivered,2017-01-25 16:55:01,2017-02-05 22:49:30.764533,2017-02-01 05:09:49.104705
order_001806,cust_01073,delivered,2017-01-05 05:38:37,2017-01-13 15:56:24.014878,2017-01-09 06:30:13.962617
order_001807,cust_00555,delivered,2017-09-18 12:43:41,2017-09-28 14:58:11.592475,2017-09-22 13:45:13.055716
order_001808,cust_02807,delivered,2017-02-18 02:30:53,2017-02-25 13:55:29.206923,2017-02-27 16:08:39.033052
order_001809,cust_02016,delivered,2018-06-03 08:59:05,2018-06-13 19:35:20.324215,2018-06-13 10:15:01.267117
order_001810,cust_01409,delivered,2017-05-13 12:08:22,2017-05-20 18:37:18.328818,2017-05-22 00:37:59.751308
order_001811,cust_01600,delivered,2017-12-19 16:02:37,2017-12-26 23:59:48.015813,2017-12-27 12:36:51.958482
order_001812,cust_02512,delivered,2017-12-30 02:19:23,2018-01-07 10:48:47.916584,2018-01-07 06:36:25.085790
order_001813,cust_02287,delivered,2017-09-25 19:30:35,2017-10-05 01:17:24.400380,2017-10-02 00:42:32.953051
order_001814,cust_02241,delivered,2018-04-23 11:00:49,2018-05-03 18:27:01.994616,2018-04-27 17:04:55.977358
order_001815,cust_01397,delivered,2017-03-01 21:08:58,2017-03-09 12:38:08.439368,2017-03-06 18:40:47.088247
order_001816,cust_00657,delivered,2017-05-07 12:39:33,2017-05-15 11:49:30.573885,2017-05-14 11:40:35.538204
order_001817,cust_01970,delivered,2017-05-17 13:07:42,2017-05-27 05:41:51.596905,2017-05-22 06:57:36.437288
order_001818,cust_00562,delivered,2017-03-15 16:37:19,2017-03-25 05:39:01.071592,2017-03-23 07:01:19.873080
order_001819,cust_00167,delivered,2017-06-09 19:40:38,2017-06-17 22:50:58.670277,2017-06-15 03:49:35.167559
order_001820,cust_00062,delivered,2017-06-18 03:46:58,2017-06-29 14:46:00.572987,2017-06-26 10:22:20.561409
order_001821,cust_01517,delivered,2018-02-17 12:16:16,2018-02-26 11:47:09.848583,2018-02-27 02:41:07.704452
order_001822,cust_01136,delivered,2017-06-12 00:43:08,2017-06-20 19:44:41.436668,2017-06-26 11:44:44.724008
order_001823,cust_00807,delivered,2018-04-19 11:23:19,2018-04-27 04:28:04.852807,2018-04-24 12:29:01.491575
order_001824,cust_02754,delivered,2018-02-22 19:31:27,2018-03-04 07:56:41.950156,2018-03-07 12:17:20.755684
order_001825,cust_01267,delivered,2018-05-02 20:46:13,2018-05-11 22:55:06.974246,2018-05-12 01:41:17.944114
order_001826,cust_00201,delivered,2017-02-26 06:48:16,2017-03-06 10:55:04.482340,2017-03-05 03:45:02.224715
order_001827,cust_00901,delivered,2018-06-16 09:16:22,2018-06-25 02:40:38.982766,2018-06-23 22:46:48.816333
order_001828,cust_00755,delivered,2017-11-28 13:14:14,2017-12-07 04:30:05.961652,2017-12-04 19:01:52.734214
order_001829,cust_00048,delivered,2018-06-15 09:30:06,2018-06-25 01:58:09.990185,2018-06-20 21:42:12.908346
order_001830,cust_00685,delivered,2017-07-11 04:16:26,2017-07-20 00:30:02.080856,2017-07-17 21:33:14.006129
order_001831,cust_02636,delivered,2018-05-30 07:19:04,2018-06-07 13:54:29.675773,2018-06-06 00:52:51.328352
order_001832,cust_02634,delivered,2017-11-14 09:41:50,2017-11-25 12:17:05.265968,2017-11-27 15:40:54.649498
order_001833,cust_00974,delivered,2017-02-08 12:26:55,2017-02-16 19:27:28.179688,2017-02-14 08:47:42.984286
order_001834,cust_00050,delivered,2017-08-10 22:05:51,2017-08-20 06:32:04.338951,2017-08-17 10:25:40.536496
order_001835,cust_01193,delivered,2017-03-16 13:04:35,2017-03-27 13:54:53.336003,2017-03-23 11:46:11.929555
order_001836,cust_01953,delivered,2018-05-24 09:17:26,2018-06-02 13:46:17.280016,2018-06-01 16:59:37.831922
order_001837,cust_01544,delivered,2017-06-14 15:51:03,2017-06-23 08:46:51.631675,2017-06-20 10:54:47.162296
order_001838,cust_02661,delivered,2017-05-01 18:33:12,2017-05-11 15:17:31.082652,2017-05-19 13:16:30.253067
order_001839,cust_00660,delivered,2017-10-26 10:19:55,2017-11-04 10:04:18.596205,2017-11-01 11:43:00.756337
order_001840,cust_01681,delivered,2017-08-18 11:44:32,2017-08-28 04:54:14.426766,2017-09-08 19:36:16.449871
order_001841,cust_00891,delivered,2017-02-22 05:13:41,2017-03-03 22:11:06.254102,2017-02-27 23:26:47.276723
order_001842,cust_00658,delivered,2018-03-17 20:45:17,2018-03-28 06:12:04.963097,2018-04-01 09:40:35.541849
order_001843,cust_01745,delivered,2018-04-02 20:48:15,2018-04-12 12:34:28.966155,2018-04-09 19:20:36.970745
order_001844,cust_02224,delivered,2018-02-06 04:11:52,2018-02-14 19:50:05.958687,2018-02-11 05:22:03.308879
order_001845,cust_00712,delivered,2017-11-30 08:18:14,2017-12-09 10:14:46.639350,2017-12-07 02:07:42.956565
order_001846,cust_02361,delivered,2017-08-06 06:31:36,2017-08-14 23:13:34.503904,2017-08-16 02:40:34.981672
order_001847,cust_02893,delivered,2017-10-20 22:09:02,2017-10-29 00:44:43.070960,2017-10-26 19:24:10.847707
order_001848,cust_01123,delivered,2017-10-09 01:33:55,2017-10-17 08:45:41.735346,2017-10-18 16:13:45.726160
order_001849,cust_02205,delivered,2017-03-31 04:58:35,2017-04-08 18:36:52.736176,2017-04-10 20:38:02.479858
order_001850,cust_02088,delivered,2017-02-14 07:33:27,2017-02-22 16:57:24.335217,2017-02-20 17:28:57.080536
order_001851,cust_01049,delivered,2017-05-17 13:26:28,2017-05-27 13:06:49.805685,2017-05-27 01:43:47.595576
order_001852,cust_01003,delivered,2017-09-03 05:58:31,2017-09-12 12:07:27.596393,2017-09-12 10:52:34.437841
order_001853,cust_02856,delivered,2017-03-28 12:52:43,2017-04-06 04:24:09.657356,2017-04-10 22:44:50.286182
order_001854,cust_01077,delivered,2017-02-27 17:56:00,2017-03-07 18:36:11.186711,2017-03-08 19:48:54.229161
order_001855,cust_02168,delivered,2018-04-06 19:53:15,2018-04-15 20:32:53.755393,2018-04-13 18:38:55.686846
order_001856,cust_01957,delivered,2017-07-22 02:22:38,2017-07-31 23:34:41.918989,2017-07-30 20:49:54.200969
order_001857,cust_01601,delivered,2017-11-12 03:19:56,2017-11-22 06:31:53.095152,2017-11-25 06:56:35.975255
order_001858,cust_00263,delivered,2017-10-10 02:17:04,2017-10-18 23:15:15.268132,2017-10-14 17:16:21.959354
order_001859,cust_01812,delivered,2018-02-01 21:50:18,2018-02-11 11:32:50.241874,2018-02-07 22:58:20.686928
order_001860,cust_02850,delivered,2018-02-04 15:39:01,2018-02-14 05:09:07.085319,2018-02-11 15:05:33.265245
order_001861,cust_02719,delivered,2017-06-09 12:45:15,2017-06-20 01:04:38.057408,2017-06-15 05:21:12.855097
order_001862,cust_02760,delivered,2018-04-03 18:58:54,2018-04-11 17:59:37.379257,2018-04-09 06:25:00.045264
order_001863,cust_02551,delivered,2017-07-20 14:03:59,2017-07-29 19:11:43.812481,2017-07-26 17:27:29.055391
order_001864,cust_00555,delivered,2018-03-28 05:39:03,2018-04-06 18:33:06.949989,2018-04-03 00:44:54.081812
order_001865,cust_01945,delivered,2017-08-07 12:14:38,2017-08-17 19:00:49.237604,2017-08-13 16:10:29.395656
order_001866,cust_00950,delivered,2017-03-01 16:52:37,2017-03-13 14:26:28.205127,2017-03-07 00:52:45.227669
order_001867,cust_00714,delivered,2018-02-15 00:51:52,2018-02-26 19:46:06.692826,2018-02-20 01:09:02.557267
order_001868,cust_00447,delivered,2017-01-17 14:33:07,2017-01-27 23:54:00.473767,2017-01-23 11:36:40.318951
order_001869,cust_02321,delivered,2018-02-22 11:55:48,2018-03-04 05:13:54.167155,2018-03-03 23:04:53.576702
order_001870,cust_00248,delivered,2017-01-24 01:40:05,2017-02-02 05:17:38.472478,2017-01-31 09:00:53.444004
order_001871,cust_00686,delivered,2017-04-22 06:19:30,2017-04-30 07:33:53.098452,2017-04-30 18:16:38.314768
order_001872,cust_00428,delivered,2017-11-22 10:45:53,2017-12-01 01:09:16.028440,2017-11-29 23:11:20.052863
order_001873,cust_00307,delivered,2018-05-24 08:13:28,2018-06-01 22:43:17.777019,2018-05-30 01:30:02.412845
order_001874,cust_01910,delivered,2017-08-09 06:57:41,2017-08-18 15:28:50.403896,2017-08-17 17:51:54.591086
order_001875,cust_01748,delivered,2017-03-07 15:34:42,2017-03-16 02:16:31.996507,2017-03-13 19:39:38.219526
order_001876,cust_02987,delivered,2017-05-06 09:42:16,2017-05-15 07:08:24.645127,2017-05-14 09:06:03.839956
order_001877,cust_02896,delivered,2018-04-29 11:56:41,2018-05-08 18:50:50.563027,2018-05-06 07:04:46.336050
order_001878,cust_01686,delivered,2018-01-28 19:09:34,2018-02-06 15:18:52.310475,2018-02-03 10:33:17.982723
order_001879,cust_00855,delivered,2017-02-24 02:14:14,2017-03-03 07:32:49.240899,2017-03-07 07:26:56.220167
order_001880,cust_01688,delivered,2017-07-27 08:38:15,2017-08-07 10:51:09.130674,2017-07-30 20:30:11.812716
order_001881,cust_02428,delivered,2017-05-23 01:45:10,2017-06-01 17:04:38.476705,2017-05-31 18:05:52.631138
order_001882,cust_02664,delivered,2017-04-07 22:15:21,2017-04-18 04:20:19.115818,2017-04-14 21:45:26.578052
order_001883,cust_01500,delivered,2018-04-03 04:27:20,2018-04-11 03:42:35.190586,2018-04-11 10:23:54.584968
order_001884,cust_01997,delivered,2017-11-30 19:40:36,2017-12-09 06:45:03.023365,2017-12-06 21:07:44.145658
order_001885,cust_00417,delivered,2017-04-07 04:34:52,2017-04-17 15:00:08.709920,2017-04-16 05:39:21.539490
order_001886,cust_01795,delivered,2017-12-18 07:46:38,2017-12-28 08:25:45.743621,2017-12-24 14:27:23.426199
order_001887,cust_00714,delivered,2017-08-12 14:35:57,2017-08-21 08:57:34.899548,2017-08-17 03:44:58.078143
order_001888,cust_00720,delivered,2017-02-03 19:57:10,2017-02-13 02:25:35.422300,2017-02-12 08:40:34.353219
order_001889,cust_00623,delivered,2017-08-31 04:16:03,2017-09-07 15:32:10.075601,2017-09-08 09:41:02.723205
order_001890,cust_02426,delivered,2017-04-11 05:06:53,2017-04-20 06:14:16.981543,2017-04-20 02:30:53.245099
order_001891,cust_02537,delivered,2017-05-13 21:09:40,2017-05-22 00:21:09.305779,2017-05-23 10:09:12.367415
order_001892,cust_00634,delivered,2018-04-20 07:43:37,2018-04-29 18:54:09.277425,2018-04-27 14:05:45.181578
order_001893,cust_01791,delivered,2018-01-19 05:02:03,2018-01-26 18:54:45.723653,2018-01-23 05:54:59.078889
order_001894,cust_02052,delivered,2017-03-14 17:50:40,2017-03-23 15:15:42.356848,2017-03-22 06:19:02.302926
order_001895,cust_02824,delivered,2018-04-05 02:11:13,2018-04-13 14:54:16.463451,2018-04-11 21:16:29.153781
order_001896,cust_00729,delivered,2017-11-07 20:48:25,2017-11-14 03:05:48.021588,2017-11-17 01:18:38.722589
order_001897,cust_00517,delivered,2018-04-18 21:01:04,2018-04-26 11:03:19.805122,2018-04-26 03:26:14.265283
order_001898,cust_02750,canceled,2018-02-08 20:33:23,2018-02-20 03:05:01.854718,
order_001899,cust_00140,delivered,2017-07-03 07:05:16,2017-07-11 13:20:37.638242,2017-07-11 06:14:55.093542
order_001900,cust_01255,delivered,2017-10-16 02:44:27,2017-10-25 01:31:24.657810,2017-10-22 22:16:49.252324
order_001901,cust_02791,delivered,2017-10-14 10:12:36,2017-10-24 08:07:33.878263,2017-10-21 18:55:04.892340
order_001902,cust_00518,delivered,2018-01-24 08:01:47,2018-02-01 06:00:48.221002,2018-02-01 14:23:26.289845
order_001903,cust_01849,delivered,2017-05-15 23:00:59,2017-05-22 04:32:25.609231,2017-05-21 17:35:46.312678
order_001904,cust_01139,delivered,2017-06-29 15:09:38,2017-07-09 00:48:38.637103,2017-07-08 09:14:31.881262
order_001905,cust_01481,delivered,2017-05-13 22:39:53,2017-05-24 03:18:51.165770,2017-05-25 00:29:27.433251
order_001906,cust_02963,delivered,2017-06-09 18:01:15,2017-06-16 23:11:05.503196,2017-06-16 22:13:10.048739
order_001907,cust_00702,delivered,2017-03-29 17:09:28,2017-04-07 10:31:00.639586,2017-04-04 10:58:15.835673
order_001908,cust_00509,delivered,2017-01-20 02:41:03,2017-01-28 01:25:57.273001,2017-01-29 11:48:50.829441
order_001909,cust_02618,delivered,2018-05-23 01:39:16,2018-05-31 20:53:15.559718,2018-05-29 14:04:40.506200
order_001910,cust_00153,shipped,2017-02-10 01:06:56,2017-02-19 22:30:40.230054,
order_001911,cust_00030,delivered,2018-04-25 14:14:24,2018-05-04 03:37:03.615729,2018-05-04 09:02:21.406643
order_001912,cust_00936,shipped,2017-01-02 04:50:27,2017-01-11 09:11:05.811365,
order_001913,cust_02831,delivered,2018-02-24 23:44:16,2018-03-05 10:42:16.636406,2018-03-09 02:04:50.817175
order_001914,cust_02591,delivered,2017-06-27 03:11:02,2017-07-05 09:59:09.208950,2017-07-02 05:20:55.212085
order_001915,cust_02851,delivered,2017-10-07 22:43:33,2017-10-16 03:42:58.095256,2017-10-17 00:35:21.351338
order_001916,cust_00413,delivered,2017-06-02 16:01:24,2017-06-10 15:56:32.247920,2017-06-09 15:44:47.661631
order_001917,cust_00409,delivered,2017-09-22 02:32:38,2017-09-29 20:02:11.113377,2017-09-29 21:57:36.343308
order_001918,cust_01919,delivered,2017-09-01 01:24:10,2017-09-09 08:37:36.889112,2017-09-06 12:38:38.232709
order_001919,cust_01216,delivered,2017-10-14 09:30:11,2017-10-25 10:07:21.202008,2017-10-21 09:01:38.808810
order_001920,cust_01887,delivered,2017-08-01 08:08:05,2017-08-11 01:51:59.746058,2017-08-08 19:25:29.148395
order_001921,cust_02327,delivered,2017-10-17 07:34:22,2017-10-26 22:42:46.025353,2017-10-23 11:44:56.211432
order_001922,cust_00391,shipped,2018-03-22 12:41:07,2018-04-01 07:54:30.366949,
order_001923,cust_01065,delivered,2017-08-23 03:06:48,2017-09-01 14:56:29.506340,2017-08-30 02:50:08.186819
order_001924,cust_00130,delivered,2017-07-15 03:06:25,2017-07-23 04:55:01.738525,2017-07-23 06:51:22.246711
order_001925,cust_01904,delivered,2017-03-13 16:40:30,2017-03-21 19:49:18.728828,2017-03-21 10:52:50.920811
order_001926,cust_01823,delivered,2017-07-14 23:46:02,2017-07-25 04:46:00.027624,2017-07-20 01:07:03.711131
order_001927,cust_00464,delivered,2017-03-09 06:34:20,2017-03-18 04:55:51.678053,2017-03-18 19:13:21.943739
order_001928,cust_01980,delivered,2017-04-09 22:21:58,2017-04-19 11:02:40.958823,2017-04-18 07:49:12.546924
order_001929,cust_02625,delivered,2018-05-30 08:16:36,2018-06-08 20:53:13.744939,2018-06-06 18:34:09.346270
order_001930,cust_01828,delivered,2017-02-18 08:03:40,2017-02-26 09:41:17.267107,2017-02-23 21:37:57.547879
order_001931,cust_02911,delivered,2017-09-18 02:10:07,2017-09-27 22:03:26.235821,2017-09-25 15:53:21.827548
order_001932,cust_02260,delivered,2018-03-27 10:09:35,2018-04-04 08:22:12.205017,2018-04-01 19:48:46.291281
order_001933,cust_02578,delivered,2018-05-30 11:57:04,2018-06-08 16:27:10.184313,2018-06-06 05:55:08.671150
order_001934,cust_00865,delivered,2017-03-21 15:55:49,2017-03-28 19:02:54.583843,2017-03-28 05:10:31.921120
order_001935,cust_02281,delivered,2017-03-30 03:47:45,2017-04-08 10:26:08.008499,2017-04-04 18:31:14.661693
order_001936,cust_01759,delivered,2017-07-21 04:31:43,2017-07-31 15:06:48.834086,2017-07-26 15:02:03.448814
order_001937,cust_00700,delivered,2017-10-27 10:22:12,2017-11-04 02:32:27.277501,2017-11-04 07:52:00.893870
order_001938,cust_02684,delivered,2018-06-03 01:40:17,2018-06-12 20:56:30.356985,2018-06-15 23:36:46.844953
order_001939,cust_01897,delivered,2017-04-23 03:26:24,2017-05-03 18:13:21.527152,2017-05-02 00:07:37.681960
order_001940,cust_00366,delivered,2017-03-30 15:05:52,2017-04-08 00:40:36.135883,2017-04-05 08:00:26.888001
order_001941,cust_00275,delivered,2017-05-17 22:53:32,2017-05-26 07:15:48.040716,2017-05-25 17:53:45.888664
order_001942,cust_02094,delivered,2018-04-18 13:45:03,2018-04-26 16:40:20.648019,2018-04-28 21:28:31.472868
order_001943,cust_01688,delivered,2017-01-17 03:28:46,2017-01-26 03:38:20.404611,2017-01-22 08:25:34.079328
order_001944,cust_02894,delivered,2017-07-25 23:47:01,2017-08-04 01:40:36.971469,2017-07-31 02:22:36.082208
order_001945,cust_00241,delivered,2017-03-06 12:31:31,2017-03-14 20:01:17.539374,2017-03-12 13:02:21.491078
order_001946,cust_01464,delivered,2017-03-26 17:12:15,2017-04-04 20:47:28.901102,2017-04-05 02:18:08.556587
order_001947,cust_02590,delivered,2018-05-11 04:43:39,2018-05-19 14:52:56.860984,2018-05-17 16:56:14.861739
order_001948,cust_02295,delivered,2017-01-01 13:52:56,2017-01-10 17:24:55.712144,2017-01-10 12:58:42.829576
order_001949,cust_01078,delivered,2017-06-23 01:49:57,2017-07-03 09:56:02.990470,2017-07-01 03:05:44.193383
order_001950,cust_00479,delivered,2018-05-10 15:01:04,2018-05-18 13:10:01.945814,2018-05-15 10:00:04.176627
order_001951,cust_00441,delivered,2017-11-25 04:51:19,2017-12-03 17:42:42.149911,2017-12-09 00:38:52.842247
order_001952,cust_00409,delivered,2017-02-08 21:49:42,2017-02-18 08:08:09.806107,2017-02-15 07:08:40.724365
order_001953,cust_02008,delivered,2017-09-09 01:18:52,2017-09-20 00:33:58.351562,2017-09-18 11:10:49.928913
order_001954,cust_00173,delivered,2018-06-09 15:39:47,2018-06-19 12:15:59.674096,2018-06-22 13:00:24.507969
order_001955,cust_01419,delivered,2017-08-05 03:20:43,2017-08-14 22:19:27.127491,2017-08-13 16:53:49.184585
order_001956,cust_02357,delivered,2017-10-13 16:29:27,2017-10-22 15:08:20.450611,2017-10-19 14:56:25.820901
order_001957,cust_00528,delivered,2017-10-15 11:50:37,2017-10-25 17:26:40.034793,2017-10-24 18:04:55.447356
order_001958,cust_02804,delivered,2017-12-23 23:13:10,2017-12-30 22:15:37.397961,2018-01-02 08:39:52.142658
order_001959,cust_01173,delivered,2017-04-12 15:38:36,2017-04-22 00:10:47.510000,2017-04-23 13:30:04.147626
order_001960,cust_01350,delivered,2018-03-30 08:55:40,2018-04-07 18:59:20.876255,2018-04-06 03:31:14.776662
order_001961,cust_00457,delivered,2018-06-18 02:05:46,2018-06-27 15:38:28.317169,2018-06-24 21:42:15.911479
order_001962,cust_00441,delivered,2017-03-18 14:17:53,2017-03-29 07:10:35.034574,2017-03-26 21:45:03.702358
order_001963,cust_02876,delivered,2018-03-18 10:35:04,2018-03-28 08:23:55.583464,2018-03-30 14:39:15.922720
order_001964,cust_02516,delivered,2018-03-18 01:15:36,2018-03-27 18:00:15.336487,2018-03-26 07:30:10.565525
order_001965,cust_00443,delivered,2018-02-05 13:56:59,2018-02-15 13:15:38.011793,2018-02-13 14:09:49.022739
order_001966,cust_02374,delivered,2017-07-20 05:02:23,2017-07-29 09:21:39.139940,2017-07-27 20:46:19.188932
order_001967,cust_00002,delivered,2017-09-11 05:37:17,2017-09-20 10:20:36.826842,2017-09-14 19:19:18.347391
order_001968,cust_02230,delivered,2018-03-30 00:12:54,2018-04-05 19:50:50.609500,2018-04-09 14:29:51.366834
order_001969,cust_02098,delivered,2017-03-24 08:55:47,2017-04-01 08:43:50.207452,2017-04-01 03:05:32.721654
order_001970,cust_01547,delivered,2018-03-24 05:14:18,2018-04-02 01:40:57.223565,2018-04-01 05:39:20.756935
order_001971,cust_00940,delivered,2018-05-13 01:43:26,2018-05-22 07:14:18.026424,2018-05-21 13:50:41.844848
order_001972,cust_02892,delivered,2018-01-04 10:25:23,2018-01-13 02:01:39.851086,2018-01-12 02:38:33.036825
order_001973,cust_00149,delivered,2017-07-04 05:16:59,2017-07-13 01:24:14.747857,2017-07-10 11:59:32.013871
order_001974,cust_01811,delivered,2017-10-29 03:13:11,2017-11-08 02:39:58.007187,2017-11-07 11:11:44.319295
order_001975,cust_00941,delivered,2017-01-28 11:12:07,2017-02-07 06:21:13.705387,2017-02-11 21:15:21.442957
order_001976,cust_02630,delivered,2018-05-19 01:31:03,2018-05-28 03:20:17.640018,2018-05-27 19:23:12.099450
order_001977,cust_00452,delivered,2017-07-04 23:46:14,2017-07-13 05:26:06.645669,2017-07-13 12:30:21.352100
order_001978,cust_00356,delivered,2017-01-31 11:18:10,2017-02-09 10:33:58.973476,2017-02-05 19:35:49.797821
order_001979,cust_02439,delivered,2018-03-06 23:54:37,2018-03-15 20:30:08.949291,2018-03-12 07:27:42.835738
order_001980,cust_02257,delivered,2017-12-22 21:09:09,2018-01-01 08:38:31.346588,2017-12-30 04:40:47.881487
order_001981,cust_01781,delivered,2017-12-03 23:30:39,2017-12-14 01:03:51.314899,2017-12-14 07:28:06.665559
order_001982,cust_01858,delivered,2017-01-30 13:01:31,2017-02-07 18:25:17.109169,2017-02-07 01:51:41.637685
order_001983,cust_01800,delivered,2018-02-10 10:09:14,2018-02-19 19:21:10.098494,2018-02-18 13:59:28.139369
order_001984,cust_01734,delivered,2017-12-11 17:16:38,2017-12-20 21:38:55.936507,2017-12-17 01:44:33.779220
order_001985,cust_00493,delivered,2018-03-05 01:56:10,2018-03-14 08:40:49.428438,2018-03-11 20:21:14.304973
order_001986,cust_00248,delivered,2018-03-23 20:09:52,2018-03-31 18:01:12.901513,2018-04-05 20:03:29.221319
order_001987,cust_01756,delivered,2017-04-25 07:45:56,2017-05-04 05:11:43.567857,2017-05-01 00:24:40.295636
order_001988,cust_02939,delivered,2017-04-24 00:10:40,2017-05-03 03:49:10.112390,2017-04-29 06:42:44.344554
order_001989,cust_01524,delivered,2018-05-14 05:42:18,2018-05-24 01:17:20.493170,2018-05-21 08:37:53.750686
order_001990,cust_02656,delivered,2017-10-14 05:48:56,2017-10-21 07:17:13.623160,2017-10-23 17:45:40.565007
order_001991,cust_02030,delivered,2017-08-25 00:20:20,2017-09-02 14:17:33.579266,2017-09-01 15:52:46.392457
order_001992,cust_00158,delivered,2017-06-05 16:02:45,2017-06-15 23:57:39.861891,2017-06-12 06:20:44.639682
order_001993,cust_01625,delivered,2017-12-12 02:17:08,2017-12-19 13:58:27.452739,2017-12-18 14:08:27.316331
order_001994,cust_01845,delivered,2018-02-12 20:19:14,2018-02-20 19:58:26.389472,2018-02-18 18:20:55.765811
order_001995,cust_00774,delivered,2017-01-02 10:52:35,2017-01-10 12:36:29.324577,2017-01-10 17:20:24.639369
order_001996,cust_02199,delivered,2017-10-26 17:14:15,2017-11-03 21:34:36.633562,2017-11-05 14:35:40.581634
order_001997,cust_02322,delivered,2018-06-21 08:09:06,2018-06-30 16:48:22.617605,2018-06-29 07:00:40.673694
order_001998,cust_00198,delivered,2017-06-01 03:10:04,2017-06-13 08:01:24.958084,2017-06-07 19:55:37.376166
order_001999,cust_01835,delivered,2017-06-01 04:19:42,2017-06-10 08:51:19.831378,2017-06-09 00:21:53.039749
order_002000,cust_00209,delivered,2018-04-20 15:30:03,2018-04-29 01:05:23.535390,2018-04-26 13:42:03.765459
order_002001,cust_00062,delivered,2017-02-03 17:11:11,2017-02-12 03:21:52.876020,2017-02-11 04:08:48.638081
order_002002,cust_00501,delivered,2017-08-03 06:25:14,2017-08-13 18:13:42.223777,2017-08-11 20:49:58.417586
order_002003,cust_02796,delivered,2017-09-05 08:34:14,2017-09-14 05:20:56.435940,2017-09-14 20:23:44.785556
order_002004,cust_00403,delivered,2018-03-07 22:40:52,2018-03-15 13:30:23.981148,2018-03-15 19:40:52.816158
order_002005,cust_00646,delivered,2017-03-11 20:26:41,2017-03-20 16:32:35.123963,2017-03-18 11:02:42.046846
order_002006,cust_01834,delivered,2017-08-23 09:54:46,2017-09-02 19:42:19.146867,2017-08-30 01:05:50.352216
order_002007,cust_02461,delivered,2017-03-24 05:47:00,2017-04-01 06:37:59.478091,2017-03-30 13:26:56.620089
order_002008,cust_01871,delivered,2018-03-02 07:13:56,2018-03-10 19:33:34.554996,2018-03-07 04:40:20.233488
order_002009,cust_02105,delivered,2017-12-08 12:55:17,2017-12-17 18:26:32.258568,2017-12-19 19:38:54.380617
order_002010,cust_02620,delivered,2017-09-26 13:36:09,2017-10-07 23:18:36.367373,2017-10-10 11:35:19.777595
order_002011,cust_00090,delivered,2017-08-01 04:25:09,2017-08-12 05:59:49.108584,2017-08-09 09:52:34.341002
order_002012,cust_01202,delivered,2017-03-24 01:34:48,2017-04-04 00:04:03.992738,2017-03-29 18:59:52.337060
order_002013,cust_01717,delivered,2018-05-13 11:53:13,2018-05-23 07:33:18.703374,2018-05-22 14:32:35.413467
order_002014,cust_00165,delivered,2017-12-16 19:08:20,2017-12-26 11:59:07.289755,2017-12-25 23:44:27.212715
order_002015,cust_00820,delivered,2017-06-22 03:39:33,2017-07-03 01:27:15.901055,2017-07-01 04:33:10.064865
order_002016,cust_01712,delivered,2017-08-12 09:48:01,2017-08-20 16:07:09.577388,2017-08-19 03:34:29.105608
order_002017,cust_01506,delivered,2018-01-28 03:52:40,2018-02-07 19:33:39.222893,2018-02-04 17:25:23.439017
order_002018,cust_01591,delivered,2018-01-24 05:48:40,2018-02-03 05:42:54.422481,2018-01-30 20:55:45.456747
order_002019,cust_02273,delivered,2017-09-06 14:41:36,2017-09-16 10:05:08.775465,2017-09-13 18:20:47.708100
order_002020,cust_02944,delivered,2017-06-13 06:52:07,2017-06-23 15:39:13.461006,2017-06-17 09:17:52.303481
order_002021,cust_02068,delivered,2017-12-23 06:19:51,2017-12-31 15:36:37.278212,2018-01-17 16:52:09.205996
order_002022,cust_02241,delivered,2017-12-22 23:53:45,2018-01-01 21:10:22.541079,2017-12-31 21:23:00.041690
order_002023,cust_00998,delivered,2017-11-20 04:08:12,2017-11-30 13:34:35.267990,2017-12-02 05:07:53.534853
order_002024,cust_00907,delivered,2017-02-09 04:32:34,2017-02-19 01:20:13.464278,2017-02-14 23:36:02.299083
order_002025,cust_02233,delivered,2017-09-13 22:18:51,2017-09-21 14:04:15.064410,2017-09-17 22:42:49.422276
order_002026,cust_02435,delivered,2017-11-28 13:12:17,2017-12-09 06:03:00.763608,2017-12-09 22:26:57.166885
order_002027,cust_01269,delivered,2018-05-29 01:01:55,2018-06-07 06:54:16.360149,2018-06-03 23:01:38.594226
order_002028,cust_01567,delivered,2017-10-11 10:11:56,2017-10-20 09:22:18.817326,2017-10-20 23:47:21.911216
order_002029,cust_02219,delivered,2017-07-05 13:33:48,2017-07-14 09:46:56.610120,2017-07-14 15:36:20.129258
order_002030,cust_01153,delivered,2017-10-28 06:04:35,2017-11-08 02:12:58.344766,2017-11-06 09:04:16.731336
order_002031,cust_00549,delivered,2017-04-06 13:09:29,2017-04-15 22:30:29.509482,2017-04-15 01:49:23.181157
order_002032,cust_01222,delivered,2017-02-18 15:33:51,2017-02-28 02:40:01.813939,2017-02-28 05:01:30.566270
order_002033,cust_01359,delivered,2018-01-02 06:00:52,2018-01-12 06:59:00.216915,2018-01-09 08:46:09.498789
order_002034,cust_00601,delivered,2018-06-17 19:29:51,2018-06-28 20:49:02.231064,2018-07-11 09:16:54.479997
order_002035,cust_02890,delivered,2018-04-02 10:51:59,2018-04-12 01:37:11.443419,2018-04-10 09:10:39.421301
order_002036,cust_02679,delivered,2017-11-12 23:07:23,2017-11-21 13:30:55.287652,2017-11-20 09:25:20.318277
order_002037,cust_00586,delivered,2017-01-22 02:06:20,2017-02-01 00:22:46.983325,2017-02-01 00:29:01.697359
order_002038,cust_01222,delivered,2018-06-18 07:46:54,2018-06-27 08:33:16.883253,2018-06-27 02:39:59.474757
order_002039,cust_02683,delivered,2017-08-31 17:18:37,2017-09-09 22:12:04.202056,2017-09-09 05:26:54.916773
order_002040,cust_01901,delivered,2017-06-06 21:28:40,2017-06-13 17:13:50.433100,2017-06-15 23:58:07.739319
order_002041,cust_01919,delivered,2018-04-27 05:19:14,2018-05-06 12:42:20.571526,2018-05-04 02:44:51.281723
order_002042,cust_02816,delivered,2018-02-08 23:31:33,2018-02-18 20:53:43.121930,2018-02-14 20:52:59.936422
order_002043,cust_02447,delivered,2018-02-09 04:38:28,2018-02-18 19:17:03.091674,2018-02-17 00:10:36.163464
order_002044,cust_00704,delivered,2017-05-30 09:59:12,2017-06-09 00:53:30.505928,2017-06-08 09:43:29.620100
order_002045,cust_00575,delivered,2018-06-20 07:33:25,2018-06-29 05:55:17.110343,2018-06-27 10:07:57.199102
order_002046,cust_01550,delivered,2017-09-02 10:11:01,2017-09-10 02:40:01.298937,2017-09-10 11:17:03.306308
order_002047,cust_02948,delivered,2017-10-14 21:39:24,2017-10-23 15:56:21.811944,2017-10-22 20:58:22.310208
order_002048,cust_01905,delivered,2018-02-10 17:34:52,2018-02-21 02:26:15.305976,2018-02-19 06:00:25.494364
order_002049,cust_00899,delivered,2017-12-23 19:06:54,2018-01-02 01:35:52.104020,2018-01-06 08:41:41.039044
order_002050,cust_00614,delivered,2017-04-04 06:05:45,2017-04-11 15:18:45.933578,2017-04-18 08:02:20.123379
order_002051,cust_01720,delivered,2017-06-13 22:43:31,2017-06-22 15:59:30.955422,2017-06-22 13:39:22.760220
order_002052,cust_02293,delivered,2017-07-15 10:27:10,2017-07-22 14:07:25.040967,2017-07-26 21:41:24.655536
order_002053,cust_00226,delivered,2018-05-27 15:38:49,2018-06-04 07:59:36.176224,2018-06-04 14:34:07.872012
order_002054,cust_00420,delivered,2018-01-21 16:44:42,2018-01-29 16:01:28.309066,2018-02-02 03:22:35.181066
order_002055,cust_02312,delivered,2017-07-17 15:54:36,2017-07-25 22:49:44.001895,2017-07-24 13:55:49.294782
order_002056,cust_00307,delivered,2018-02-01 14:26:35,2018-02-10 17:14:47.052850,2018-02-09 09:40:12.205705
order_002057,cust_01742,delivered,2018-02-03 11:31:14,2018-02-10 13:25:56.842740,2018-02-10 10:23:58.141964
order_002058,cust_00241,delivered,2017-08-01 15:32:36,2017-08-11 13:59:26.912074,2017-08-09 07:36:07.721962
order_002059,cust_00527,delivered,2017-08-06 21:43:28,2017-08-17 05:01:53.808924,2017-08-15 11:52:45.065716
order_002060,cust_02625,delivered,2018-04-28 09:21:16,2018-05-07 04:10:21.080539,2018-05-05 21:44:45.274447
order_002061,cust_01363,delivered,2017-10-31 12:15:39,2017-11-07 06:09:35.324022,2017-11-10 06:43:44.360998
order_002062,cust_01206,delivered,2017-03-22 04:19:18,2017-03-30 19:08:30.714401,2017-03-28 04:43:48.539979
order_002063,cust_01734,delivered,2018-01-24 08:31:17,2018-02-02 04:13:05.940543,2018-01-31 12:10:05.925342
order_002064,cust_00081,delivered,2017-11-15 18:31:44,2017-11-25 17:33:57.666524,2017-11-23 14:23:32.987300
order_002065,cust_02047,delivered,2017-10-02 15:22:08,2017-10-10 22:15:29.647769,2017-10-07 19:15:40.032852
order_002066,cust_00819,delivered,2018-01-27 05:04:03,2018-02-04 23:10:54.523020,2018-02-10 00:42:54.080571
order_002067,cust_02443,delivered,2018-05-05 13:06:26,2018-05-12 22:27:27.106072,2018-05-13 22:04:37.869891
order_002068,cust_01965,delivered,2017-06-28 19:29:13,2017-07-08 00:58:26.939237,2017-07-06 06:15:33.859096
order_002069,cust_00775,delivered,2017-08-15 02:58:35,2017-08-24 23:20:58.030064,2017-08-21 21:33:13.302080
order_002070,cust_02380,delivered,2017-04-13 01:29:12,2017-04-21 07:22:58.441363,2017-04-26 12:20:39.937069
order_002071,cust_02798,delivered,2017-12-16 09:25:31,2017-12-25 04:07:43.524199,2017-12-25 04:19:41.807054
order_002072,cust_01473,delivered,2017-08-06 15:45:25,2017-08-15 12:40:37.208831,2017-08-12 03:28:28.958937
order_002073,cust_02317,delivered,2017-07-04 07:31:11,2017-07-13 11:49:47.855424,2017-07-10 14:28:58.691499
order_002074,cust_01196,delivered,2018-01-12 19:42:17,2018-01-21 05:35:34.242378,2018-01-31 14:53:34.055605
order_002075,cust_01841,delivered,2017-08-09 20:19:26,2017-08-19 04:31:17.797459,2017-08-17 08:58:51.981274
order_002076,cust_02673,delivered,2017-09-08 12:46:49,2017-09-16 08:09:38.457485,2017-09-16 21:20:44.676578
order_002077,cust_00363,delivered,2017-08-26 09:05:31,2017-09-06 02:10:55.656084,2017-09-03 08:26:36.213992
order_002078,cust_00916,delivered,2017-05-20 01:00:04,2017-05-29 13:29:58.940291,2017-05-30 18:44:54.647763
order_002079,cust_00560,delivered,2017-03-09 19:43:02,2017-03-18 15:39:00.937355,2017-03-18 05:39:55.508302
order_002080,cust_01395,delivered,2018-03-23 21:29:12,2018-04-02 06:21:18.356951,2018-03-31 16:04:19.002315
order_002081,cust_02805,delivered,2017-02-19 10:37:02,2017-02-28 11:02:59.361366,2017-02-25 17:41:16.632078
order_002082,cust_01325,delivered,2017-06-25 12:23:42,2017-07-05 15:26:19.132461,2017-07-02 21:53:14.443117
order_002083,cust_01047,delivered,2017-12-27 18:05:02,2018-01-03 23:12:32.081735,2018-01-04 15:35:57.170449
order_002084,cust_00679,delivered,2017-03-12 16:41:20,2017-03-21 21:38:54.222389,2017-03-24 16:22:08.039173
order_002085,cust_01305,delivered,2017-12-20 03:14:48,2017-12-28 18:11:38.085158,2017-12-24 06:32:08.195222
order_002086,cust_02007,delivered,2018-01-31 16:08:07,2018-02-10 08:09:16.145822,2018-02-09 07:41:57.016746
order_002087,cust_00228,delivered,2017-12-24 22:11:29,2018-01-02 07:37:48.059911,2018-01-02 19:08:03.185262
order_002088,cust_02837,delivered,2017-06-14 18:00:59,2017-06-23 16:39:50.973114,2017-06-20 18:35:19.591886
order_002089,cust_02283,delivered,2017-01-11 11:32:00,2017-01-21 01:15:27.571516,2017-01-17 11:42:09.024737
order_002090,cust_02283,delivered,2018-04-25 12:33:21,2018-05-03 08:05:09.445528,2018-05-05 22:35:59.133583
order_002091,cust_02045,delivered,2017-06-26 06:14:06,2017-07-05 01:20:53.276921,2017-07-05 16:31:10.648640
order_002092,cust_00681,delivered,2018-03-11 15:51:29,2018-03-21 00:11:03.570036,2018-04-05 23:53:46.950530
order_002093,cust_02177,delivered,2017-04-17 05:47:44,2017-04-27 07:26:25.391939,2017-04-24 16:24:41.583884
order_002094,cust_02126,delivered,2017-03-29 08:12:16,2017-04-06 05:43:21.596033,2017-04-04 00:02:41.949377
order_002095,cust_00575,delivered,2018-02-25 06:21:42,2018-03-06 07:42:46.026437,2018-03-10 03:06:37.565309
order_002096,cust_02739,delivered,2018-05-23 08:02:51,2018-06-01 12:31:37.265795,2018-05-30 00:20:43.484300
order_002097,cust_00797,delivered,2018-04-10 08:48:04,2018-04-19 21:24:54.421299,2018-04-18 00:35:11.530610
order_002098,cust_02114,delivered,2018-02-10 01:59:29,2018-02-20 01:24:35.365054,2018-02-19 19:53:23.733452
order_002099,cust_02079,delivered,2017-05-14 17:13:13,2017-05-22 19:30:17.007015,2017-05-22 05:25:14.344076
order_002100,cust_01231,delivered,2018-05-09 10:35:01,2018-05-19 11:47:36.422236,2018-05-16 01:16:23.251801
order_002101,cust_00011,delivered,2017-12-27 22:47:25,2018-01-06 02:30:14.447471,2018-01-04 05:42:00.173635
order_002102,cust_00067,delivered,2017-04-03 04:20:28,2017-04-12 14:53:03.299475,2017-04-10 11:56:11.786536
order_002103,cust_01805,delivered,2017-03-11 16:03:24,2017-03-20 05:53:17.856935,2017-03-20 05:13:46.715308
order_002104,cust_00240,delivered,2018-04-16 04:18:01,2018-04-25 08:10:55.805408,2018-05-01 12:31:58.418151
order_002105,cust_02005,delivered,2017-05-29 13:07:55,2017-06-08 22:01:10.012900,2017-06-06 02:18:41.513485
order_002106,cust_02791,delivered,2018-02-18 11:46:52,2018-02-28 08:20:31.630038,2018-02-24 15:20:12.127552
order_002107,cust_01615,delivered,2017-03-16 10:45:58,2017-03-26 07:43:42.616950,2017-03-23 08:17:21.579684
order_002108,cust_01557,delivered,2017-06-01 15:42:47,2017-06-10 15:45:17.087677,2017-06-09 02:57:14.060699
order_002109,cust_02393,delivered,2017-06-03 19:52:36,2017-06-12 13:57:20.251847,2017-06-12 07:42:10.910617
order_002110,cust_02280,canceled,2017-06-01 07:36:04,2017-06-10 13:44:41.095587,
order_002111,cust_00436,delivered,2017-12-31 20:23:30,2018-01-12 04:46:39.553224,2018-01-10 02:00:11.005069
order_002112,cust_02934,delivered,2018-05-09 04:26:11,2018-05-19 02:30:34.043571,2018-05-15 23:22:41.009305
order_002113,cust_01270,delivered,2018-05-07 07:01:58,2018-05-15 13:13:32.526440,2018-05-16 06:55:16.572525
order_002114,cust_02821,delivered,2018-02-05 07:27:21,2018-02-15 07:55:33.266480,2018-02-08 08:27:41.818131
order_002115,cust_02491,delivered,2017-04-20 22:52:55,2017-04-28 06:07:46.782750,2017-04-29 12:53:47.989735
order_002116,cust_02494,delivered,2018-06-03 02:50:44,2018-06-12 15:03:25.129227,2018-06-11 21:23:14.798087
order_002117,cust_01397,delivered,2017-10-20 09:28:57,2017-10-29 01:22:19.542151,2017-10-27 18:41:30.374749
order_002118,cust_01384,canceled,2017-10-22 10:11:11,2017-11-01 02:32:48.317904,
order_002119,cust_02485,delivered,2018-01-14 19:12:06,2018-01-25 03:32:20.215391,2018-01-23 10:02:37.668610
order_002120,cust_00021,delivered,2018-02-20 11:39:41,2018-03-01 06:09:05.352989,2018-02-28 07:23:51.634135
order_002121,cust_01633,delivered,2018-05-30 23:12:13,2018-06-09 12:37:08.044572,2018-06-06 06:50:30.946669
order_002122,cust_00521,delivered,2017-11-11 17:46:03,2017-11-21 20:57:32.718493,2017-11-17 05:49:26.652494
order_002123,cust_00973,delivered,2017-11-26 16:53:16,2017-12-06 23:32:29.896923,2017-12-02 16:41:48.761724
order_002124,cust_02239,delivered,2018-02-07 18:04:12,2018-02-18 12:26:51.631742,2018-02-16 10:59:51.448796
order_002125,cust_02712,delivered,2017-05-18 03:52:37,2017-05-25 23:02:59.111691,2017-05-25 01:25:13.108294
order_002126,cust_00245,delivered,2017-06-16 10:46:38,2017-06-26 12:58:29.563061,2017-06-24 10:55:31.020446
order_002127,cust_01280,delivered,2017-12-04 14:04:02,2017-12-12 23:28:33.045824,2017-12-11 06:55:46.030097
order_002128,cust_02888,delivered,2017-02-04 05:00:12,2017-02-14 01:39:16.323152,2017-02-12 06:01:55.877140
order_002129,cust_01027,delivered,2017-06-23 02:51:02,2017-06-30 18:47:39.494617,2017-06-30 21:14:08.760007
order_002130,cust_00049,delivered,2018-01-23 03:15:30,2018-01-30 08:57:56.227831,2018-01-27 16:42:27.791798
order_002131,cust_01016,delivered,2018-06-12 18:56:21,2018-06-22 13:20:56.501802,2018-06-18 21:08:39.601470
order_002132,cust_02590,delivered,2017-10-08 15:45:54,2017-10-18 06:15:42.405836,2017-10-17 00:07:46.862252
order_002133,cust_01411,delivered,2017-08-04 06:45:05,2017-08-11 06:01:42.701954,2017-08-13 22:56:04.476682
order_002134,cust_00580,delivered,2017-08-26 17:41:34,2017-09-05 17:13:46.413450,2017-09-06 13:22:07.389487
order_002135,cust_00237,delivered,2018-01-06 16:41:06,2018-01-16 04:22:44.881179,2018-01-15 11:36:47.826467
order_002136,cust_01895,delivered,2017-10-22 19:35:45,2017-10-31 05:05:47.589970,2017-10-28 19:46:59.887643
order_002137,cust_00248,delivered,2017-01-13 21:50:31,2017-01-21 17:10:33.908046,2017-01-20 07:29:28.255048
order_002138,cust_00227,delivered,2017-10-19 21:10:25,2017-10-29 00:03:00.067496,2017-10-27 00:00:28.944961
order_002139,cust_02121,delivered,2017-08-05 04:20:39,2017-08-12 06:50:07.643324,2017-08-14 00:00:31.055606
order_002140,cust_00574,delivered,2018-01-14 18:27:43,2018-01-22 01:49:41.746440,2018-01-23 07:23:44.119568
order_002141,cust_02984,delivered,2018-04-18 09:25:42,2018-04-27 17:30:19.330127,2018-04-23 02:46:42.175760
order_002142,cust_00811,delivered,2018-06-04 09:40:29,2018-06-14 12:43:39.361287,2018-06-12 08:39:09.386848
order_002143,cust_01967,delivered,2017-11-26 15:31:51,2017-12-05 22:58:32.794124,2017-12-02 19:45:31.725614
order_002144,cust_02491,delivered,2017-07-15 14:27:09,2017-07-26 03:09:30.351310,2017-07-22 07:08:56.366487
order_002145,cust_01642,delivered,2017-08-28 10:04:18,2017-09-07 06:26:28.423542,2017-09-05 17:11:05.760943
order_002146,cust_01877,delivered,2017-04-06 23:59:15,2017-04-14 22:30:43.460630,2017-04-14 15:46:05.308882
order_002147,cust_02746,delivered,2018-05-21 04:11:44,2018-05-30 05:25:26.867216,2018-05-29 22:21:39.714109
order_002148,cust_01611,delivered,2018-04-03 02:19:33,2018-04-11 21:11:36.831278,2018-04-11 14:06:25.495266
order_002149,cust_00650,delivered,2018-04-07 00:41:51,2018-04-15 05:28:27.207846,2018-04-14 13:04:31.521985
order_002150,cust_01470,delivered,2017-06-27 19:32:30,2017-07-05 21:21:38.745495,2017-07-04 20:49:19.216219
order_002151,cust_01699,delivered,2017-06-23 09:45:30,2017-07-01 21:54:31.396587,2017-06-29 05:19:58.087552
order_002152,cust_01899,delivered,2018-04-08 10:29:46,2018-04-17 22:58:19.453940,2018-05-05 19:32:14.500677
order_002153,cust_02673,delivered,2017-10-22 15:34:51,2017-11-02 00:41:25.834652,2017-10-29 16:39:40.154432
order_002154,cust_01137,delivered,2018-01-16 10:26:58,2018-01-25 02:31:33.229989,2018-01-24 12:27:43.178564
order_002155,cust_02512,delivered,2017-09-22 13:46:32,2017-09-30 16:16:25.773360,2017-09-29 06:11:53.648380
order_002156,cust_02438,delivered,2017-08-28 01:24:10,2017-09-05 06:36:55.106033,2017-09-04 18:18:58.763188
order_002157,cust_02399,delivered,2017-12-08 03:44:59,2017-12-17 01:59:09.699615,2017-12-14 18:41:17.946677
order_002158,cust_02614,delivered,2018-03-16 22:22:08,2018-03-26 05:18:41.545864,2018-03-25 06:00:17.593155
order_002159,cust_02644,delivered,2017-06-30 10:48:59,2017-07-09 20:33:14.301364,2017-07-06 12:58:14.896572
order_002160,cust_00561,delivered,2018-03-13 04:01:02,2018-03-22 19:17:58.085153,2018-03-19 17:51:29.736767
order_002161,cust_01285,delivered,2017-05-12 08:52:02,2017-05-23 10:26:42.439902,2017-05-21 01:41:21.970915
order_002162,cust_00304,delivered,2017-08-06 08:02:05,2017-08-16 10:55:04.964634,2017-08-15 16:27:49.061974
order_002163,cust_01154,delivered,2018-05-08 06:34:51,2018-05-15 12:47:31.905957,2018-05-14 20:06:56.843982
order_002164,cust_00005,delivered,2018-05-31 07:02:48,2018-06-09 04:06:26.232480,2018-06-03 06:28:27.415558
order_002165,cust_01184,delivered,2018-05-14 17:30:09,2018-05-24 03:11:40.857629,2018-05-20 11:54:10.933087
order_002166,cust_02685,delivered,2017-06-20 02:33:44,2017-06-29 21:40:38.951470,2017-06-28 22:52:40.741611
order_002167,cust_01175,delivered,2018-04-01 07:25:53,2018-04-10 03:36:42.636001,2018-04-12 08:51:07.500152
order_002168,cust_00204,delivered,2018-05-21 11:13:50,2018-05-30 04:02:41.633273,2018-05-24 15:28:34.281344
order_002169,cust_02244,delivered,2018-06-13 12:57:48,2018-06-21 07:16:00.830616,2018-06-20 13:08:01.890303
order_002170,cust_01274,delivered,2017-01-12 21:07:55,2017-01-21 10:20:41.371829,2017-01-23 07:14:44.043278
order_002171,cust_01124,delivered,2018-02-07 22:09:26,2018-02-15 19:35:15.298100,2018-02-16 20:08:57.935016
order_002172,cust_02149,delivered,2018-06-23 07:08:16,2018-07-02 02:12:30.265696,2018-07-02 14:05:16.315778
order_002173,cust_01792,delivered,2018-02-17 12:56:33,2018-02-26 10:03:56.288480,2018-02-25 14:47:28.862727
order_002174,cust_00069,delivered,2017-05-06 00:32:11,2017-05-15 04:45:40.128154,2017-05-17 01:40:06.888590
order_002175,cust_02920,delivered,2018-02-16 14:48:30,2018-02-26 23:25:42.541901,2018-02-23 13:53:23.174769
order_002176,cust_02991,delivered,2017-02-26 03:40:10,2017-03-06 06:31:07.439417,2017-03-05 00:11:43.474204
order_002177,cust_02726,delivered,2017-09-17 01:45:28,2017-09-26 22:04:48.153895,2017-10-02 02:21:54.431788
order_002178,cust_02411,canceled,2017-12-05 16:07:16,2017-12-14 18:35:58.560869,
order_002179,cust_00951,delivered,2017-09-04 04:16:30,2017-09-12 11:57:02.738838,2017-09-12 08:55:50.302503
order_002180,cust_00399,delivered,2018-01-13 11:27:25,2018-01-23 02:08:27.910999,2018-01-19 21:18:34.743705
order_002181,cust_00074,delivered,2017-05-10 02:25:22,2017-05-18 07:44:35.891104,2017-05-21 07:24:50.441434
order_002182,cust_00601,delivered,2017-11-24 17:53:45,2017-12-04 14:16:31.792516,2017-11-30 05:11:54.134884
order_002183,cust_00654,delivered,2017-12-15 18:21:19,2017-12-23 20:39:46.745315,2017-12-22 15:01:45.502266
order_002184,cust_02107,delivered,2017-12-09 13:47:43,2017-12-17 13:36:42.563685,2017-12-18 21:41:00.616796
order_002185,cust_02938,delivered,2017-06-06 20:03:43,2017-06-16 16:10:34.683803,2017-06-12 06:58:17.414410
order_002186,cust_00804,delivered,2017-06-14 10:28:59,2017-06-22 13:47:16.836777,2017-06-26 09:22:24.092207
order_002187,cust_01500,delivered,2017-05-20 04:28:29,2017-05-28 18:41:39.389291,2017-05-29 19:13:27.495664
order_002188,cust_01835,delivered,2017-09-07 03:37:55,2017-09-15 10:56:02.274395,2017-09-15 05:43:57.805158
order_002189,cust_02126,delivered,2017-11-13 05:15:45,2017-11-21 10:03:17.548240,2017-11-20 20:24:30.619879
order_002190,cust_01564,delivered,2017-07-15 04:48:26,2017-07-24 19:03:50.444941,2017-07-22 02:45:33.447262
order_002191,cust_02151,delivered,2017-08-10 07:45:25,2017-08-18 12:34:29.715987,2017-08-19 02:11:10.154272
order_002192,cust_00841,delivered,2017-06-04 05:08:38,2017-06-13 13:18:43.597695,2017-06-10 10:49:02.346747
order_002193,cust_00503,delivered,2017-04-29 14:11:09,2017-05-10 02:55:37.487599,2017-05-08 12:07:28.984843
order_002194,cust_00090,delivered,2017-12-22 03:33:38,2018-01-01 04:15:11.290966,2017-12-28 13:36:16.014900
order_002195,cust_02561,delivered,2018-03-17 14:55:23,2018-03-26 00:39:27.280963,2018-03-27 04:56:31.537078
order_002196,cust_02896,delivered,2017-06-06 08:01:06,2017-06-19 00:23:54.821317,2017-06-18 18:53:43.617631
order_002197,cust_02843,delivered,2018-04-10 16:28:55,2018-04-19 03:25:58.383103,2018-04-17 18:25:50.604298
order_002198,cust_00913,delivered,2017-11-05 12:18:36,2017-11-13 04:44:04.893268,2017-11-12 01:35:01.246615
order_002199,cust_00123,delivered,2017-04-01 21:43:28,2017-04-10 21:54:01.663512,2017-04-08 19:10:24.553614
order_002200,cust_00495,delivered,2017-07-17 10:33:25,2017-07-25 13:09:19.176883,2017-07-26 16:08:23.973257
order_002201,cust_01206,delivered,2017-01-05 07:04:51,2017-01-15 12:06:01.562489,2017-01-12 01:28:58.447970
order_002202,cust_02384,delivered,2017-01-22 14:08:19,2017-01-31 23:01:02.452439,2017-01-31 03:26:23.688398
order_002203,cust_02730,delivered,2017-07-01 15:48:36,2017-07-10 05:20:44.888647,2017-07-11 11:27:40.982304
order_002204,cust_00029,delivered,2017-09-03 10:32:30,2017-09-13 00:48:23.104205,2017-09-09 23:15:02.037746
order_002205,cust_02803,delivered,2018-03-07 13:26:00,2018-03-16 09:32:43.032140,2018-03-14 08:29:21.248832
order_002206,cust_01062,delivered,2017-03-14 11:18:02,2017-03-24 05:07:02.920759,2017-03-21 10:01:49.132887
order_002207,cust_02422,delivered,2018-03-30 07:20:24,2018-04-09 20:54:22.438542,2018-04-01 20:47:40.260129
order_002208,cust_01905,delivered,2017-05-07 07:31:32,2017-05-16 08:53:02.192477,2017-05-14 13:01:22.446549
order_002209,cust_02360,delivered,2017-03-16 21:46:40,2017-03-27 09:14:06.161592,2017-03-23 15:31:40.093535
order_002210,cust_02677,delivered,2018-01-13 16:12:28,2018-01-23 04:58:56.576876,2018-01-21 19:24:20.683894
order_002211,cust_00492,delivered,2018-02-23 02:17:29,2018-03-04 03:13:41.123401,2018-03-01 11:39:14.265252
order_002212,cust_00475,delivered,2017-11-23 23:05:23,2017-12-03 20:35:06.213489,2017-11-29 10:25:47.676352
order_002213,cust_00517,delivered,2017-03-04 17:05:16,2017-03-13 00:56:21.665148,2017-03-12 23:20:57.611500
order_002214,cust_02610,delivered,2017-03-04 01:12:14,2017-03-12 23:30:13.122837,2017-03-12 22:14:37.819728
order_002215,cust_02951,delivered,2017-07-30 17:28:08,2017-08-07 19:33:26.841879,2017-08-07 20:37:01.334045
order_002216,cust_00715,delivered,2017-09-01 14:09:03,2017-09-08 06:50:57.723197,2017-09-09 14:23:30.327211
order_002217,cust_00851,delivered,2018-06-24 21:58:04,2018-07-04 14:25:33.795336,2018-07-04 18:38:18.959278
order_002218,cust_00678,delivered,2017-06-04 11:44:41,2017-06-12 18:17:40.032142,2017-06-13 05:48:46.408662
order_002219,cust_01942,delivered,2017-04-14 12:26:45,2017-04-24 01:44:47.673721,2017-05-11 18:40:56.552576
order_002220,cust_02726,delivered,2018-05-26 07:33:11,2018-06-04 01:44:15.563136,2018-06-01 17:37:00.208949
order_002221,cust_00851,delivered,2017-03-25 07:43:08,2017-04-03 04:37:25.841543,2017-04-07 20:52:11.312691
order_002222,cust_02628,delivered,2017-01-15 14:49:48,2017-01-26 00:31:12.777618,2017-01-24 22:48:36.744550
order_002223,cust_01179,delivered,2017-08-17 19:51:56,2017-08-25 20:22:14.489943,2017-08-25 13:48:27.562343
order_002224,cust_00584,delivered,2017-08-05 21:22:33,2017-08-15 01:57:36.977069,2017-08-14 09:36:06.374978
order_002225,cust_02183,delivered,2017-12-01 18:29:58,2017-12-12 13:24:25.140777,2017-12-06 14:16:51.256393
order_002226,cust_02278,delivered,2018-04-19 14:38:04,2018-04-28 23:56:43.326972,2018-04-27 10:36:31.910235
order_002227,cust_00107,delivered,2018-05-19 12:00:27,2018-05-29 00:02:39.865190,2018-05-28 22:13:31.515037
order_002228,cust_00672,delivered,2017-06-06 08:09:01,2017-06-14 21:58:40.245111,2017-06-14 17:27:33.202239
order_002229,cust_00471,delivered,2018-06-14 18:25:42,2018-06-23 20:25:21.888484,2018-06-19 17:26:26.852775
order_002230,cust_02901,delivered,2017-12-08 07:38:07,2017-12-17 19:59:23.241408,2017-12-14 01:12:00.232002
order_002231,cust_02360,delivered,2017-02-07 06:25:44,2017-02-15 20:20:44.108040,2017-02-17 01:52:53.446708
order_002232,cust_00833,delivered,2018-05-22 20:49:43,2018-06-01 10:11:10.974516,2018-06-03 05:40:40.151315
order_002233,cust_01681,delivered,2017-03-16 14:08:53,2017-03-25 21:24:00.931251,2017-03-28 07:11:42.271794
order_002234,cust_02729,delivered,2017-11-14 08:30:04,2017-11-23 21:48:43.120259,2017-11-18 19:44:28.735835
order_002235,cust_02284,delivered,2018-03-03 20:45:51,2018-03-13 03:23:38.910282,2018-03-11 21:21:58.225983
order_002236,cust_00765,delivered,2017-05-15 23:06:15,2017-05-24 19:21:34.915303,2017-05-22 18:24:09.159243
order_002237,cust_00746,delivered,2017-05-27 07:37:53,2017-06-04 11:29:17.242998,2017-06-05 04:35:26.098518
order_002238,cust_00469,delivered,2017-09-15 12:30:50,2017-09-23 15:15:04.318525,2017-09-19 23:55:37.055106
order_002239,cust_02675,delivered,2018-04-23 11:36:18,2018-05-02 12:54:41.033103,2018-05-01 19:13:22.710294
order_002240,cust_01156,delivered,2017-05-01 16:50:22,2017-05-10 23:38:05.283304,2017-05-06 06:52:17.321284
order_002241,cust_01462,delivered,2017-12-25 22:49:30,2018-01-04 03:47:52.226733,2018-01-02 20:42:48.973766
order_002242,cust_02583,delivered,2017-09-02 13:09:52,2017-09-11 04:22:40.576502,2017-09-12 14:02:31.742728
order_002243,cust_02396,delivered,2017-03-02 19:09:25,2017-03-11 11:14:34.909357,2017-03-10 18:35:57.972960
order_002244,cust_00203,delivered,2018-01-19 14:17:40,2018-01-27 10:55:48.964058,2018-01-26 12:39:08.977121
order_002245,cust_00549,delivered,2018-03-26 21:17:20,2018-04-05 19:37:10.502641,2018-04-03 11:41:52.649570
order_002246,cust_01402,delivered,2017-11-07 09:42:36,2017-11-16 05:22:46.687117,2017-11-13 17:01:28.338618
order_002247,cust_02715,delivered,2017-04-06 09:14:45,2017-04-16 21:45:14.725501,2017-04-13 00:44:32.484533
order_002248,cust_00705,delivered,2017-03-26 10:08:17,2017-04-04 01:48:05.116723,2017-04-06 02:54:11.338516
order_002249,cust_01916,delivered,2017-08-17 23:54:58,2017-08-26 07:05:51.935284,2017-08-30 02:22:22.171238
order_002250,cust_00687,delivered,2017-10-01 14:40:28,2017-10-11 03:04:40.499332,2017-10-10 21:52:15.922046
order_002251,cust_01638,delivered,2017-10-26 03:39:41,2017-11-03 03:10:57.523434,2017-11-02 21:12:30.413602
order_002252,cust_01806,delivered,2017-05-12 00:58:53,2017-05-23 03:15:18.969327,2017-05-19 19:51:22.519826
order_002253,cust_01931,delivered,2017-09-28 12:27:01,2017-10-07 16:23:57.411017,2017-10-06 09:25:44.164219
order_002254,cust_00091,delivered,2017-06-09 19:20:12,2017-06-18 19:12:07.182235,2017-06-17 03:53:43.610344
order_002255,cust_02672,delivered,2018-01-06 11:30:09,2018-01-15 12:27:34.739410,2018-01-17 09:04:56.022825
order_002256,cust_00287,delivered,2018-03-07 13:26:42,2018-03-17 11:38:27.024137,2018-03-17 04:54:18.848844
order_002257,cust_01052,delivered,2017-12-19 19:09:44,2017-12-31 21:49:36.760607,2017-12-26 19:14:01.362410
order_002258,cust_02114,delivered,2017-01-01 12:23:32,2017-01-10 22:41:35.125648,2017-01-09 20:10:35.690686
order_002259,cust_00742,delivered,2018-06-20 21:48:24,2018-06-28 17:11:22.047776,2018-06-24 16:50:52.013858
order_002260,cust_00889,delivered,2017-01-13 15:18:37,2017-01-21 13:50:30.776747,2017-01-23 05:02:10.105085
order_002261,cust_02900,delivered,2018-06-24 17:32:50,2018-07-03 00:05:38.955365,2018-07-01 23:25:48.608374
order_002262,cust_00822,delivered,2017-01-18 18:45:18,2017-01-25 20:35:28.404768,2017-01-25 09:48:11.958198
order_002263,cust_00592,delivered,2017-10-06 15:02:36,2017-10-14 10:34:16.956883,2017-10-14 01:02:49.770692
order_002264,cust_02108,delivered,2017-02-27 01:12:05,2017-03-08 08:44:05.064913,2017-03-05 03:37:38.598315
order_002265,cust_02936,delivered,2017-02-21 10:15:29,2017-03-04 03:40:27.065514,2017-03-01 20:53:43.923765
order_002266,cust_00499,delivered,2018-01-05 03:23:44,2018-01-14 12:08:20.926902,2018-01-16 05:39:07.795471
order_002267,cust_01619,delivered,2018-01-29 12:14:52,2018-02-07 07:14:07.401440,2018-02-03 13:31:04.329549
order_002268,cust_00502,delivered,2017-03-05 03:26:09,2017-03-13 01:13:12.381526,2017-03-14 03:53:31.462013
order_002269,cust_02980,delivered,2018-06-12 12:13:23,2018-06-20 21:58:10.709556,2018-06-22 14:07:34.077361
order_002270,cust_00577,delivered,2017-06-23 08:15:07,2017-07-02 19:32:39.462886,2017-07-01 16:29:09.753529
order_002271,cust_01532,delivered,2017-06-21 00:29:19,2017-06-29 15:16:26.043497,2017-07-01 04:43:31.938929
order_002272,cust_01853,delivered,2017-06-10 02:59:49,2017-06-19 04:40:49.932253,2017-06-20 13:32:10.494951
order_002273,cust_02181,delivered,2017-09-07 12:04:23,2017-09-16 14:58:14.658437,2017-09-16 14:56:50.271613
order_002274,cust_02875,delivered,2017-04-07 01:53:29,2017-04-15 08:23:13.860049,2017-04-15 20:04:02.313830
order_002275,cust_00620,delivered,2017-08-18 20:32:35,2017-08-26 21:24:03.750200,2017-08-30 12:11:02.415083
order_002276,cust_00261,delivered,2017-04-24 18:12:31,2017-05-04 18:49:18.577051,2017-05-01 09:30:40.774292
order_002277,cust_01276,delivered,2017-01-28 17:01:21,2017-02-06 16:12:38.933685,2017-02-04 20:13:25.401016
order_002278,cust_02680,delivered,2017-07-19 04:07:50,2017-07-27 15:34:14.773113,2017-07-24 15:57:20.277077
order_002279,cust_02535,delivered,2017-12-30 19:05:49,2018-01-08 16:06:20.598041,2018-01-21 18:24:18.119341
order_002280,cust_01051,delivered,2018-02-17 15:13:57,2018-02-28 06:33:03.683302,2018-02-28 06:44:43.679556
order_002281,cust_01709,delivered,2017-07-10 09:22:17,2017-07-21 22:09:47.409722,2017-07-17 13:16:37.318398
order_002282,cust_00334,delivered,2017-06-24 00:00:35,2017-07-02 19:31:44.441004,2017-07-04 07:31:40.193340
order_002283,cust_02391,delivered,2018-03-02 12:41:43,2018-03-10 23:16:42.328003,2018-03-14 07:38:32.191603
order_002284,cust_01004,delivered,2018-01-03 19:06:06,2018-01-12 01:25:22.665407,2018-01-08 20:18:29.727237
order_002285,cust_00312,delivered,2018-03-26 00:48:12,2018-04-04 01:36:32.167300,2018-04-01 07:07:41.238172
order_002286,cust_02028,delivered,2018-05-05 01:15:47,2018-05-13 22:45:18.434511,2018-05-16 13:45:14.716657
order_002287,cust_02641,delivered,2018-03-20 09:11:31,2018-03-29 18:12:16.314099,2018-04-01 06:59:50.528917
order_002288,cust_02473,delivered,2018-05-21 12:16:39,2018-06-01 00:14:40.432826,2018-05-26 16:25:56.380521
order_002289,cust_01581,delivered,2017-08-13 11:23:09,2017-08-23 02:12:40.829730,2017-08-21 13:31:17.560920
order_002290,cust_00238,delivered,2017-08-02 10:13:43,2017-08-12 05:46:25.770220,2017-08-13 15:09:53.490681
order_002291,cust_00310,delivered,2017-06-23 06:07:30,2017-07-02 01:00:52.938261,2017-06-30 05:32:45.529360
order_002292,cust_00251,delivered,2017-05-08 01:26:12,2017-05-17 00:13:43.266465,2017-05-14 07:50:30.751296
order_002293,cust_00876,delivered,2018-02-09 00:44:59,2018-02-15 19:23:10.038495,2018-02-19 04:48:46.114482
order_002294,cust_02530,delivered,2018-01-21 02:22:17,2018-01-30 06:12:55.447109,2018-01-28 05:47:05.993290
order_002295,cust_00237,delivered,2018-03-09 16:34:11,2018-03-18 16:36:55.258914,2018-03-16 15:15:53.971498
order_002296,cust_00662,delivered,2017-04-01 18:51:48,2017-04-11 05:32:12.270071,2017-04-13 20:43:49.968278
order_002297,cust_02427,delivered,2017-09-23 10:26:31,2017-10-01 15:52:19.988202,2017-10-02 05:16:51.138215
order_002298,cust_02698,delivered,2017-04-30 01:51:28,2017-05-10 01:19:28.224578,2017-05-07 05:49:02.401773
order_002299,cust_02729,delivered,2018-04-28 09:58:34,2018-05-06 19:06:10.710033,2018-05-07 12:52:11.047021
order_002300,cust_02010,delivered,2017-05-25 23:39:19,2017-06-04 13:43:43.894178,2017-05-31 06:03:17.963082
order_002301,cust_01126,delivered,2017-03-19 05:59:58,2017-03-29 00:53:30.706293,2017-03-26 11:40:27.207498
order_002302,cust_02912,delivered,2017-11-04 11:47:12,2017-11-13 12:55:41.244342,2017-11-15 05:46:42.810024
order_002303,cust_00539,delivered,2018-04-20 12:54:28,2018-04-30 00:19:49.613203,2018-04-27 14:45:22.159621
order_002304,cust_01123,delivered,2018-05-10 07:55:06,2018-05-20 06:42:24.875961,2018-05-18 23:43:20.505453
order_002305,cust_01241,delivered,2017-02-21 10:30:45,2017-03-02 22:08:52.108042,2017-03-01 20:21:40.248357
order_002306,cust_00278,delivered,2017-06-25 11:19:18,2017-07-02 14:04:24.566358,2017-07-04 00:13:02.570404
order_002307,cust_00496,delivered,2017-03-24 11:22:32,2017-04-03 05:33:06.350209,2017-03-31 15:13:32.463939
order_002308,cust_00770,delivered,2017-06-16 17:13:27,2017-06-25 05:35:27.602713,2017-06-23 04:34:35.030995
order_002309,cust_01150,delivered,2017-10-16 13:56:27,2017-10-26 09:50:17.924056,2017-11-11 22:28:31.227753
order_002310,cust_00840,delivered,2017-06-01 01:16:53,2017-06-11 20:42:26.080025,2017-06-08 20:05:20.205552
order_002311,cust_00908,canceled,2017-02-06 00:09:06,2017-02-16 12:23:44.931791,
order_002312,cust_02394,delivered,2017-10-03 09:51:24,2017-10-14 05:39:40.316288,2017-10-07 18:10:32.612528
order_002313,cust_01250,delivered,2017-01-29 21:47:04,2017-02-07 10:28:27.704621,2017-02-06 05:06:05.672008
order_002314,cust_00165,delivered,2017-05-03 00:53:07,2017-05-13 01:32:33.979797,2017-05-11 05:43:58.850517
order_002315,cust_01971,delivered,2017-01-01 01:42:21,2017-01-09 09:03:04.126055,2017-01-14 13:17:56.786755
order_002316,cust_01799,delivered,2017-02-16 16:18:08,2017-02-24 22:06:56.722298,2017-02-23 22:35:38.548310
order_002317,cust_01229,shipped,2017-08-24 10:49:19,2017-09-02 12:27:19.582418,
order_002318,cust_01195,delivered,2018-04-05 05:32:06,2018-04-14 03:08:39.494866,2018-04-09 10:14:42.651265
order_002319,cust_01915,delivered,2018-02-23 04:58:37,2018-03-03 14:54:43.580086,2018-03-07 12:37:02.127358
order_002320,cust_01554,delivered,2017-02-23 15:57:36,2017-03-03 18:17:26.919072,2017-03-05 10:19:43.168950
order_002321,cust_00365,delivered,2017-01-19 12:34:14,2017-01-26 03:04:55.872800,2017-01-27 03:00:50.949785
order_002322,cust_02653,delivered,2017-07-02 15:19:03,2017-07-11 06:19:02.123983,2017-07-11 01:10:15.071758
order_002323,cust_01968,delivered,2017-12-19 06:43:31,2017-12-28 19:08:27.357449,2017-12-25 13:11:10.882269
order_002324,cust_02170,delivered,2018-02-08 12:37:58,2018-02-15 12:58:23.728353,2018-02-14 12:56:23.064228
order_002325,cust_01365,delivered,2018-03-21 20:38:24,2018-04-02 12:22:20.327409,2018-03-31 19:54:33.582869
order_002326,cust_01701,delivered,2017-07-04 07:35:52,2017-07-13 23:31:58.916360,2017-07-08 20:06:41.719763
order_002327,cust_00697,delivered,2017-04-01 09:30:45,2017-04-10 20:57:57.891681,2017-04-09 17:24:32.160533
order_002328,cust_02466,delivered,2017-01-15 03:55:47,2017-01-23 16:10:43.866623,2017-01-23 08:07:26.164476
order_002329,cust_02417,delivered,2017-03-21 15:19:48,2017-03-31 08:00:36.345035,2017-03-27 05:05:38.312573
order_002330,cust_00260,delivered,2017-02-05 00:46:48,2017-02-12 07:13:58.334516,2017-02-14 00:51:26.711663
order_002331,cust_00707,delivered,2018-04-10 05:58:23,2018-04-20 12:59:17.401811,2018-04-16 16:27:29.301175
order_002332,cust_00482,delivered,2017-05-25 17:06:48,2017-06-04 12:19:11.300711,2017-05-30 19:22:24.153692
order_002333,cust_02332,delivered,2018-03-21 00:27:56,2018-03-28 19:15:23.412073,2018-03-27 10:24:04.662301
order_002334,cust_02602,delivered,2017-10-26 23:44:17,2017-11-04 18:36:48.536791,2017-11-03 09:57:13.279828
order_002335,cust_00614,delivered,2017-10-19 09:41:58,2017-10-30 04:16:10.668693,2017-10-26 04:18:19.178461
order_002336,cust_01583,delivered,2017-09-03 09:34:07,2017-09-12 02:41:03.398054,2017-09-10 12:40:11.252701
order_002337,cust_02918,delivered,2018-03-19 12:52:32,2018-03-28 02:43:24.788324,2018-03-25 00:45:38.908199
order_002338,cust_01473,delivered,2017-01-24 15:20:25,2017-02-01 00:43:11.724030,2017-01-31 17:30:48.182908
order_002339,cust_02805,delivered,2017-02-20 11:01:44,2017-02-28 22:25:55.642867,2017-02-26 21:36:56.540955
order_002340,cust_01490,delivered,2017-08-17 21:13:19,2017-08-26 05:35:46.742402,2017-08-22 19:35:39.195402
order_002341,cust_00591,delivered,2017-08-02 23:05:18,2017-08-11 21:07:38.490331,2017-08-09 21:04:28.889861
order_002342,cust_00018,delivered,2017-10-22 04:48:30,2017-10-31 15:22:31.579130,2017-10-30 02:26:21.565450
order_002343,cust_01075,delivered,2018-02-03 16:57:50,2018-02-13 19:31:05.760930,2018-02-13 20:48:01.392627
order_002344,cust_02381,delivered,2017-11-14 07:13:18,2017-11-22 06:41:03.121179,2017-11-21 18:18:51.725119
order_002345,cust_02430,delivered,2017-05-20 23:53:45,2017-05-30 16:58:48.740149,2017-05-30 09:44:17.579354
order_002346,cust_01899,delivered,2017-06-26 06:04:46,2017-07-04 03:04:04.907660,2017-07-02 07:00:26.436545
order_002347,cust_02826,delivered,2018-02-11 07:04:53,2018-02-19 23:47:47.434666,2018-02-18 13:17:59.061313
order_002348,cust_00249,delivered,2017-04-19 17:08:30,2017-04-26 15:59:32.049076,2017-04-30 06:39:16.134118
order_002349,cust_00145,delivered,2017-09-30 18:56:14,2017-10-10 07:15:51.552402,2017-10-07 16:28:30.998075
order_002350,cust_00581,delivered,2017-10-18 03:05:09,2017-10-25 21:02:30.429973,2017-10-27 07:48:29.244917
order_002351,cust_00045,delivered,2018-02-10 13:20:00,2018-02-20 15:27:17.592963,2018-02-16 04:51:42.585598
order_002352,cust_01993,delivered,2018-01-21 08:17:46,2018-01-28 19:07:56.867051,2018-01-28 22:12:23.395283
order_002353,cust_01025,delivered,2017-09-08 14:40:56,2017-09-17 10:07:33.002639,2017-09-14 17:48:50.382643
order_002354,cust_00032,delivered,2017-06-16 13:21:41,2017-06-25 18:07:05.806119,2017-06-26 19:47:06.821935
order_002355,cust_00642,delivered,2017-07-18 23:39:37,2017-07-28 17:18:06.136635,2017-07-24 13:31:33.038906
order_002356,cust_01323,delivered,2017-08-11 22:24:28,2017-08-22 01:58:19.566461,2017-08-18 12:09:43.398734
order_002357,cust_00311,delivered,2017-04-29 15:41:44,2017-05-08 08:26:23.844465,2017-05-30 23:19:16.533447
order_002358,cust_02679,delivered,2017-12-04 16:18:21,2017-12-12 22:47:01.513978,2017-12-10 19:14:40.426500
order_002359,cust_00762,delivered,2017-04-23 21:34:17,2017-05-04 00:54:57.144939,2017-05-03 01:13:21.866131
order_002360,cust_01002,delivered,2017-12-17 04:24:13,2017-12-25 10:58:18.222057,2017-12-23 19:39:52.437954
order_002361,cust_01369,delivered,2018-02-10 17:25:04,2018-02-19 17:30:28.195868,2018-02-17 20:56:53.776521
order_002362,cust_01210,delivered,2018-06-04 18:31:47,2018-06-12 05:44:51.937810,2018-06-10 09:48:00.400289
order_002363,cust_01569,delivered,2017-03-06 03:03:26,2017-03-13 19:16:06.979378,2017-03-11 10:13:29.949188
order_002364,cust_00688,delivered,2018-02-15 21:09:05,2018-02-25 00:46:06.617674,2018-02-23 14:42:22.608410
order_002365,cust_00068,delivered,2017-02-16 16:47:10,2017-02-25 14:55:27.821463,2017-02-24 13:26:08.922626
order_002366,cust_00780,delivered,2017-07-02 08:19:52,2017-07-10 19:07:32.489981,2017-07-09 04:25:40.469163
order_002367,cust_01703,delivered,2017-04-06 11:37:24,2017-04-16 21:26:48.795967,2017-04-12 04:31:34.878478
order_002368,cust_00195,delivered,2017-03-29 11:45:01,2017-04-07 19:53:06.994288,2017-04-05 22:12:32.322007
order_002369,cust_00725,delivered,2017-04-05 22:03:04,2017-04-15 07:03:46.355741,2017-04-13 01:10:32.896219
order_002370,cust_00415,delivered,2017-01-24 23:15:42,2017-02-03 03:36:05.945715,2017-01-31 14:02:00.016004
order_002371,cust_01531,delivered,2018-03-21 19:21:50,2018-04-01 09:02:15.220587,2018-03-26 18:43:23.699831
order_002372,cust_00673,delivered,2017-02-03 15:39:10,2017-02-13 22:16:18.608715,2017-02-17 12:36:05.842486
order_002373,cust_00932,delivered,2017-08-04 02:29:57,2017-08-13 16:39:27.917218,2017-08-13 06:13:03.856539
order_002374,cust_01922,delivered,2018-01-13 21:57:20,2018-01-23 10:55:03.692393,2018-01-27 19:47:40.178671
order_002375,cust_00504,delivered,2018-06-19 03:12:50,2018-06-29 16:51:10.342170,2018-06-27 05:36:15.860579
order_002376,cust_02305,delivered,2018-04-07 04:00:12,2018-04-15 17:05:35.441820,2018-04-15 14:22:42.426413
order_002377,cust_02149,delivered,2017-03-16 01:40:14,2017-03-25 21:37:02.418077,2017-03-24 14:52:27.340541
order_002378,cust_02181,delivered,2018-06-18 22:44:45,2018-06-28 07:52:44.068935,2018-06-25 22:59:07.781750
order_002379,cust_01764,delivered,2017-12-19 11:50:16,2017-12-29 10:08:14.235853,2017-12-26 11:24:29.901815
order_002380,cust_00985,delivered,2017-04-07 05:39:47,2017-04-14 09:10:15.343312,2017-04-13 23:49:55.001345
order_002381,cust_01547,canceled,2017-08-31 01:56:18,2017-09-08 13:47:44.181241,
order_002382,cust_02758,delivered,2018-05-11 09:53:16,2018-05-20 10:23:16.111638,2018-05-16 17:55:42.301422
order_002383,cust_00441,delivered,2017-08-01 17:22:05,2017-08-09 05:36:34.363755,2017-08-11 09:43:31.298183
order_002384,cust_00419,delivered,2017-04-10 23:52:10,2017-04-20 14:15:49.855046,2017-05-01 03:51:39.709595
order_002385,cust_01950,delivered,2018-04-18 13:15:23,2018-04-26 12:16:07.759659,2018-04-25 19:22:19.881684
order_002386,cust_02317,delivered,2018-05-30 14:34:16,2018-06-09 20:07:18.087391,2018-06-21 05:29:02.685132
order_002387,cust_01068,delivered,2018-06-11 20:03:40,2018-06-19 20:11:00.515946,2018-06-17 20:41:58.003734
order_002388,cust_01893,delivered,2018-06-01 21:38:38,2018-06-10 03:03:54.252418,2018-06-07 04:51:44.581025
order_002389,cust_02014,delivered,2018-04-17 06:42:54,2018-04-24 23:24:47.016462,2018-04-28 05:49:46.243546
order_002390,cust_00559,delivered,2017-09-03 23:48:19,2017-09-14 21:08:27.581657,2017-09-19 22:40:35.779974
order_002391,cust_00908,delivered,2017-04-14 12:27:33,2017-04-22 04:52:17.469841,2017-04-21 21:22:05.221231
order_002392,cust_01270,delivered,2017-11-30 22:19:24,2017-12-10 16:59:14.800717,2017-12-08 05:35:37.408417
order_002393,cust_01238,delivered,2017-04-30 02:49:10,2017-05-08 18:29:10.372044,2017-05-08 17:17:01.983085
order_002394,cust_00273,delivered,2017-09-13 02:20:17,2017-09-21 07:12:19.956762,2017-09-19 01:33:43.406930
order_002395,cust_02376,delivered,2017-12-21 21:13:50,2017-12-31 12:06:45.987279,2017-12-28 15:10:53.521635
order_002396,cust_01749,delivered,2018-05-27 16:08:29,2018-06-05 08:52:58.908782,2018-06-04 04:03:27.489744
order_002397,cust_00057,delivered,2017-06-06 04:12:00,2017-06-15 09:34:49.309218,2017-06-10 22:58:44.400342
order_002398,cust_01704,delivered,2017-05-17 21:28:41,2017-05-26 05:29:10.587697,2017-05-26 20:07:28.207338
order_002399,cust_00201,delivered,2018-02-01 02:27:24,2018-02-10 20:00:06.320241,2018-02-08 23:22:32.370929
order_002400,cust_01765,delivered,2017-01-04 16:22:30,2017-01-15 04:17:51.298571,2017-01-09 20:57:35.710485
order_002401,cust_00202,delivered,2017-11-02 04:55:16,2017-11-11 19:37:30.616020,2017-11-09 18:24:15.275372
order_002402,cust_00054,delivered,2018-02-07 01:41:39,2018-02-15 05:32:39.371046,2018-02-12 02:34:26.056859
order_002403,cust_02633,delivered,2017-10-25 19:20:58,2017-11-03 21:51:07.563375,2017-10-31 02:39:31.982025
order_002404,cust_02126,delivered,2017-07-27 20:20:15,2017-08-06 23:26:16.716040,2017-08-01 20:03:32.971792
order_002405,cust_01088,delivered,2018-03-24 02:32:22,2018-04-02 08:01:31.133735,2018-04-03 16:05:05.346522
order_002406,cust_01072,delivered,2017-07-20 02:14:06,2017-07-27 07:51:15.750338,2017-07-27 01:50:06.159814
order_002407,cust_01889,delivered,2018-01-19 14:44:46,2018-01-29 11:33:45.410929,2018-01-26 19:59:25.634636
order_002408,cust_01218,delivered,2017-09-08 00:41:20,2017-09-15 13:33:35.309513,2017-09-15 09:33:10.875634
order_002409,cust_01172,delivered,2017-01-15 17:54:30,2017-01-24 17:55:55.440388,2017-01-25 18:41:04.978999
order_002410,cust_01391,delivered,2017-10-14 21:58:32,2017-10-23 23:38:19.404885,2017-10-20 19:33:39.622152
order_002411,cust_01570,delivered,2017-01-27 18:01:33,2017-02-05 18:19:24.528032,2017-02-04 18:56:04.065089
order_002412,cust_00253,delivered,2018-05-18 05:32:11,2018-05-29 01:22:31.054521,2018-05-24 05:30:45.168690
order_002413,cust_02724,delivered,2017-11-21 04:33:41,2017-11-30 00:48:28.131619,2017-11-25 17:35:29.672822
order_002414,cust_02109,delivered,2017-07-20 16:20:03,2017-07-29 10:10:14.925692,2017-07-27 19:15:06.767516
order_002415,cust_00696,delivered,2017-09-20 01:28:44,2017-09-27 22:27:40.607956,2017-09-27 18:11:23.867448
order_002416,cust_02204,delivered,2017-12-01 12:54:17,2017-12-09 08:28:49.895619,2017-12-08 06:10:41.256728
order_002417,cust_01713,delivered,2017-05-21 10:46:16,2017-05-30 07:14:19.630129,2017-05-29 05:33:42.186773
order_002418,cust_01578,delivered,2017-06-05 17:52:12,2017-06-14 08:06:08.973332,2017-06-15 02:50:52.185991
order_002419,cust_01010,delivered,2017-08-15 04:51:34,2017-08-22 07:02:07.760336,2017-09-07 19:42:43.411476
order_002420,cust_01573,delivered,2017-05-20 18:17:44,2017-05-29 13:13:41.816392,2017-06-04 11:01:06.480492
order_002421,cust_00586,delivered,2018-02-14 16:46:56,2018-02-23 04:30:08.541340,2018-02-22 12:43:38.881542
order_002422,cust_02773,canceled,2017-02-26 05:43:44,2017-03-06 19:44:44.864080,
order_002423,cust_01924,delivered,2018-03-23 08:33:38,2018-04-02 09:15:40.050068,2018-03-29 12:38:38.630836
order_002424,cust_01643,delivered,2017-07-08 01:35:03,2017-07-16 15:07:03.473336,2017-07-19 20:03:28.402965
order_002425,cust_02054,delivered,2017-10-31 10:47:04,2017-11-11 03:42:41.321142,2017-11-06 06:21:23.215470
order_002426,cust_01605,delivered,2017-03-27 06:15:15,2017-04-06 10:02:10.348522,2017-04-03 10:04:36.297068
order_002427,cust_01437,delivered,2017-07-28 02:43:25,2017-08-03 09:15:49.732505,2017-08-04 06:05:31.091510
order_002428,cust_00941,delivered,2018-02-12 13:26:16,2018-02-23 03:03:45.609341,2018-02-16 20:23:48.820892
order_002429,cust_00383,delivered,2017-05-27 13:37:16,2017-06-03 05:21:38.235621,2017-06-02 20:04:54.341459
order_002430,cust_01930,delivered,2017-03-13 02:03:45,2017-03-21 16:42:16.066279,2017-03-23 03:46:21.662269
order_002431,cust_02096,delivered,2017-10-09 04:27:09,2017-10-17 18:37:25.706370,2017-10-18 11:08:23.078928
order_002432,cust_01469,delivered,2017-03-29 01:58:56,2017-04-06 06:15:14.394565,2017-04-09 01:40:18.922596
order_002433,cust_02959,delivered,2017-06-19 16:17:44,2017-06-28 13:28:33.441676,2017-06-27 20:15:04.211516
order_002434,cust_00376,delivered,2017-09-01 08:06:45,2017-09-09 21:04:05.035667,2017-09-10 15:14:13.238031
order_002435,cust_00888,delivered,2017-11-01 01:42:28,2017-11-10 01:46:20.096537,2017-11-07 01:50:54.783949
order_002436,cust_02912,delivered,2017-12-12 04:35:48,2017-12-19 04:25:22.836993,2017-12-21 08:37:40.904262
order_002437,cust_02896,delivered,2018-01-01 23:25:17,2018-01-09 22:41:23.130655,2018-01-08 16:32:00.769422
order_002438,cust_01142,delivered,2018-04-01 06:08:17,2018-04-11 17:36:25.302418,2018-04-10 20:03:48.167683
order_002439,cust_01638,delivered,2017-02-05 16:25:43,2017-02-13 18:21:54.608397,2017-02-12 06:45:47.832299
order_002440,cust_01331,delivered,2017-07-15 11:14:33,2017-07-27 05:22:42.030648,2017-07-25 09:45:46.404932
order_002441,cust_01486,delivered,2017-01-01 04:21:41,2017-01-09 20:22:30.239785,2017-01-09 13:34:53.903240
order_002442,cust_00625,delivered,2017-01-06 07:22:38,2017-01-15 04:49:00.707412,2017-01-16 13:58:32.377379
order_002443,cust_02664,delivered,2017-04-25 00:20:17,2017-05-05 14:40:59.835922,2017-05-01 03:39:02.722442
order_002444,cust_02025,delivered,2017-11-19 17:55:39,2017-11-30 14:23:18.343879,2017-11-30 21:37:27.688599
order_002445,cust_01558,delivered,2018-04-29 08:01:37,2018-05-07 23:31:54.196087,2018-05-07 08:50:43.052117
order_002446,cust_02206,delivered,2018-02-22 11:58:54,2018-03-02 13:35:49.655268,2018-03-02 10:29:14.422016
order_002447,cust_01490,delivered,2017-12-15 03:40:03,2017-12-25 07:01:40.467703,2017-12-22 10:59:55.942834
order_002448,cust_00795,delivered,2018-02-25 19:46:51,2018-03-07 05:19:39.286984,2018-03-08 15:42:43.295555
order_002449,cust_02014,canceled,2017-04-03 05:14:30,2017-04-10 18:02:54.530237,
order_002450,cust_00464,delivered,2018-03-30 13:35:26,2018-04-08 12:32:40.666182,2018-04-08 14:07:54.880068
order_002451,cust_02819,delivered,2018-04-26 20:56:45,2018-05-06 00:00:02.492930,2018-04-29 13:09:56.794557
order_002452,cust_02552,delivered,2017-02-21 17:07:00,2017-02-28 22:35:00.859923,2017-03-02 07:04:25.912105
order_002453,cust_02580,delivered,2017-09-11 14:28:36,2017-09-20 12:21:01.712283,2017-09-17 17:33:29.429790
order_002454,cust_00359,delivered,2018-03-25 21:18:46,2018-04-04 02:06:23.460502,2018-04-04 09:21:41.768268
order_002455,cust_01819,delivered,2017-09-15 04:14:05,2017-09-22 18:46:00.690488,2017-09-27 06:16:37.471715
order_002456,cust_02771,canceled,2018-03-30 23:07:30,2018-04-08 19:11:43.727547,
order_002457,cust_00028,delivered,2018-05-21 13:21:35,2018-05-31 15:47:38.986470,2018-05-28 19:02:44.931236
order_002458,cust_01278,delivered,2017-09-14 09:50:11,2017-09-24 15:06:30.649140,2017-09-21 23:51:58.057237
order_002459,cust_00676,delivered,2017-02-02 06:08:19,2017-02-10 19:37:57.800545,2017-02-10 05:35:58.351501
order_002460,cust_02308,delivered,2017-07-03 17:52:41,2017-07-13 18:02:28.803875,2017-07-09 16:55:45.571359
order_002461,cust_00746,delivered,2017-04-27 23:25:43,2017-05-08 02:33:52.893433,2017-05-28 20:31:21.550685
order_002462,cust_01919,delivered,2017-09-14 16:33:45,2017-09-23 21:30:48.066853,2017-09-20 11:10:54.299777
order_002463,cust_02786,delivered,2017-11-13 00:47:10,2017-11-23 04:23:27.557525,2017-11-21 07:54:27.632267
order_002464,cust_02180,delivered,2017-09-08 11:15:29,2017-09-17 06:37:14.240543,2017-09-13 16:11:53.623959
order_002465,cust_02254,delivered,2017-04-16 17:34:32,2017-04-25 22:40:01.367705,2017-04-24 11:00:51.784238
order_002466,cust_00175,delivered,2017-06-12 09:32:18,2017-06-20 04:17:33.414506,2017-06-20 05:18:28.189255
order_002467,cust_00717,delivered,2018-01-02 18:33:06,2018-01-11 12:58:50.451380,2018-01-10 21:05:56.981961
order_002468,cust_01771,delivered,2017-01-15 16:58:29,2017-01-26 01:42:22.649565,2017-01-25 09:50:53.834499
order_002469,cust_01468,delivered,2017-04-26 01:36:42,2017-05-04 19:10:25.008860,2017-05-01 00:23:11.746871
order_002470,cust_01211,delivered,2018-04-27 13:23:28,2018-05-06 09:54:44.576957,2018-05-06 04:29:48.465204
order_002471,cust_02479,delivered,2017-02-23 04:07:29,2017-03-02 04:40:47.883132,2017-03-01 14:58:08.911454
order_002472,cust_01640,delivered,2017-08-12 11:40:35,2017-08-20 10:15:14.504049,2017-08-21 16:23:37.980193
order_002473,cust_02011,delivered,2017-04-22 09:13:24,2017-05-01 09:59:34.932068,2017-04-29 12:00:16.444735
order_002474,cust_01458,delivered,2017-02-26 19:21:56,2017-03-07 11:36:50.517797,2017-03-09 08:08:26.913940
order_002475,cust_01061,delivered,2017-08-17 20:50:08,2017-08-25 17:35:14.119307,2017-08-24 22:00:52.892508
order_002476,cust_01161,delivered,2017-10-09 11:04:30,2017-10-17 15:25:34.567161,2017-10-16 02:44:34.751710
order_002477,cust_01960,delivered,2017-04-06 12:53:16,2017-04-15 09:14:39.159587,2017-04-12 04:55:56.927728
order_002478,cust_01840,delivered,2017-02-12 15:01:34,2017-02-21 13:51:41.053157,2017-02-19 12:41:21.708192
order_002479,cust_01372,delivered,2017-03-14 15:43:38,2017-03-23 18:01:54.238924,2017-03-21 16:42:09.952110
order_002480,cust_01428,shipped,2017-12-18 15:14:55,2017-12-29 08:04:15.064011,
order_002481,cust_01485,delivered,2018-04-10 18:47:32,2018-04-20 18:27:18.353565,2018-04-18 01:12:01.653164
order_002482,cust_01736,delivered,2017-04-08 23:34:02,2017-04-14 21:52:00.042629,2017-04-18 14:03:22.836215
order_002483,cust_01526,delivered,2017-06-23 19:52:29,2017-07-01 01:47:23.145572,2017-06-30 23:18:36.454196
order_002484,cust_01041,delivered,2017-07-05 03:13:59,2017-07-13 18:50:44.741626,2017-07-10 19:58:03.067779
order_002485,cust_02034,delivered,2017-07-14 11:25:50,2017-07-23 01:58:18.894581,2017-07-22 00:51:40.117752
order_002486,cust_01336,delivered,2017-05-12 11:04:15,2017-05-21 07:23:58.074574,2017-05-20 17:22:49.802321
order_002487,cust_02100,delivered,2017-01-30 12:12:39,2017-02-09 04:03:15.284772,2017-02-03 21:39:51.725882
order_002488,cust_01380,delivered,2017-10-11 12:40:59,2017-10-20 16:09:07.881188,2017-10-24 12:16:35.724063
order_002489,cust_00474,delivered,2017-07-12 17:13:55,2017-07-20 23:15:19.863418,2017-07-21 15:36:36.660207
order_002490,cust_00210,delivered,2017-07-04 10:06:15,2017-07-14 02:28:09.986982,2017-07-11 08:37:52.367570
order_002491,cust_02194,delivered,2017-05-23 06:19:12,2017-05-31 08:43:51.787475,2017-05-31 17:37:51.918852
order_002492,cust_02754,delivered,2018-05-17 10:58:55,2018-05-25 16:14:33.465765,2018-05-27 06:13:59.269927
order_002493,cust_01133,delivered,2017-11-26 20:30:27,2017-12-05 20:04:47.513093,2017-12-01 15:35:17.430695
order_002494,cust_00519,delivered,2017-08-15 07:28:27,2017-08-22 08:01:05.361143,2017-08-23 20:34:48.349116
order_002495,cust_00769,delivered,2017-04-21 00:29:55,2017-04-30 12:39:47.454450,2017-04-27 02:29:26.324453
order_002496,cust_00210,delivered,2018-03-09 23:25:51,2018-03-19 12:43:13.671516,2018-03-18 13:44:26.564522
order_002497,cust_01950,delivered,2018-04-25 04:41:54,2018-05-04 17:21:25.544392,2018-05-02 17:03:30.852599
order_002498,cust_00307,delivered,2017-01-18 14:28:05,2017-01-25 23:49:33.318061,2017-01-24 21:15:08.462390
order_002499,cust_00392,delivered,2018-05-18 19:12:17,2018-05-28 07:45:17.855462,2018-05-27 02:21:07.347594
order_002500,cust_00027,delivered,2018-01-13 06:35:13,2018-01-22 03:37:03.480558,2018-01-23 01:34:52.281865
order_002501,cust_00670,delivered,2017-02-23 08:09:58,2017-03-04 12:55:42.617381,2017-03-02 14:05:28.645335
order_002502,cust_01169,delivered,2018-02-11 06:43:54,2018-02-20 15:41:12.418293,2018-02-21 16:21:11.870489
order_002503,cust_00211,delivered,2017-02-27 03:35:45,2017-03-07 18:12:07.039615,2017-03-03 11:38:53.642914
order_002504,cust_02712,delivered,2017-01-28 03:40:14,2017-02-06 14:04:07.218165,2017-02-05 16:34:59.026415
order_002505,cust_02567,delivered,2017-03-04 04:28:55,2017-03-14 11:10:50.260696,2017-03-14 03:50:17.856055
order_002506,cust_02375,delivered,2017-09-06 10:59:35,2017-09-17 21:42:45.231498,2017-09-12 13:08:42.226005
order_002507,cust_02992,delivered,2017-12-01 12:44:17,2017-12-11 16:46:43.354540,2017-12-11 03:25:33.480622
order_002508,cust_02668,delivered,2017-08-08 00:23:01,2017-08-17 20:08:56.234974,2017-08-12 15:28:43.413274
order_002509,cust_00930,delivered,2017-03-07 20:18:30,2017-03-17 02:50:20.612772,2017-03-15 00:23:40.457386
order_002510,cust_01954,delivered,2017-04-18 16:13:18,2017-04-26 22:59:24.022575,2017-05-02 15:37:42.099535
order_002511,cust_01473,delivered,2018-04-06 01:41:44,2018-04-15 00:16:58.488800,2018-04-12 13:27:47.913631
order_002512,cust_02532,delivered,2018-06-04 20:13:30,2018-06-12 13:21:47.400096,2018-06-14 09:35:31.030912
order_002513,cust_00766,delivered,2018-02-12 00:43:53,2018-02-20 01:27:30.909188,2018-02-16 00:57:50.164438
order_002514,cust_00355,delivered,2017-02-25 13:27:09,2017-03-06 03:06:10.260999,2017-03-20 17:05:57.718358
order_002515,cust_00504,canceled,2018-03-19 11:09:50,2018-03-28 00:51:44.560773,
order_002516,cust_01543,delivered,2018-01-09 12:03:04,2018-01-19 08:21:56.053076,2018-01-15 13:43:38.861523
order_002517,cust_00066,delivered,2017-10-12 22:56:54,2017-10-20 18:36:20.624456,2017-10-18 13:11:08.456182
order_002518,cust_01977,delivered,2017-03-19 22:14:58,2017-03-28 11:12:46.943592,2017-04-01 08:21:15.852631
order_002519,cust_02391,delivered,2018-06-23 06:41:46,2018-07-01 13:50:56.607591,2018-07-01 08:39:28.853420
order_002520,cust_01579,delivered,2017-08-28 13:54:42,2017-09-06 16:11:22.616903,2017-09-04 19:20:45.560069
order_002521,cust_02377,delivered,2017-01-24 23:01:12,2017-02-05 00:19:10.369469,2017-01-31 11:12:29.852718
order_002522,cust_00782,delivered,2017-04-24 17:29:33,2017-05-03 08:41:01.681359,2017-05-03 18:25:39.888674
order_002523,cust_02155,delivered,2017-08-05 21:18:15,2017-08-15 03:00:30.969867,2017-08-14 00:51:27.677480
order_002524,cust_01535,delivered,2017-02-03 10:26:08,2017-02-10 22:33:40.289339,2017-02-12 17:52:59.156530
order_002525,cust_02346,delivered,2017-06-24 06:47:42,2017-07-02 22:55:15.319173,2017-06-30 14:40:52.427604
order_002526,cust_01821,delivered,2017-09-10 12:15:20,2017-09-20 10:40:45.283580,2017-09-19 14:42:22.267726
order_002527,cust_00472,delivered,2018-05-28 19:36:24,2018-06-07 07:27:17.465736,2018-06-08 12:42:46.989143
order_002528,cust_01137,delivered,2017-02-16 22:17:29,2017-03-01 00:56:44.160815,2017-02-25 06:40:23.236124
order_002529,cust_00629,delivered,2017-11-08 16:27:38,2017-11-16 00:47:55.072187,2017-11-19 01:10:22.565578
order_002530,cust_00064,delivered,2018-05-10 16:57:23,2018-05-22 03:37:53.781181,2018-05-22 06:47:22.709217
order_002531,cust_00861,delivered,2018-03-12 12:17:01,2018-03-21 06:40:00.478228,2018-03-24 00:07:18.479967
order_002532,cust_01385,delivered,2018-05-15 07:40:13,2018-05-23 19:39:54.314636,2018-05-21 21:19:50.214551
order_002533,cust_01577,delivered,2017-04-02 10:08:59,2017-04-12 09:21:14.022617,2017-04-08 13:20:56.774725
order_002534,cust_02442,delivered,2018-03-09 11:56:41,2018-03-18 01:08:55.130141,2018-03-17 00:16:08.261594
order_002535,cust_00530,delivered,2018-06-13 19:34:19,2018-06-23 10:21:10.003700,2018-06-21 11:04:37.324849
order_002536,cust_00147,delivered,2017-06-26 13:19:42,2017-07-04 14:50:45.867009,2017-07-04 10:05:05.558270
order_002537,cust_01215,delivered,2017-09-27 19:02:02,2017-10-07 18:40:14.874163,2017-10-04 12:43:18.812597
order_002538,cust_01846,delivered,2017-10-14 00:39:24,2017-10-24 07:26:11.746134,2017-10-18 13:05:00.767568
order_002539,cust_00880,delivered,2017-09-24 18:09:59,2017-10-03 01:09:47.313318,2017-10-02 20:37:32.459247
order_002540,cust_02403,delivered,2017-06-06 12:10:10,2017-06-16 03:31:18.116020,2017-06-11 15:44:47.988387
order_002541,cust_01600,delivered,2018-06-09 23:57:29,2018-06-19 21:59:02.169027,2018-06-17 00:26:26.765327
order_002542,cust_00136,delivered,2018-06-01 11:19:16,2018-06-10 03:51:27.079796,2018-06-08 17:39:29.122132
order_002543,cust_02282,delivered,2017-07-25 11:29:03,2017-08-05 14:55:23.185892,2017-08-07 07:45:25.810501
order_002544,cust_02731,delivered,2018-03-11 03:03:33,2018-03-19 11:06:42.992257,2018-03-20 22:19:33.851464
order_002545,cust_01865,delivered,2017-08-03 19:21:58,2017-08-14 08:40:19.055252,2017-08-11 10:24:03.057179
order_002546,cust_02225,delivered,2018-03-06 16:50:11,2018-03-16 05:18:33.936688,2018-03-20 03:08:38.852765
order_002547,cust_00832,delivered,2017-11-12 20:41:58,2017-11-23 10:07:23.050635,2017-11-21 05:07:58.723927
order_002548,cust_01225,delivered,2017-09-11 02:13:33,2017-09-19 01:35:21.267993,2017-09-15 21:41:59.808391
order_002549,cust_02160,delivered,2017-03-11 05:04:42,2017-03-20 21:13:15.363098,2017-03-22 15:11:16.762077
order_002550,cust_01928,delivered,2017-12-20 21:02:50,2017-12-29 18:51:22.499551,2017-12-28 09:48:36.460378
order_002551,cust_01462,delivered,2017-06-23 01:00:34,2017-07-01 11:51:16.513985,2017-06-27 08:01:35.977350
order_002552,cust_01805,delivered,2017-04-28 12:11:48,2017-05-06 14:05:31.139539,2017-05-06 07:29:47.438913
order_002553,cust_02153,delivered,2017-04-15 09:42:50,2017-04-24 04:30:59.503713,2017-04-22 06:16:05.566325
order_002554,cust_01146,delivered,2018-06-15 22:32:46,2018-06-26 02:37:42.417199,2018-06-22 18:03:53.967333
order_002555,cust_02359,delivered,2017-02-25 20:33:42,2017-03-07 18:00:14.177662,2017-03-02 05:22:01.264454
order_002556,cust_02121,delivered,2018-03-08 21:31:16,2018-03-18 12:53:07.603680,2018-03-18 16:50:17.411761
order_002557,cust_02373,delivered,2018-04-13 06:56:18,2018-04-22 07:29:04.398031,2018-04-20 15:56:01.936596
order_002558,cust_01225,delivered,2017-01-17 14:06:00,2017-01-27 02:28:26.691836,2017-01-25 08:19:57.869551
order_002559,cust_00212,delivered,2017-11-15 16:48:00,2017-11-25 11:05:53.929333,2017-11-21 19:55:10.390622
order_002560,cust_00251,delivered,2017-11-08 23:13:09,2017-11-18 15:34:19.818442,2017-11-16 16:48:11.420059
order_002561,cust_01623,delivered,2017-07-13 00:10:34,2017-07-22 07:18:14.081177,2017-07-18 16:02:15.449068
order_002562,cust_00896,delivered,2017-12-27 23:26:55,2018-01-06 05:34:29.774873,2018-01-05 04:00:13.573619
order_002563,cust_01974,delivered,2017-08-09 08:31:43,2017-08-17 10:02:25.885960,2017-08-16 09:40:17.463581
order_002564,cust_01793,delivered,2017-08-26 03:04:42,2017-09-03 11:47:03.717580,2017-09-03 07:13:22.121860
order_002565,cust_00662,delivered,2017-08-22 14:46:20,2017-09-01 01:22:02.933702,2017-09-03 08:30:50.848657
order_002566,cust_00846,delivered,2018-03-09 18:45:25,2018-03-19 18:47:27.679023,2018-03-14 14:59:07.132535
order_002567,cust_01531,delivered,2017-12-08 03:06:51,2017-12-17 03:42:12.779106,2017-12-15 01:35:56.040998
order_002568,cust_01109,delivered,2017-07-24 00:58:42,2017-08-02 21:35:33.851937,2017-07-28 08:29:02.125112
order_002569,cust_00953,delivered,2018-05-16 21:31:06,2018-05-26 10:34:23.065739,2018-05-21 16:59:07.444809
order_002570,cust_01345,delivered,2018-03-10 22:24:32,2018-03-19 19:59:47.205325,2018-03-18 23:06:18.336983
order_002571,cust_02559,delivered,2018-05-19 03:45:02,2018-05-27 20:22:23.382371,2018-05-30 17:36:07.242677
order_002572,cust_02452,delivered,2018-01-30 21:41:50,2018-02-09 05:22:12.904465,2018-02-07 10:22:54.121066
order_002573,cust_00518,delivered,2017-07-31 21:50:06,2017-08-10 19:44:51.523886,2017-08-08 11:24:44.854799
order_002574,cust_01457,delivered,2018-02-22 23:56:17,2018-03-05 20:31:41.634779,2018-03-01 09:31:54.623830
order_002575,cust_01210,delivered,2017-06-27 05:11:36,2017-07-06 01:18:00.953382,2017-07-05 10:41:06.967721
order_002576,cust_02627,delivered,2017-05-27 13:53:27,2017-06-05 06:33:04.246218,2017-06-09 05:08:17.371773
order_002577,cust_02929,delivered,2017-09-01 23:51:45,2017-09-09 22:01:55.464397,2017-09-07 11:17:19.215078
order_002578,cust_00433,delivered,2018-06-08 21:39:48,2018-06-17 09:50:55.350732,2018-06-18 16:48:32.770969
order_002579,cust_00477,delivered,2017-11-03 14:30:50,2017-11-13 01:15:07.295968,2017-11-14 00:30:59.548056
order_002580,cust_01229,delivered,2017-07-27 04:43:51,2017-08-05 09:53:37.305397,2017-08-04 07:26:28.961762
order_002581,cust_01487,delivered,2017-09-07 02:01:27,2017-09-16 00:28:31.196524,2017-09-15 09:22:20.025726
order_002582,cust_00389,delivered,2017-06-07 06:13:12,2017-06-16 19:36:50.206710,2017-06-13 13:45:47.128081
order_002583,cust_00781,delivered,2017-12-22 01:33:59,2017-12-30 23:07:49.065829,2017-12-29 01:26:14.510284
order_002584,cust_01244,delivered,2017-07-09 04:41:10,2017-07-16 09:18:00.690677,2017-07-18 10:27:09.050051
order_002585,cust_02890,delivered,2017-10-27 01:47:53,2017-11-04 22:09:33.120504,2017-11-03 11:16:07.463909
order_002586,cust_00166,delivered,2017-07-19 18:17:36,2017-07-29 21:51:27.455257,2017-07-29 00:21:24.753160
order_002587,cust_00153,delivered,2017-06-23 14:09:26,2017-07-02 03:37:17.865605,2017-06-28 17:04:21.070914
order_002588,cust_02611,delivered,2018-06-08 12:25:45,2018-06-16 00:24:07.124379,2018-06-17 03:48:20.336560
order_002589,cust_02870,delivered,2017-07-06 19:25:47,2017-07-15 17:21:06.345837,2017-07-12 06:20:28.890026
order_002590,cust_01619,delivered,2017-02-08 09:51:34,2017-02-18 10:23:50.495289,2017-02-12 09:08:46.456009
order_002591,cust_02066,delivered,2017-07-24 09:40:15,2017-08-03 00:18:41.471470,2017-07-30 22:42:37.112850
order_002592,cust_01138,delivered,2017-10-15 04:57:58,2017-10-24 07:56:31.396265,2017-10-24 21:31:24.249499
order_002593,cust_01289,delivered,2017-02-21 10:40:33,2017-03-02 21:23:11.470052,2017-02-27 15:30:12.771361
order_002594,cust_00594,delivered,2017-06-15 04:11:18,2017-06-24 15:54:32.814763,2017-06-29 17:13:09.467026
order_002595,cust_00107,delivered,2017-03-31 14:08:34,2017-04-10 13:49:55.892100,2017-04-09 00:56:22.904383
order_002596,cust_01378,delivered,2017-09-28 23:56:20,2017-10-08 09:30:31.354010,2017-10-04 11:14:51.042413
order_002597,cust_02010,delivered,2018-01-26 12:47:34,2018-02-02 17:44:58.713503,2018-02-08 06:42:38.558569
order_002598,cust_01777,delivered,2018-06-07 07:10:36,2018-06-16 06:26:22.754267,2018-07-02 02:08:37.648045
order_002599,cust_00770,delivered,2017-07-30 16:30:48,2017-08-09 21:23:35.126495,2017-08-09 07:40:59.821377
order_002600,cust_00251,delivered,2018-04-12 19:40:48,2018-04-21 21:53:17.602948,2018-04-19 17:45:47.365593
order_002601,cust_01596,delivered,2017-04-26 11:19:22,2017-05-04 17:21:24.253408,2017-05-01 14:04:36.815602
order_002602,cust_01071,delivered,2018-02-26 06:00:28,2018-03-07 01:45:42.853089,2018-03-05 02:46:37.348310
order_002603,cust_02760,delivered,2017-10-31 17:07:57,2017-11-08 16:33:38.868046,2017-11-05 11:38:17.489713
order_002604,cust_00852,delivered,2018-02-14 04:29:40,2018-02-23 17:25:50.596278,2018-03-06 14:08:39.241167
order_002605,cust_01457,delivered,2018-02-12 23:56:07,2018-02-21 04:49:04.386262,2018-02-19 09:30:53.965449
order_002606,cust_00571,delivered,2017-10-15 07:37:39,2017-10-26 05:23:10.861791,2017-10-22 22:45:30.746312
order_002607,cust_00521,delivered,2017-05-20 08:24:25,2017-05-31 13:20:13.175708,2017-05-29 12:47:11.297256
order_002608,cust_01467,delivered,2017-10-12 17:26:47,2017-10-21 18:57:38.522892,2017-10-20 08:52:11.318015
order_002609,cust_02100,delivered,2018-03-23 00:17:35,2018-03-31 16:03:58.337935,2018-03-29 05:45:17.078916
order_002610,cust_00026,delivered,2018-06-09 04:52:07,2018-06-19 04:26:27.680335,2018-06-17 03:18:06.838126
order_002611,cust_00747,delivered,2018-05-16 03:00:54,2018-05-25 11:14:34.783424,2018-05-22 13:46:28.651382
order_002612,cust_00926,delivered,2017-04-08 09:23:07,2017-04-18 12:34:00.983880,2017-04-17 15:48:52.211595
order_002613,cust_00253,delivered,2017-11-19 13:17:03,2017-11-28 09:15:39.413618,2017-11-28 04:58:13.156003
order_002614,cust_00235,delivered,2017-02-26 04:18:38,2017-03-07 09:58:33.913050,2017-03-07 12:50:14.229094
order_002615,cust_01665,delivered,2017-12-28 08:15:43,2018-01-06 12:50:25.360931,2018-01-16 12:41:47.929152
order_002616,cust_00943,delivered,2018-06-20 18:31:57,2018-06-28 10:58:11.301288,2018-07-01 00:13:47.653763
order_002617,cust_01623,delivered,2017-01-29 22:33:34,2017-02-08 06:33:29.300457,2017-02-07 12:28:13.300920
order_002618,cust_02897,delivered,2017-12-21 00:20:33,2017-12-31 11:13:23.074323,2017-12-25 06:44:31.381006
order_002619,cust_02863,delivered,2018-05-26 15:03:31,2018-06-04 23:08:53.776150,2018-06-04 23:07:42.569737
order_002620,cust_01714,delivered,2018-04-03 00:36:59,2018-04-12 11:54:29.288664,2018-04-10 10:29:44.485884
order_002621,cust_02150,delivered,2017-07-31 12:29:18,2017-08-10 01:18:29.466144,2017-08-05 22:07:42.201740
order_002622,cust_02950,delivered,2017-02-26 21:06:26,2017-03-08 03:29:59.960866,2017-03-09 15:07:26.522974
order_002623,cust_01963,delivered,2018-05-14 19:09:10,2018-05-24 06:47:50.642293,2018-05-21 15:08:24.983227
order_002624,cust_01407,delivered,2018-05-13 05:35:07,2018-05-22 03:47:56.327270,2018-05-19 14:14:27.850700
order_002625,cust_00569,delivered,2017-11-09 06:12:22,2017-11-17 14:12:02.695873,2017-11-17 18:40:45.037105
order_002626,cust_02903,delivered,2018-06-13 18:48:15,2018-06-23 04:18:03.790923,2018-06-22 15:20:44.016889
order_002627,cust_00987,delivered,2017-01-03 19:40:25,2017-01-13 11:33:19.163750,2017-01-09 07:37:28.407279
order_002628,cust_00245,delivered,2017-11-29 06:44:30,2017-12-09 17:52:46.955456,2017-12-08 23:36:36.294592
order_002629,cust_02332,delivered,2017-01-21 00:04:24,2017-01-30 15:26:42.364514,2017-01-28 11:39:15.413714
order_002630,cust_01470,delivered,2018-05-21 10:40:01,2018-05-30 01:16:32.195307,2018-05-29 23:19:33.983620
order_002631,cust_00626,delivered,2018-01-03 14:52:20,2018-01-12 04:41:49.765946,2018-01-13 16:51:32.176135
order_002632,cust_02451,delivered,2018-05-09 10:39:00,2018-05-18 07:18:31.417873,2018-05-15 15:22:24.585734
order_002633,cust_00391,delivered,2017-10-31 22:26:03,2017-11-09 21:56:47.851685,2017-11-07 17:35:04.579464
order_002634,cust_00435,delivered,2017-02-14 19:31:35,2017-02-23 02:24:33.614257,2017-02-21 19:26:52.511823
order_002635,cust_01877,delivered,2017-01-15 18:54:31,2017-01-23 20:02:09.178662,2017-01-24 11:24:17.460673
order_002636,cust_00198,delivered,2017-07-01 00:29:12,2017-07-10 01:56:30.050745,2017-07-08 10:33:32.689643
order_002637,cust_02845,delivered,2018-02-06 20:29:13,2018-02-16 01:13:06.248047,2018-02-14 01:30:35.000012
order_002638,cust_00730,delivered,2017-03-23 18:07:33,2017-03-30 18:34:51.936085,2017-03-29 23:00:27.444426
order_002639,cust_00607,delivered,2018-04-06 09:31:36,2018-04-15 14:09:35.860274,2018-04-13 12:52:58.009238
order_002640,cust_00921,delivered,2017-05-10 14:08:57,2017-05-18 06:29:47.927566,2017-05-16 00:26:21.291727
order_002641,cust_01617,delivered,2017-09-26 19:46:54,2017-10-05 20:51:02.273957,2017-10-03 16:23:02.384826
order_002642,cust_00086,delivered,2017-04-20 21:44:57,2017-04-29 15:49:59.484353,2017-04-28 18:06:58.078225
order_002643,cust_00651,delivered,2017-09-09 13:13:11,2017-09-18 04:49:18.020535,2017-09-17 17:55:29.054371
order_002644,cust_01127,delivered,2017-09-02 00:59:32,2017-09-11 19:33:17.164771,2017-09-11 15:42:53.769640
order_002645,cust_00372,delivered,2017-01-03 14:50:41,2017-01-14 13:17:10.708489,2017-01-12 02:49:37.087153
order_002646,cust_00331,delivered,2017-11-03 16:19:13,2017-11-12 23:09:45.336813,2017-11-12 06:13:52.196481
order_002647,cust_01628,delivered,2018-03-01 01:24:50,2018-03-09 00:23:27.088843,2018-03-07 22:21:16.194033
order_002648,cust_02475,delivered,2018-05-21 19:36:55,2018-05-30 21:35:12.174320,2018-05-29 16:20:56.346659
order_002649,cust_01177,delivered,2017-06-28 04:50:14,2017-07-05 17:12:40.372699,2017-07-04 02:16:37.048387
order_002650,cust_01531,delivered,2018-04-21 21:22:16,2018-05-01 12:50:41.512577,2018-04-29 07:01:29.605639
order_002651,cust_01737,delivered,2018-04-20 13:13:23,2018-04-28 18:33:31.047023,2018-04-28 18:01:17.542517
order_002652,cust_01081,delivered,2018-06-18 07:43:51,2018-06-27 23:12:18.640381,2018-06-28 18:09:38.178214
order_002653,cust_00515,delivered,2017-07-21 01:24:40,2017-07-31 16:40:49.982330,2017-08-01 09:01:33.462503
order_002654,cust_00073,delivered,2018-04-05 00:25:43,2018-04-13 19:06:53.133835,2018-04-11 12:35:14.842848
order_002655,cust_02612,delivered,2017-11-02 17:47:41,2017-11-12 22:00:54.089327,2017-11-09 18:12:00.421385
order_002656,cust_01780,delivered,2017-02-01 09:03:06,2017-02-10 00:55:00.853134,2017-02-08 04:22:34.248041
order_002657,cust_01291,delivered,2017-05-26 20:09:40,2017-06-07 01:51:21.596961,2017-06-03 09:26:57.627014
order_002658,cust_00011,delivered,2017-12-29 05:31:57,2018-01-07 14:49:52.160503,2018-01-03 23:36:26.642075
order_002659,cust_02655,delivered,2017-03-28 22:05:19,2017-04-07 12:43:26.781042,2017-04-05 21:06:33.517358
order_002660,cust_02413,shipped,2017-08-23 22:35:52,2017-08-31 07:01:09.274611,
order_002661,cust_00009,delivered,2018-02-23 02:26:32,2018-03-04 08:25:55.535388,2018-03-02 12:56:15.228130
order_002662,cust_01323,delivered,2017-03-22 15:31:35,2017-04-01 15:05:49.887229,2017-03-31 00:46:50.226415
order_002663,cust_02574,delivered,2017-09-26 22:33:11,2017-10-06 11:25:51.261557,2017-10-02 21:50:40.691961
order_002664,cust_01037,delivered,2017-04-27 07:45:15,2017-05-06 21:06:48.626731,2017-05-02 00:02:16.492510
order_002665,cust_02826,delivered,2017-10-17 01:37:22,2017-10-23 20:58:53.433388,2017-10-24 04:58:59.718981
order_002666,cust_01182,shipped,2017-05-10 21:00:41,2017-05-18 06:49:17.281436,
order_002667,cust_02901,delivered,2018-06-06 11:22:38,2018-06-14 10:21:07.660588,2018-06-16 15:05:56.776475
order_002668,cust_02404,delivered,2017-02-11 00:38:59,2017-02-20 00:24:51.494481,2017-02-17 03:33:47.185358
order_002669,cust_00605,shipped,2018-06-05 20:09:57,2018-06-13 15:53:43.344856,
order_002670,cust_02494,delivered,2018-03-04 16:17:33,2018-03-12 17:07:05.315906,2018-03-15 05:50:27.236237
order_002671,cust_02039,delivered,2018-04-08 01:41:14,2018-04-17 05:08:58.880295,2018-04-15 04:29:56.190211
order_002672,cust_01843,delivered,2018-04-05 06:12:29,2018-04-15 00:09:17.965290,2018-04-15 08:59:39.295013
order_002673,cust_00027,delivered,2017-04-12 00:26:15,2017-04-19 13:46:35.358741,2017-04-23 23:56:11.464777
order_002674,cust_01845,delivered,2018-05-18 22:55:00,2018-05-29 08:12:55.052013,2018-05-24 11:19:02.033054
order_002675,cust_02747,delivered,2017-11-17 00:35:55,2017-11-28 02:19:41.278966,2017-11-22 21:34:04.713884
order_002676,cust_01540,delivered,2018-06-04 19:06:01,2018-06-14 09:41:24.411914,2018-06-13 17:11:17.250999
order_002677,cust_02679,delivered,2018-04-20 12:16:13,2018-04-28 13:13:47.908028,2018-04-29 09:04:46.503458
order_002678,cust_02847,delivered,2017-11-09 13:59:08,2017-11-17 15:19:46.195110,2017-11-17 06:39:11.306021
order_002679,cust_00114,delivered,2017-07-22 19:28:41,2017-07-30 11:55:48.199661,2017-07-31 06:16:24.819501
order_002680,cust_02809,delivered,2017-03-05 21:28:44,2017-03-14 11:20:07.869738,2017-03-19 14:38:43.135034
order_002681,cust_00464,delivered,2017-02-24 03:03:29,2017-03-05 01:48:27.303885,2017-03-03 20:39:48.669212
order_002682,cust_00999,delivered,2017-07-30 00:25:44,2017-08-08 11:34:31.478783,2017-08-07 12:15:45.193740
order_002683,cust_00647,delivered,2018-03-14 02:59:26,2018-03-24 11:49:44.867931,2018-03-21 18:46:32.647617
order_002684,cust_01993,delivered,2017-09-30 16:22:48,2017-10-10 17:41:27.718457,2017-10-10 12:56:18.860045
order_002685,cust_01261,delivered,2017-09-18 13:38:42,2017-09-26 18:35:14.557581,2017-09-26 11:04:13.816342
order_002686,cust_01980,delivered,2017-05-13 02:00:47,2017-05-18 16:56:48.638356,2017-05-21 15:54:07.740438
order_002687,cust_00188,delivered,2017-11-01 05:37:23,2017-11-09 12:11:55.305830,2017-11-08 15:48:09.049258
order_002688,cust_01970,delivered,2017-12-11 12:53:37,2017-12-19 00:04:38.550039,2017-12-23 16:21:44.432494
order_002689,cust_02479,delivered,2018-06-15 17:31:30,2018-06-25 22:11:22.447462,2018-06-21 07:41:41.700046
order_002690,cust_01553,delivered,2018-01-29 08:14:30,2018-02-07 08:33:19.481318,2018-02-05 00:44:53.186682
order_002691,cust_00568,delivered,2017-11-24 22:47:28,2017-12-04 20:11:49.216847,2017-12-02 03:26:26.204996
order_002692,cust_00600,delivered,2018-05-07 23:48:49,2018-05-16 22:26:54.271725,2018-05-14 12:03:54.176451
order_002693,cust_02075,delivered,2017-08-18 18:23:05,2017-08-28 00:50:50.073483,2017-08-24 09:02:19.754414
order_002694,cust_00554,delivered,2018-05-20 10:54:08,2018-05-29 09:09:09.785157,2018-05-27 00:27:36.162777
order_002695,cust_00019,delivered,2017-07-19 21:03:07,2017-07-28 04:08:34.896394,2017-07-30 10:04:14.319060
order_002696,cust_01504,delivered,2017-03-11 17:28:10,2017-03-21 18:46:27.910121,2017-03-23 16:52:36.769541
order_002697,cust_02434,delivered,2017-08-14 12:28:12,2017-08-24 12:32:51.220774,2017-08-27 21:58:39.633361
order_002698,cust_01293,delivered,2017-03-11 10:39:02,2017-03-19 08:23:22.216603,2017-03-20 20:39:32.556494
order_002699,cust_02865,delivered,2017-03-05 19:58:32,2017-03-14 21:42:13.894157,2017-03-11 10:48:25.051647
order_002700,cust_02795,delivered,2018-04-21 13:22:11,2018-04-30 06:45:08.055862,2018-04-29 22:36:55.300842
order_002701,cust_00345,delivered,2018-03-06 04:23:22,2018-03-15 09:39:34.967369,2018-03-13 17:18:44.162989
order_002702,cust_01311,delivered,2017-04-30 23:59:43,2017-05-08 11:33:33.130363,2017-05-06 14:40:16.346224
order_002703,cust_00652,delivered,2018-03-29 01:38:25,2018-04-08 03:38:52.621588,2018-04-02 15:40:28.679033
order_002704,cust_01411,delivered,2017-02-07 16:40:49,2017-02-16 04:10:49.415496,2017-02-14 13:26:24.622430
order_002705,cust_02566,delivered,2017-06-03 15:44:34,2017-06-11 16:16:35.772426,2017-06-11 06:00:27.802780
order_002706,cust_02163,delivered,2018-01-17 14:04:04,2018-01-26 02:02:42.161207,2018-01-26 18:01:10.021080
order_002707,cust_00131,delivered,2017-06-14 01:14:48,2017-06-22 11:28:23.185239,2017-06-19 08:55:52.979267
order_002708,cust_02611,delivered,2018-01-30 11:49:20,2018-02-09 17:42:12.029738,2018-02-06 03:17:20.538509
order_002709,cust_00301,delivered,2018-04-18 21:25:10,2018-04-28 04:29:57.370457,2018-04-29 04:31:11.803213
order_002710,cust_00879,delivered,2017-02-05 05:44:55,2017-02-14 07:54:08.974147,2017-02-13 16:02:13.296847
order_002711,cust_00420,delivered,2017-01-13 16:35:50,2017-01-22 05:03:02.114410,2017-01-21 07:57:11.203580
order_002712,cust_00693,delivered,2018-05-23 20:36:36,2018-06-02 05:55:02.550096,2018-05-29 11:27:26.786107
order_002713,cust_01836,delivered,2017-10-09 22:51:10,2017-10-17 22:44:15.153500,2017-10-19 07:01:47.197080
order_002714,cust_02754,delivered,2017-10-01 12:23:14,2017-10-09 13:25:57.959794,2017-10-09 04:19:54.056789
order_002715,cust_02892,delivered,2017-09-08 07:31:59,2017-09-16 11:15:49.364134,2017-09-15 13:09:48.128251
order_002716,cust_00596,delivered,2017-08-23 16:47:26,2017-09-01 20:02:57.166271,2017-09-02 19:02:02.026429
order_002717,cust_01414,delivered,2018-01-08 11:40:04,2018-01-19 10:20:42.329495,2018-01-21 07:06:05.871909
order_002718,cust_02214,delivered,2017-11-10 15:03:00,2017-11-19 00:20:22.908880,2017-11-20 08:47:17.210575
order_002719,cust_02995,delivered,2017-03-30 17:48:02,2017-04-09 20:16:21.593077,2017-04-04 20:37:38.712498
order_002720,cust_00968,delivered,2017-12-05 17:02:48,2017-12-14 20:15:25.132166,2017-12-11 07:07:36.974465
order_002721,cust_01212,delivered,2017-12-27 05:49:36,2018-01-05 15:16:41.730907,2018-01-03 22:55:21.982302
order_002722,cust_02592,delivered,2017-03-03 18:08:20,2017-03-13 04:20:33.872952,2017-03-15 21:59:35.371382
order_002723,cust_02464,delivered,2017-07-23 13:00:15,2017-08-01 03:10:55.960022,2017-08-01 20:14:48.112533
order_002724,cust_01242,delivered,2018-03-03 22:20:18,2018-03-12 02:29:00.769519,2018-03-13 02:29:12.215186
order_002725,cust_01183,delivered,2017-12-01 15:49:37,2017-12-12 00:05:33.384276,2017-12-08 01:15:07.698734
order_002726,cust_00836,delivered,2017-03-15 21:24:12,2017-03-23 18:26:14.747314,2017-03-21 07:44:24.596727
order_002727,cust_02421,delivered,2017-01-22 23:29:29,2017-01-30 18:45:10.908859,2017-01-30 09:18:48.563657
order_002728,cust_00537,delivered,2017-11-10 23:52:05,2017-11-19 22:05:44.747281,2017-11-16 23:14:12.576648
order_002729,cust_02634,delivered,2017-09-07 17:52:22,2017-09-16 04:09:31.403024,2017-09-17 03:59:10.510678
order_002730,cust_00327,delivered,2018-06-03 14:20:06,2018-06-11 11:33:29.682841,2018-06-11 10:17:25.240545
order_002731,cust_01554,delivered,2017-10-10 02:50:06,2017-10-18 21:23:51.884445,2017-10-17 22:37:49.960716
order_002732,cust_00439,canceled,2018-05-19 09:16:01,2018-05-28 07:08:54.299240,
order_002733,cust_00195,delivered,2017-04-26 11:24:28,2017-05-04 17:20:50.564102,2017-05-05 21:43:47.238614
order_002734,cust_02861,delivered,2017-08-30 18:43:57,2017-09-09 19:20:08.686622,2017-09-04 18:35:51.008602
order_002735,cust_00146,delivered,2017-03-17 14:07:49,2017-03-26 20:59:30.630105,2017-04-02 07:21:44.481715
order_002736,cust_00253,delivered,2017-11-07 10:32:20,2017-11-16 11:34:00.292470,2017-11-14 17:55:13.679790
order_002737,cust_01191,delivered,2017-04-12 03:31:08,2017-04-21 03:46:27.996570,2017-04-20 06:24:55.080897
order_002738,cust_02319,delivered,2017-09-23 17:10:45,2017-10-02 15:26:55.980528,2017-09-30 17:57:27.382547
order_002739,cust_02746,delivered,2017-07-05 10:22:01,2017-07-14 00:35:09.092842,2017-07-13 21:12:50.807709
order_002740,cust_01566,delivered,2017-04-11 00:52:02,2017-04-20 02:48:17.698371,2017-04-18 20:40:17.919345
order_002741,cust_00619,delivered,2017-02-22 06:48:58,2017-03-02 17:17:47.726632,2017-02-28 13:54:18.434154
order_002742,cust_01722,delivered,2017-10-04 21:06:25,2017-10-12 16:36:44.733994,2017-10-13 13:18:16.486971
order_002743,cust_01432,delivered,2018-05-27 02:51:06,2018-06-04 00:10:59.896698,2018-06-04 04:22:28.315353
order_002744,cust_01456,delivered,2017-04-18 09:44:50,2017-04-27 21:31:11.689636,2017-04-25 23:45:04.811930
order_002745,cust_01892,delivered,2017-08-07 12:17:20,2017-08-17 13:20:20.166753,2017-08-15 18:21:56.170259
order_002746,cust_00443,delivered,2017-05-02 02:00:35,2017-05-11 16:21:42.546606,2017-05-07 02:36:10.871566
order_002747,cust_02398,delivered,2018-03-13 03:58:30,2018-03-23 13:09:41.977006,2018-03-19 01:07:23.585054
order_002748,cust_01622,delivered,2017-08-13 22:33:59,2017-08-24 04:54:42.377914,2017-08-23 15:33:06.315022
order_002749,cust_00177,delivered,2018-06-11 14:10:22,2018-06-22 03:33:02.967656,2018-06-20 01:22:45.839272
order_002750,cust_00048,delivered,2017-05-13 05:02:53,2017-05-21 10:57:25.383377,2017-05-20 04:36:29.038449
order_002751,cust_01014,canceled,2017-02-13 04:04:21,2017-02-22 09:14:17.457179,
order_002752,cust_01824,delivered,2017-11-11 10:13:03,2017-11-19 20:30:23.743518,2017-11-18 07:23:50.704545
order_002753,cust_02984,delivered,2017-12-18 17:21:58,2017-12-24 14:55:18.157376,2017-12-23 01:24:26.276138
order_002754,cust_01809,delivered,2018-06-20 17:31:46,2018-06-27 19:51:52.406122,2018-06-30 23:44:37.861147
order_002755,cust_02936,delivered,2018-04-16 04:41:08,2018-04-25 01:04:25.362658,2018-04-26 10:01:13.957334
order_002756,cust_02949,delivered,2018-04-23 17:24:54,2018-05-02 21:53:07.257185,2018-05-02 02:10:08.432574
order_002757,cust_01257,delivered,2017-12-09 21:30:39,2017-12-19 09:54:18.120169,2017-12-16 09:15:24.737111
order_002758,cust_00207,delivered,2017-07-14 05:25:55,2017-07-24 06:15:17.316902,2017-07-19 19:22:19.168734
order_002759,cust_00311,delivered,2017-08-20 00:37:44,2017-08-29 07:05:11.887566,2017-08-29 00:28:18.579964
order_002760,cust_01742,delivered,2017-03-14 23:00:48,2017-03-24 19:37:19.692987,2017-03-25 00:16:59.344775
order_002761,cust_00456,delivered,2017-08-21 12:31:40,2017-08-30 14:25:31.165783,2017-08-28 12:23:21.784813
order_002762,cust_02779,delivered,2017-07-16 18:38:05,2017-07-25 05:05:52.564883,2017-07-23 18:17:57.607147
order_002763,cust_00338,shipped,2017-01-20 07:40:57,2017-01-29 10:39:06.737353,
order_002764,cust_02389,delivered,2017-04-21 07:10:48,2017-04-30 22:50:20.619216,2017-04-29 19:39:29.678168
order_002765,cust_01648,delivered,2017-10-16 05:24:06,2017-10-23 15:24:41.253492,2017-10-21 23:42:11.031031
order_002766,cust_02378,delivered,2017-07-19 05:12:30,2017-07-26 19:11:11.271347,2017-07-25 17:18:22.336703
order_002767,cust_00739,delivered,2018-06-21 11:19:06,2018-06-29 22:29:33.621381,2018-06-27 23:54:52.087116
order_002768,cust_00437,delivered,2017-09-16 02:32:19,2017-09-24 17:06:12.610276,2017-09-25 08:14:25.241212
order_002769,cust_00085,delivered,2018-06-02 20:12:30,2018-06-11 10:47:43.464589,2018-06-10 05:49:13.378496
order_002770,cust_00900,delivered,2017-12-23 12:16:10,2018-01-01 06:46:14.923951,2018-01-01 01:23:01.483759
order_002771,cust_02355,delivered,2017-01-22 21:57:59,2017-01-31 11:03:06.212239,2017-02-01 07:36:26.379978
order_002772,cust_00799,delivered,2017-04-20 12:03:09,2017-04-29 07:51:39.218728,2017-04-28 08:03:03.858257
order_002773,cust_00105,delivered,2018-01-17 07:16:40,2018-01-27 23:01:32.044540,2018-01-22 08:00:27.909427
order_002774,cust_02072,delivered,2017-10-22 12:21:28,2017-10-30 22:27:54.874450,2017-10-31 00:31:18.564513
order_002775,cust_01164,delivered,2017-06-12 03:42:06,2017-06-21 10:25:10.027384,2017-06-20 12:51:17.942136
order_002776,cust_00840,delivered,2017-10-09 19:46:41,2017-10-18 21:15:57.393217,2017-10-15 01:08:06.295277
order_002777,cust_01305,delivered,2018-05-03 17:17:00,2018-05-13 10:43:12.943863,2018-05-11 19:27:34.657436
order_002778,cust_00814,delivered,2017-07-29 03:31:53,2017-08-04 23:47:30.290263,2017-08-07 04:20:13.127781
order_002779,cust_00562,delivered,2017-01-25 13:58:04,2017-02-03 21:19:43.159814,2017-02-03 06:26:36.827106
order_002780,cust_02428,delivered,2017-06-17 12:54:42,2017-06-26 00:05:15.906156,2017-06-26 09:35:57.661468
order_002781,cust_02702,delivered,2018-05-21 04:49:27,2018-05-29 05:22:52.899865,2018-05-28 07:16:44.025449
order_002782,cust_01388,delivered,2018-02-16 02:55:48,2018-02-25 13:03:13.730284,2018-02-23 07:32:21.233310
order_002783,cust_01185,delivered,2018-03-29 18:14:49,2018-04-06 12:02:18.353659,2018-04-09 03:31:12.769905
order_002784,cust_00203,delivered,2018-05-08 06:20:13,2018-05-17 03:37:50.645787,2018-05-19 08:23:22.200411
order_002785,cust_00078,delivered,2017-03-05 12:27:15,2017-03-15 03:43:05.031155,2017-03-11 11:04:01.328409
order_002786,cust_00274,delivered,2017-06-02 05:56:42,2017-06-11 03:35:44.794651,2017-06-08 10:58:03.903386
order_002787,cust_01098,delivered,2017-02-02 15:40:53,2017-02-11 02:21:30.228590,2017-02-09 23:39:30.718719
order_002788,cust_01196,delivered,2017-01-03 01:10:32,2017-01-13 14:40:20.903464,2017-01-09 14:00:51.621580
order_002789,cust_01780,delivered,2018-03-27 08:37:26,2018-04-03 11:32:55.988095,2018-04-01 02:19:26.805836
order_002790,cust_00450,delivered,2018-05-21 13:07:46,2018-06-01 01:38:55.246447,2018-05-29 19:34:44.958231
order_002791,cust_02072,delivered,2017-03-26 10:32:18,2017-04-04 08:33:05.885884,2017-04-04 18:07:25.858782
order_002792,cust_01837,delivered,2018-01-25 14:41:50,2018-02-03 00:07:38.606512,2018-02-01 02:14:28.776501
order_002793,cust_02066,delivered,2017-10-16 04:19:41,2017-10-23 15:11:47.545301,2017-10-25 08:16:46.698347
order_002794,cust_01892,delivered,2017-02-07 10:36:11,2017-02-17 11:14:19.041146,2017-02-16 04:34:40.220942
order_002795,cust_00950,delivered,2018-05-10 18:09:22,2018-05-20 07:50:03.992386,2018-05-18 13:08:52.402333
order_002796,cust_00990,delivered,2018-04-16 08:00:23,2018-04-25 05:29:48.196023,2018-04-23 02:16:21.706964
order_002797,cust_02385,delivered,2017-11-03 03:46:05,2017-11-12 04:57:40.364543,2017-11-10 20:30:45.266145
order_002798,cust_02221,delivered,2018-01-18 20:20:45,2018-01-27 22:13:32.244330,2018-01-26 18:32:59.722230
order_002799,cust_01683,delivered,2017-08-03 18:40:45,2017-08-11 22:30:09.093415,2017-08-07 01:27:13.677296
order_002800,cust_02624,delivered,2018-03-05 16:19:47,2018-03-15 07:57:51.096870,2018-03-10 16:45:02.821296
order_002801,cust_02223,delivered,2017-08-29 19:09:07,2017-09-07 13:05:59.917473,2017-09-03 15:36:43.308004
order_002802,cust_01620,delivered,2018-06-19 18:41:29,2018-06-29 23:33:09.086560,2018-06-29 02:03:55.178534
order_002803,cust_01712,delivered,2017-02-04 17:55:06,2017-02-15 19:33:02.067161,2017-02-12 12:40:44.162647
order_002804,cust_00103,delivered,2017-04-03 12:13:34,2017-04-13 02:25:09.051348,2017-04-10 13:49:29.453432
order_002805,cust_02099,shipped,2018-06-08 00:27:58,2018-06-18 01:35:01.673592,
order_002806,cust_00535,delivered,2017-06-05 14:19:47,2017-06-14 09:06:52.712099,2017-06-11 23:41:40.097287
order_002807,cust_00187,delivered,2017-06-17 06:33:18,2017-06-27 17:39:30.912667,2017-06-24 04:04:31.703539
order_002808,cust_02985,delivered,2018-03-04 18:33:33,2018-03-13 02:22:37.673557,2018-03-13 17:18:56.214530
order_002809,cust_01683,delivered,2017-04-13 11:14:24,2017-04-22 00:41:11.578572,2017-04-21 07:19:19.549516
order_002810,cust_00985,delivered,2017-10-05 21:43:35,2017-10-13 16:31:30.002830,2017-10-15 11:31:01.335241
order_002811,cust_01075,delivered,2017-06-04 14:17:35,2017-06-12 08:05:24.467518,2017-06-14 11:55:09.890532
order_002812,cust_01037,delivered,2017-04-17 13:12:46,2017-04-26 06:36:03.400079,2017-04-24 12:59:51.861958
order_002813,cust_02462,delivered,2018-06-05 22:03:40,2018-06-14 16:28:57.902804,2018-06-15 08:29:13.612860
order_002814,cust_00955,delivered,2017-04-18 11:24:05,2017-04-26 23:37:15.969632,2017-04-25 14:40:12.045244
order_002815,cust_01690,delivered,2017-02-20 09:00:52,2017-02-28 16:56:55.889527,2017-03-01 10:22:56.060162
order_002816,cust_02657,delivered,2017-12-30 08:54:58,2018-01-08 09:26:57.959791,2018-01-06 17:07:19.454098
order_002817,cust_01364,delivered,2018-04-14 21:00:02,2018-04-24 00:46:07.461882,2018-04-26 19:06:26.460039
order_002818,cust_02286,delivered,2017-03-10 18:09:02,2017-03-20 00:41:39.108274,2017-03-18 16:33:29.102942
order_002819,cust_01268,delivered,2018-01-18 03:55:20,2018-01-27 10:25:51.448131,2018-01-27 03:42:53.045329
order_002820,cust_00833,delivered,2017-10-20 11:49:11,2017-10-30 00:57:54.786228,2017-10-26 11:47:26.282656
order_002821,cust_01718,delivered,2018-03-25 08:54:38,2018-04-03 12:07:23.546757,2018-04-21 11:08:45.137582
order_002822,cust_00265,delivered,2017-03-10 15:31:14,2017-03-20 05:44:26.539067,2017-03-17 16:27:20.010623
order_002823,cust_02729,delivered,2018-06-11 01:15:17,2018-06-18 11:26:54.272272,2018-06-20 09:51:41.096328
order_002824,cust_01607,delivered,2017-12-01 17:08:20,2017-12-08 22:36:34.471506,2017-12-09 23:42:50.069548
order_002825,cust_01709,delivered,2018-03-31 17:49:11,2018-04-09 09:44:55.273952,2018-04-08 02:04:51.797661
order_002826,cust_01309,delivered,2017-07-15 05:26:16,2017-07-24 19:51:13.808785,2017-07-23 01:24:46.688450
order_002827,cust_00273,delivered,2018-05-25 03:36:56,2018-06-03 16:26:52.189012,2018-05-31 06:53:12.166284
order_002828,cust_02764,delivered,2017-12-05 15:03:39,2017-12-13 21:59:59.118618,2017-12-12 18:25:51.063603
order_002829,cust_01713,delivered,2017-03-10 06:10:06,2017-03-20 15:00:26.586185,2017-03-16 22:12:02.692878
order_002830,cust_02786,delivered,2018-05-14 22:35:52,2018-05-24 03:18:04.837061,2018-05-22 10:03:00.356447
order_002831,cust_00430,delivered,2018-03-06 18:36:20,2018-03-15 04:07:49.548652,2018-03-15 07:05:41.104014
order_002832,cust_00978,delivered,2017-06-12 22:55:13,2017-06-23 14:35:50.242343,2017-06-19 12:17:08.915306
order_002833,cust_01510,delivered,2017-10-22 12:49:59,2017-10-31 05:16:49.844715,2017-10-31 22:36:48.806527
order_002834,cust_00705,delivered,2017-07-29 22:31:24,2017-08-07 09:34:47.193814,2017-08-09 12:56:19.937513
order_002835,cust_00679,delivered,2017-10-21 00:20:07,2017-10-30 00:00:23.311734,2017-10-29 16:59:15.850516
order_002836,cust_01773,delivered,2018-06-06 06:57:30,2018-06-15 01:13:18.440720,2018-06-11 22:51:23.596631
order_002837,cust_01097,delivered,2018-05-01 00:03:13,2018-05-10 03:25:34.938605,2018-05-11 01:58:19.973187
order_002838,cust_01879,delivered,2017-04-27 16:15:40,2017-05-08 20:46:40.897936,2017-05-04 14:52:06.492834
order_002839,cust_00702,delivered,2018-06-09 12:15:21,2018-06-20 19:55:21.340703,2018-06-19 11:56:23.395571
order_002840,cust_00834,delivered,2017-08-25 06:54:14,2017-09-02 17:41:47.153850,2017-08-28 03:48:33.097713
order_002841,cust_01163,delivered,2018-01-16 07:19:08,2018-01-23 13:35:31.260353,2018-01-25 10:14:42.772761
order_002842,cust_00211,delivered,2018-02-17 15:27:00,2018-02-26 12:50:16.905085,2018-02-27 07:54:34.486781
order_002843,cust_01564,delivered,2017-09-18 04:19:38,2017-09-26 00:33:43.706660,2017-09-25 05:02:01.276795
order_002844,cust_00356,delivered,2017-09-04 12:20:57,2017-09-12 05:34:53.663897,2017-09-10 02:47:20.116242
order_002845,cust_02187,delivered,2017-09-04 14:43:34,2017-09-13 23:41:34.479428,2017-09-10 16:09:29.032898
order_002846,cust_00811,delivered,2018-04-11 05:45:34,2018-04-18 19:44:03.480136,2018-05-07 06:09:14.416417
order_002847,cust_00651,delivered,2017-07-28 05:28:56,2017-08-06 16:05:14.383433,2017-08-07 09:22:14.811249
order_002848,cust_01412,delivered,2017-06-01 08:30:05,2017-06-12 22:09:09.434300,2017-06-12 12:19:29.194580
order_002849,cust_01504,delivered,2017-07-15 14:12:46,2017-07-26 18:02:26.025828,2017-07-23 00:20:29.711959
order_002850,cust_01277,delivered,2017-04-16 06:06:19,2017-04-25 08:20:53.044955,2017-04-25 11:02:31.012070
order_002851,cust_01099,delivered,2017-07-31 09:06:08,2017-08-08 00:44:04.828851,2017-08-09 15:52:37.375877
order_002852,cust_00040,delivered,2017-03-03 13:02:33,2017-03-12 07:04:31.350107,2017-03-11 23:27:25.010562
order_002853,cust_00385,delivered,2017-02-18 04:28:54,2017-02-27 11:50:18.301878,2017-02-27 07:29:41.385656
order_002854,cust_00077,delivered,2018-01-26 13:39:15,2018-02-03 04:23:07.741396,2018-02-03 21:29:04.959497
order_002855,cust_02228,delivered,2017-02-11 03:18:52,2017-02-21 16:23:55.641437,2017-02-16 15:07:18.035886
order_002856,cust_00140,delivered,2017-11-03 03:25:15,2017-11-12 15:23:40.857914,2017-11-08 10:33:23.381375
order_002857,cust_01544,delivered,2018-02-26 05:41:04,2018-03-07 18:51:05.606963,2018-03-04 17:09:37.757045
order_002858,cust_00298,delivered,2018-01-27 06:52:34,2018-02-06 05:49:25.366975,2018-02-03 05:13:28.324244
order_002859,cust_02147,delivered,2017-08-29 00:42:57,2017-09-07 15:13:02.725054,2017-09-05 21:12:21.819923
order_002860,cust_02894,delivered,2017-04-15 23:04:42,2017-04-24 00:56:16.430208,2017-04-22 12:40:30.589368
order_002861,cust_02784,delivered,2018-05-18 07:23:42,2018-05-28 10:04:15.990434,2018-05-26 21:00:52.988004
order_002862,cust_01794,delivered,2018-03-27 19:18:39,2018-04-06 19:07:06.852152,2018-04-01 22:48:49.587225
order_002863,cust_02707,delivered,2017-11-27 21:38:48,2017-12-05 14:44:54.796541,2017-12-05 06:19:31.207894
order_002864,cust_02400,delivered,2017-02-16 19:12:55,2017-02-26 19:42:54.594704,2017-02-21 02:36:29.978075
order_002865,cust_02385,delivered,2017-01-19 19:57:09,2017-01-29 17:06:52.815199,2017-01-26 06:08:39.474106
order_002866,cust_01668,delivered,2017-06-20 02:24:06,2017-06-29 07:23:13.962940,2017-06-29 14:21:27.393172
order_002867,cust_00202,delivered,2017-03-27 08:55:41,2017-04-04 09:19:38.923037,2017-04-07 06:08:50.688216
order_002868,cust_02719,delivered,2018-04-10 17:54:30,2018-04-20 12:44:13.162641,2018-04-16 14:42:28.897823
order_002869,cust_02743,delivered,2017-04-22 13:49:12,2017-05-02 15:11:26.761829,2017-04-29 14:22:57.972034
order_002870,cust_00673,delivered,2017-06-02 00:08:08,2017-06-10 19:07:53.218399,2017-06-08 19:32:00.642851
order_002871,cust_01954,delivered,2018-06-11 13:36:59,2018-06-19 01:14:30.319743,2018-06-19 10:38:44.179513
order_002872,cust_00016,delivered,2018-03-18 19:18:29,2018-03-28 02:39:46.761333,2018-03-28 00:07:39.647117
order_002873,cust_01743,delivered,2017-04-29 19:53:22,2017-05-09 08:50:02.681296,2017-05-11 06:00:55.290703
order_002874,cust_02456,delivered,2017-07-27 09:12:47,2017-08-05 20:11:27.061892,2017-08-04 01:26:25.287250
order_002875,cust_02251,delivered,2017-10-06 05:40:15,2017-10-13 07:19:44.590202,2017-10-13 03:39:05.164200
order_002876,cust_02886,delivered,2017-12-25 07:25:45,2018-01-02 18:58:40.622081,2018-01-01 15:45:24.814465
order_002877,cust_02460,delivered,2018-05-21 07:06:47,2018-05-29 17:07:01.637629,2018-05-28 13:07:40.009750
order_002878,cust_01112,delivered,2018-04-16 08:19:04,2018-04-25 03:43:23.876675,2018-04-27 15:12:24.572854
order_002879,cust_00141,delivered,2018-06-12 07:14:34,2018-06-20 02:05:21.377020,2018-06-19 12:58:22.694627
order_002880,cust_02816,delivered,2017-01-22 10:58:21,2017-01-31 14:43:17.172010,2017-02-02 11:48:16.368670
order_002881,cust_02273,delivered,2017-05-08 00:58:51,2017-05-17 12:35:30.590645,2017-05-16 18:59:17.848993
order_002882,cust_00064,delivered,2017-11-01 06:36:17,2017-11-10 05:21:40.609046,2017-11-08 17:45:34.599241
order_002883,cust_01408,delivered,2017-01-27 07:33:09,2017-02-04 21:42:25.042825,2017-02-03 20:29:33.731606
order_002884,cust_00904,delivered,2017-07-11 03:40:48,2017-07-20 10:20:50.761576,2017-07-20 09:21:09.905398
order_002885,cust_01622,delivered,2017-03-24 21:04:11,2017-04-02 04:53:50.704100,2017-03-31 05:38:31.375022
order_002886,cust_01560,delivered,2018-05-19 16:12:41,2018-05-27 17:19:23.251064,2018-06-03 00:10:29.320887
order_002887,cust_01094,delivered,2017-02-04 21:53:15,2017-02-14 12:53:59.228261,2017-02-14 01:20:53.943974
order_002888,cust_00718,delivered,2017-03-22 13:28:40,2017-03-31 03:00:17.189974,2017-03-30 23:25:11.771761
order_002889,cust_01467,delivered,2017-04-16 02:37:52,2017-04-25 08:29:18.450695,2017-05-01 10:41:29.928405
order_002890,cust_00375,delivered,2017-03-22 21:42:38,2017-04-01 00:03:49.546440,2017-03-26 19:02:37.134720
order_002891,cust_02546,delivered,2017-11-04 10:59:36,2017-11-13 10:38:48.774671,2017-11-13 02:52:50.431404
order_002892,cust_01413,delivered,2017-07-16 16:25:34,2017-07-26 14:21:37.087937,2017-07-24 18:13:47.555042
order_002893,cust_02125,delivered,2018-05-08 09:09:08,2018-05-17 04:32:37.376430,2018-05-16 04:54:09.045405
order_002894,cust_02619,delivered,2017-05-21 11:51:46,2017-05-29 16:01:44.200899,2017-05-30 09:36:05.560341
order_002895,cust_01961,delivered,2017-10-18 11:44:40,2017-10-27 21:40:19.267191,2017-10-22 08:40:15.977860
order_002896,cust_00860,delivered,2017-12-23 06:49:58,2017-12-30 20:54:31.431402,2018-01-03 08:01:53.281051
order_002897,cust_00219,delivered,2017-12-05 13:18:47,2017-12-14 21:57:33.614365,2017-12-11 06:38:01.438463
order_002898,cust_01513,delivered,2018-03-07 17:36:34,2018-03-15 09:01:20.106634,2018-03-16 20:32:44.106072
order_002899,cust_01677,delivered,2017-04-20 00:29:10,2017-04-27 09:48:51.084545,2017-04-29 15:36:17.859560
order_002900,cust_01964,delivered,2017-10-02 03:08:30,2017-10-10 14:31:50.481894,2017-10-08 20:20:30.114098
order_002901,cust_02264,delivered,2018-03-09 20:12:49,2018-03-18 13:24:42.395460,2018-03-15 23:30:35.049872
order_002902,cust_01773,delivered,2018-04-12 13:40:16,2018-04-21 19:14:36.290123,2018-04-18 15:20:50.057932
order_002903,cust_02578,delivered,2017-11-30 23:22:04,2017-12-09 19:27:40.111289,2017-12-12 17:28:53.467502
order_002904,cust_00778,delivered,2017-12-19 14:30:43,2017-12-29 09:31:14.464403,2017-12-25 03:18:47.672674
order_002905,cust_01906,canceled,2018-04-12 15:40:54,2018-04-21 21:16:56.997270,
order_002906,cust_00725,delivered,2017-12-04 21:34:34,2017-12-13 18:43:34.870586,2017-12-12 03:51:16.455632
order_002907,cust_00276,delivered,2018-05-28 15:51:03,2018-06-08 04:15:14.462634,2018-06-03 05:22:34.531848
order_002908,cust_00171,delivered,2017-03-10 07:54:39,2017-03-20 14:55:29.044305,2017-03-16 12:48:19.303830
order_002909,cust_01421,delivered,2017-07-07 12:40:17,2017-07-17 14:22:00.741342,2017-07-17 05:18:32.162242
order_002910,cust_01426,delivered,2017-03-02 05:39:16,2017-03-11 13:10:45.970414,2017-03-09 19:16:02.377931
order_002911,cust_02490,delivered,2017-02-18 08:01:21,2017-02-27 10:16:13.564324,2017-02-27 05:04:07.812142
order_002912,cust_00201,delivered,2017-09-12 16:19:36,2017-09-21 09:02:48.021602,2017-09-17 02:56:29.577690
order_002913,cust_02960,delivered,2017-05-03 03:34:31,2017-05-12 15:39:00.722354,2017-05-10 12:53:13.043338
order_002914,cust_02038,delivered,2017-08-08 16:07:38,2017-08-16 03:58:33.575550,2017-08-15 09:41:42.050778
order_002915,cust_01566,delivered,2017-08-25 14:01:03,2017-09-03 06:16:42.462491,2017-09-03 01:34:36.934041
order_002916,cust_00245,delivered,2017-12-02 07:24:04,2017-12-11 10:29:36.751504,2017-12-11 00:04:33.519440
order_002917,cust_01054,delivered,2018-05-26 01:04:42,2018-06-03 19:05:52.151213,2018-06-05 23:00:49.411475
order_002918,cust_02338,delivered,2018-04-04 16:54:39,2018-04-13 01:52:26.399005,2018-04-15 15:35:19.549541
order_002919,cust_00699,delivered,2017-07-24 19:47:17,2017-08-02 19:49:04.883581,2017-07-30 04:50:29.304559
order_002920,cust_00323,delivered,2017-06-25 17:31:18,2017-07-03 08:23:44.379696,2017-07-02 16:25:03.198396
order_002921,cust_00587,delivered,2018-02-21 10:06:06,2018-03-01 06:03:23.932347,2018-02-26 18:21:56.726007
order_002922,cust_00329,delivered,2017-03-08 15:41:05,2017-03-18 22:08:26.704423,2017-03-17 07:31:12.132053
order_002923,cust_01381,delivered,2017-10-19 09:57:14,2017-10-29 08:43:30.614969,2017-10-23 01:23:23.412272
order_002924,cust_01374,delivered,2017-08-17 08:35:53,2017-08-26 10:47:30.292269,2017-08-24 18:22:16.441030
order_002925,cust_00412,delivered,2017-04-09 07:51:07,2017-04-16 22:00:15.733412,2017-04-19 11:26:47.229930
order_002926,cust_02148,delivered,2017-11-29 05:03:37,2017-12-07 07:08:34.820043,2017-12-06 08:52:17.094278
order_002927,cust_01836,delivered,2017-06-23 23:15:52,2017-07-03 18:51:22.886759,2017-07-04 05:06:10.434464
order_002928,cust_00159,delivered,2017-04-11 15:59:20,2017-04-22 07:54:32.630747,2017-04-19 04:13:54.203014
order_002929,cust_02964,delivered,2017-12-19 04:11:52,2017-12-29 10:36:57.320844,2017-12-27 08:56:04.410808
order_002930,cust_01051,delivered,2017-04-05 20:45:39,2017-04-14 05:50:47.623042,2017-04-17 13:35:27.008330
order_002931,cust_02861,delivered,2017-12-30 03:37:52,2018-01-08 13:34:18.142475,2018-01-05 01:32:35.295546
order_002932,cust_02891,delivered,2017-03-29 14:14:53,2017-04-08 08:20:44.483770,2017-04-03 12:21:03.230018
order_002933,cust_01899,delivered,2017-08-23 03:58:21,2017-09-03 05:23:50.359563,2017-09-01 20:41:38.532412
order_002934,cust_02239,delivered,2018-03-13 08:40:10,2018-03-22 15:46:37.797470,2018-03-21 11:47:36.028119
order_002935,cust_00696,delivered,2017-05-04 15:48:16,2017-05-13 16:13:22.827662,2017-05-12 18:04:10.894475
order_002936,cust_01048,delivered,2018-02-19 23:58:44,2018-03-03 01:45:05.341790,2018-02-24 21:24:01.819713
order_002937,cust_02782,delivered,2018-01-25 23:48:19,2018-02-03 23:25:44.481435,2018-02-02 13:55:06.612916
order_002938,cust_00569,delivered,2018-05-03 21:29:36,2018-05-13 04:17:34.799531,2018-05-12 23:05:09.319496
order_002939,cust_01266,delivered,2017-04-02 05:39:05,2017-04-11 05:53:57.435655,2017-04-08 23:25:32.288606
order_002940,cust_00851,delivered,2018-01-22 02:14:38,2018-01-30 11:17:02.711535,2018-01-31 02:28:04.567851
order_002941,cust_00665,delivered,2018-05-21 21:44:05,2018-05-30 09:37:09.627120,2018-05-29 06:05:10.154950
order_002942,cust_00647,delivered,2018-02-17 22:09:20,2018-02-27 16:40:22.614508,2018-02-28 11:32:28.513515
order_002943,cust_00187,delivered,2017-04-12 06:41:12,2017-04-22 01:55:26.626256,2017-04-18 14:05:45.067587
order_002944,cust_00884,delivered,2018-03-20 00:27:36,2018-03-29 03:06:44.160575,2018-03-27 06:03:19.584323
order_002945,cust_02385,shipped,2017-02-27 15:32:58,2017-03-08 21:54:48.195133,
order_002946,cust_00802,delivered,2017-11-14 01:49:34,2017-11-22 17:56:30.950777,2017-11-22 11:27:02.400600
order_002947,cust_01834,delivered,2017-09-26 00:58:19,2017-10-04 14:26:13.387765,2017-10-01 06:32:01.602247
order_002948,cust_00063,delivered,2017-10-14 22:29:29,2017-10-23 03:37:36.896095,2017-10-24 22:21:55.408454
order_002949,cust_02493,delivered,2017-10-08 11:53:44,2017-10-16 21:25:22.507914,2017-10-19 03:22:04.764713
order_002950,cust_00385,delivered,2017-01-17 02:41:21,2017-01-24 03:52:07.791637,2017-01-23 07:35:00.018304
order_002951,cust_00226,delivered,2017-10-02 15:42:34,2017-10-10 23:16:27.270691,2017-10-07 03:36:14.723660
order_002952,cust_02408,delivered,2018-05-21 08:51:38,2018-05-30 09:23:35.217883,2018-05-26 01:13:06.382030
order_002953,cust_00240,delivered,2017-08-24 12:52:18,2017-09-01 10:17:53.391880,2017-09-03 12:44:44.642429
order_002954,cust_00922,delivered,2017-05-30 21:34:22,2017-06-08 09:53:51.028230,2017-06-07 22:55:06.051699
order_002955,cust_01680,delivered,2018-06-22 05:42:28,2018-07-01 10:58:26.684201,2018-06-27 02:36:57.215943
order_002956,cust_00347,delivered,2017-02-23 15:30:57,2017-03-03 22:40:42.144896,2017-03-02 11:51:03.431970
order_002957,cust_02277,delivered,2017-09-20 19:53:02,2017-09-30 16:20:20.747737,2017-09-29 18:28:54.609257
order_002958,cust_01452,delivered,2017-10-04 10:10:14,2017-10-12 05:15:20.458270,2017-10-13 02:45:16.782889
order_002959,cust_01613,delivered,2017-09-16 23:16:59,2017-09-25 16:27:47.970500,2017-09-26 23:36:21.997030
order_002960,cust_00375,delivered,2018-05-13 10:45:33,2018-05-22 17:28:25.995166,2018-05-19 11:31:46.859857
order_002961,cust_00100,delivered,2017-08-16 11:01:14,2017-08-25 03:10:16.313317,2017-08-24 15:31:44.252405
order_002962,cust_01156,delivered,2018-06-10 21:13:14,2018-06-20 19:06:41.437300,2018-06-21 11:19:14.049975
order_002963,cust_01643,delivered,2017-02-06 15:15:43,2017-02-15 22:56:31.738873,2017-02-14 10:20:26.653375
order_002964,cust_02821,delivered,2018-02-01 20:50:56,2018-02-10 19:32:47.187649,2018-02-07 00:54:45.176531
order_002965,cust_02612,delivered,2017-11-17 18:58:11,2017-11-26 02:45:28.020470,2017-11-25 02:57:37.280122
order_002966,cust_00502,delivered,2017-05-10 17:05:48,2017-05-18 16:25:20.503090,2017-05-19 07:02:24.947424
order_002967,cust_02778,delivered,2017-05-04 05:47:44,2017-05-12 11:29:43.968769,2017-05-12 00:01:38.896684
order_002968,cust_02675,delivered,2018-01-24 09:34:20,2018-02-01 16:59:34.443687,2018-02-01 20:25:22.458455
order_002969,cust_01881,delivered,2017-12-11 20:44:48,2017-12-20 03:35:33.794373,2017-12-21 17:11:08.021322
order_002970,cust_00973,delivered,2017-11-27 14:47:05,2017-12-06 16:02:07.103364,2017-12-04 14:28:15.707153
order_002971,cust_01147,delivered,2017-01-28 06:43:29,2017-02-06 21:45:42.227207,2017-02-06 16:01:58.625693
order_002972,cust_02163,delivered,2017-11-19 07:51:23,2017-11-27 12:12:12.124855,2017-11-27 16:01:17.330291
order_002973,cust_01274,delivered,2018-06-14 18:37:11,2018-06-23 08:23:52.053491,2018-06-22 22:16:04.771277
order_002974,cust_00166,delivered,2017-01-10 04:16:35,2017-01-21 00:29:20.668560,2017-01-22 01:21:46.299718
order_002975,cust_00479,delivered,2017-09-11 02:41:25,2017-09-19 12:43:24.360648,2017-09-15 21:57:33.771917
order_002976,cust_01731,delivered,2017-09-24 18:21:45,2017-10-06 12:11:38.260586,2017-10-03 04:38:42.728341
order_002977,cust_01435,delivered,2018-04-30 06:55:16,2018-05-09 02:18:40.092382,2018-05-04 18:40:09.411781
order_002978,cust_00712,delivered,2017-06-02 18:22:11,2017-06-11 11:49:12.618341,2017-06-15 19:24:37.270547
order_002979,cust_00798,delivered,2017-09-14 12:48:24,2017-09-23 14:42:49.292640,2017-09-19 05:32:23.431260
order_002980,cust_00700,delivered,2018-01-23 23:56:51,2018-02-01 16:44:48.821624,2018-01-29 04:35:22.918565
order_002981,cust_00439,delivered,2017-02-02 12:35:53,2017-02-12 05:22:41.468225,2017-02-13 14:47:51.718915
order_002982,cust_01811,delivered,2018-03-09 20:49:10,2018-03-18 10:44:06.922789,2018-03-17 01:26:23.506617
order_002983,cust_00269,delivered,2018-03-20 20:24:37,2018-03-30 14:06:44.051088,2018-03-28 12:14:49.196396
order_002984,cust_00678,delivered,2018-01-24 05:05:15,2018-02-01 16:48:45.651012,2018-01-31 20:09:05.786124
order_002985,cust_02851,delivered,2017-12-17 23:54:25,2017-12-26 05:47:15.601916,2017-12-25 18:48:51.832653
order_002986,cust_01831,delivered,2018-02-08 17:53:57,2018-02-18 17:34:09.050050,2018-02-14 05:33:15.733248
order_002987,cust_02702,delivered,2018-02-27 02:34:23,2018-03-08 06:59:15.523429,2018-03-07 16:02:34.759788
order_002988,cust_01126,delivered,2018-05-03 00:08:41,2018-05-11 10:32:45.802902,2018-05-09 19:54:39.298901
order_002989,cust_02411,delivered,2017-08-20 06:30:47,2017-08-30 06:19:49.019862,2017-08-28 08:54:27.581482
order_002990,cust_02646,delivered,2017-09-04 00:23:23,2017-09-12 07:57:13.446954,2017-09-08 18:33:49.097132
order_002991,cust_02893,delivered,2017-12-11 08:34:56,2017-12-19 19:23:23.050651,2017-12-19 01:05:01.212037
order_002992,cust_00103,delivered,2017-04-15 23:54:45,2017-04-25 11:58:05.480001,2017-04-25 04:36:48.232432
order_002993,cust_02249,delivered,2018-04-08 11:29:38,2018-04-16 16:30:42.366110,2018-04-15 15:43:54.027104
order_002994,cust_00298,delivered,2018-02-21 00:34:25,2018-03-01 07:08:38.655462,2018-02-27 17:49:38.061135
order_002995,cust_01552,delivered,2017-12-07 11:51:13,2017-12-15 02:41:00.703831,2017-12-13 11:42:23.807721
order_002996,cust_01698,delivered,2017-06-12 05:15:30,2017-06-21 01:42:21.002501,2017-06-22 00:41:28.978510
order_002997,cust_02733,delivered,2017-07-07 20:32:55,2017-07-17 06:59:39.112307,2017-07-26 20:14:17.833577
order_002998,cust_00837,delivered,2017-08-23 02:10:24,2017-09-01 10:32:37.210774,2017-09-02 04:03:25.988231
order_002999,cust_00930,delivered,2017-12-24 18:29:36,2018-01-02 06:07:28.543314,2018-01-03 05:18:14.305216
order_003000,cust_01746,delivered,2018-02-25 10:42:11,2018-03-05 05:19:31.699228,2018-03-03 05:22:46.707869
order_003001,cust_01512,delivered,2017-12-29 00:27:08,2018-01-07 14:26:21.580786,2018-01-08 07:27:03.772195
order_003002,cust_00920,delivered,2018-05-18 16:09:18,2018-05-26 01:40:27.394562,2018-05-27 01:03:50.410762
order_003003,cust_02473,delivered,2018-06-03 10:55:13,2018-06-12 18:43:02.296852,2018-06-10 04:08:15.954319
order_003004,cust_01353,delivered,2018-01-16 18:31:02,2018-01-25 05:02:32.515705,2018-01-26 08:05:09.000296
order_003005,cust_01870,delivered,2017-07-20 14:50:01,2017-07-28 13:54:46.552909,2017-07-27 20:10:23.216391
order_003006,cust_02787,delivered,2017-11-20 18:53:38,2017-11-29 06:22:48.951315,2017-11-26 11:46:14.223163
order_003007,cust_02720,delivered,2017-08-18 11:02:58,2017-08-27 16:48:37.575889,2017-08-26 10:21:55.354727
order_003008,cust_00564,canceled,2017-12-06 00:11:25,2017-12-15 17:37:30.884076,
order_003009,cust_02981,delivered,2018-03-15 03:08:07,2018-03-23 11:18:03.511022,2018-03-22 16:23:11.755962
order_003010,cust_01195,delivered,2017-07-19 11:00:49,2017-07-30 07:46:57.879224,2017-07-24 14:53:01.346293
order_003011,cust_00033,delivered,2017-10-01 09:32:21,2017-10-10 10:15:17.046550,2017-10-11 12:30:49.124762
order_003012,cust_01128,delivered,2017-01-25 19:03:52,2017-02-03 22:18:35.087923,2017-01-30 02:00:19.128570
order_003013,cust_01104,delivered,2018-02-02 09:52:47,2018-02-11 13:42:39.163127,2018-02-15 15:00:20.755380
order_003014,cust_01319,delivered,2017-09-22 20:38:40,2017-10-01 09:03:50.884569,2017-09-29 13:25:06.584628
order_003015,cust_02242,delivered,2017-09-06 04:30:18,2017-09-13 11:53:15.001078,2017-09-18 07:35:25.650030
order_003016,cust_02205,delivered,2017-10-15 09:14:13,2017-10-23 21:49:03.405971,2017-10-24 21:01:59.777204
order_003017,cust_02233,delivered,2017-04-27 18:09:04,2017-05-05 11:32:42.791619,2017-05-06 07:31:37.176882
order_003018,cust_01722,delivered,2017-11-19 02:58:41,2017-11-29 09:11:24.158471,2017-11-27 04:03:36.777410
order_003019,cust_02634,delivered,2018-02-07 07:42:49,2018-02-16 19:55:44.861635,2018-02-13 08:23:33.553922
order_003020,cust_01815,delivered,2017-07-08 18:02:40,2017-07-16 14:52:59.141522,2017-07-16 08:38:59.007842
order_003021,cust_01914,delivered,2017-03-12 14:08:08,2017-03-21 13:42:57.326975,2017-03-18 14:41:04.543120
order_003022,cust_01660,delivered,2017-07-28 18:40:25,2017-08-06 16:10:47.361396,2017-08-09 12:55:42.159370
order_003023,cust_00705,delivered,2017-04-18 12:22:39,2017-04-27 21:10:49.996835,2017-04-25 17:54:39.876667
order_003024,cust_02249,delivered,2017-07-21 20:37:14,2017-07-31 18:52:14.344362,2017-07-28 11:24:34.975488
order_003025,cust_01747,delivered,2017-12-05 21:03:29,2017-12-14 03:43:20.143262,2017-12-14 01:35:41.641762
order_003026,cust_02903,delivered,2017-03-03 23:23:21,2017-03-11 19:09:54.040553,2017-03-08 21:23:10.993582
order_003027,cust_02406,delivered,2018-02-08 02:55:42,2018-02-16 13:39:27.340057,2018-02-17 12:20:56.085707
order_003028,cust_00975,delivered,2017-05-02 14:11:18,2017-05-13 17:22:27.744616,2017-05-09 07:24:58.167285
order_003029,cust_01488,delivered,2018-04-29 02:44:32,2018-05-10 15:17:28.449213,2018-05-08 17:57:04.255063
order_003030,cust_01024,delivered,2018-01-31 05:29:36,2018-02-10 07:15:50.486537,2018-02-07 19:01:27.483979
order_003031,cust_00833,delivered,2017-05-28 07:12:27,2017-06-05 14:29:26.684551,2017-06-05 00:00:54.558313
order_003032,cust_00187,delivered,2017-11-01 15:30:26,2017-11-13 19:12:40.453160,2017-11-07 15:10:24.640675
order_003033,cust_00081,delivered,2017-03-01 10:20:56,2017-03-09 04:37:06.079297,2017-03-09 08:29:44.205731
order_003034,cust_02967,delivered,2017-02-23 20:45:13,2017-03-05 01:50:26.430231,2017-03-03 13:08:29.142692
order_003035,cust_02500,delivered,2018-06-01 07:09:54,2018-06-11 00:08:03.387838,2018-06-09 06:05:34.141704
order_003036,cust_00319,delivered,2018-03-10 14:48:48,2018-03-20 07:04:38.924258,2018-03-18 18:41:28.038024
order_003037,cust_00758,delivered,2017-03-25 18:18:59,2017-04-02 12:02:51.138225,2017-04-02 22:12:50.090014
order_003038,cust_01546,delivered,2017-06-02 23:31:38,2017-06-11 23:15:23.930470,2017-06-09 09:50:49.742179
order_003039,cust_00296,delivered,2017-04-17 05:53:10,2017-04-26 16:44:10.891699,2017-05-10 23:35:08.009643
order_003040,cust_02876,delivered,2017-08-02 17:36:23,2017-08-10 02:27:05.900976,2017-08-12 05:14:54.433543
order_003041,cust_01409,delivered,2017-06-07 02:02:04,2017-06-16 08:35:46.594160,2017-06-12 01:34:41.819766
order_003042,cust_01929,delivered,2017-06-27 13:02:32,2017-07-05 07:59:43.464486,2017-07-02 04:01:31.520718
order_003043,cust_02086,delivered,2017-10-13 09:55:52,2017-10-20 06:38:29.633759,2017-10-19 10:37:27.485816
order_003044,cust_02637,delivered,2017-04-13 23:00:18,2017-04-22 08:08:31.290200,2017-04-20 02:53:17.819463
order_003045,cust_00756,delivered,2018-04-22 18:33:39,2018-05-01 01:16:57.665813,2018-05-06 05:39:16.991172
order_003046,cust_00528,delivered,2018-01-28 22:15:14,2018-02-08 08:22:22.534323,2018-02-04 22:07:28.393841
order_003047,cust_02296,delivered,2018-02-15 20:24:48,2018-02-23 03:29:53.816561,2018-02-24 18:55:13.121766
order_003048,cust_00202,delivered,2017-04-02 09:51:21,2017-04-11 09:38:11.192210,2017-04-11 20:07:46.906829
order_003049,cust_00413,delivered,2018-01-18 17:36:00,2018-01-28 07:13:12.911620,2018-01-26 03:48:19.289824
order_003050,cust_00939,delivered,2018-03-28 00:43:52,2018-04-05 05:57:23.433006,2018-04-09 06:01:30.867408
order_003051,cust_01391,delivered,2017-04-05 13:23:21,2017-04-15 19:07:33.761601,2017-04-10 13:49:19.628465
order_003052,cust_02523,delivered,2018-02-10 01:08:06,2018-02-21 04:29:41.399592,2018-02-18 14:54:06.321641
order_003053,cust_00918,delivered,2017-07-13 17:22:50,2017-07-22 16:48:56.144850,2017-07-27 23:37:16.946561
order_003054,cust_00556,delivered,2018-03-02 23:12:04,2018-03-13 07:54:42.539858,2018-03-10 15:47:11.849192
order_003055,cust_01917,delivered,2017-09-16 16:21:12,2017-09-25 23:23:47.708270,2017-09-25 19:59:33.696711
order_003056,cust_02690,delivered,2018-03-10 20:09:30,2018-03-18 16:26:00.126915,2018-03-18 05:18:14.834791
order_003057,cust_01206,delivered,2017-03-21 05:37:29,2017-03-30 19:16:24.404535,2017-03-28 10:24:34.704813
order_003058,cust_00262,delivered,2017-07-30 23:51:13,2017-08-08 13:23:19.185625,2017-08-07 08:51:35.523565
order_003059,cust_01482,delivered,2017-05-28 13:13:05,2017-06-07 15:56:23.856946,2017-06-05 01:17:43.350367
order_003060,cust_00948,delivered,2017-05-15 16:11:12,2017-05-24 04:03:50.859508,2017-05-19 00:03:53.371220
order_003061,cust_02148,delivered,2017-06-16 18:29:40,2017-06-25 17:28:26.566556,2017-06-21 14:12:43.173261
order_003062,cust_01152,delivered,2017-07-26 15:21:00,2017-08-06 00:58:36.378813,2017-08-01 21:57:33.600310
order_003063,cust_00225,delivered,2017-03-10 07:36:39,2017-03-20 04:50:07.730363,2017-03-16 05:53:40.781979
order_003064,cust_00664,delivered,2018-01-17 14:40:27,2018-01-29 11:59:02.639602,2018-01-30 01:28:14.682581
order_003065,cust_00153,delivered,2017-10-25 15:41:43,2017-11-03 00:14:54.938679,2017-10-30 17:13:30.688837
order_003066,cust_00707,delivered,2018-03-24 20:34:34,2018-04-03 18:59:46.139466,2018-04-02 00:14:48.544380
order_003067,cust_01499,delivered,2018-01-16 11:33:19,2018-01-26 07:11:58.249198,2018-02-08 16:43:30.262287
order_003068,cust_01834,delivered,2017-03-22 12:02:35,2017-03-31 02:18:44.743195,2017-03-30 17:12:39.042289
order_003069,cust_01264,delivered,2017-02-07 12:04:32,2017-02-16 01:33:48.571497,2017-02-13 20:37:53.815126
order_003070,cust_00648,delivered,2017-08-17 02:44:45,2017-08-27 00:14:28.695014,2017-08-24 03:38:16.121894
order_003071,cust_00865,delivered,2017-09-17 02:09:40,2017-09-26 07:22:17.967523,2017-09-24 08:16:36.699419
order_003072,cust_01519,delivered,2017-05-10 00:29:25,2017-05-18 18:53:55.239516,2017-05-16 15:37:18.707593
order_003073,cust_02180,delivered,2018-02-27 15:59:21,2018-03-07 13:24:03.469591,2018-03-13 02:56:03.999697
order_003074,cust_02636,delivered,2017-11-11 10:03:09,2017-11-21 08:46:45.747861,2017-11-19 06:11:28.781149
order_003075,cust_00269,delivered,2018-02-08 20:46:35,2018-02-16 15:34:27.173015,2018-02-16 09:55:21.998656
order_003076,cust_01422,delivered,2017-02-28 16:51:13,2017-03-10 02:40:36.426383,2017-03-09 16:39:27.424726
order_003077,cust_00307,delivered,2018-03-17 03:23:39,2018-03-27 16:22:14.906509,2018-03-26 14:56:25.998456
order_003078,cust_01702,delivered,2017-04-22 02:24:06,2017-04-29 19:15:27.460251,2017-04-29 21:56:01.975889
order_003079,cust_01251,delivered,2017-08-31 08:47:11,2017-09-10 08:47:54.556313,2017-09-06 07:22:33.520210
order_003080,cust_00467,delivered,2017-08-26 22:06:09,2017-09-05 22:55:59.565077,2017-09-03 00:52:29.709921
order_003081,cust_02162,delivered,2018-03-20 01:10:04,2018-03-29 08:42:30.537772,2018-03-23 04:03:52.077092
order_003082,cust_00706,delivered,2017-05-30 04:29:51,2017-06-08 00:00:46.338672,2017-06-06 08:50:24.175011
order_003083,cust_00443,delivered,2017-05-11 00:42:40,2017-05-18 08:26:08.218312,2017-05-18 14:04:38.118035
order_003084,cust_01997,delivered,2017-07-03 09:55:40,2017-07-11 19:12:56.539123,2017-07-12 04:36:49.066000
order_003085,cust_00820,delivered,2017-07-14 23:45:06,2017-07-25 04:20:28.425182,2017-07-26 03:22:58.036211
order_003086,cust_01643,delivered,2017-04-09 16:24:32,2017-04-17 15:48:45.471421,2017-04-17 16:49:17.244664
order_003087,cust_00855,delivered,2017-04-06 11:50:35,2017-04-16 00:05:32.731015,2017-04-11 18:29:18.963215
order_003088,cust_01599,delivered,2017-05-05 03:27:55,2017-05-12 23:43:15.796573,2017-05-12 12:50:50.528711
order_003089,cust_02021,delivered,2017-09-10 08:31:56,2017-09-19 15:11:24.099370,2017-09-22 03:28:23.280484
order_003090,cust_01148,delivered,2017-07-05 12:35:20,2017-07-14 10:05:11.100087,2017-07-13 13:14:11.585779
order_003091,cust_02818,delivered,2017-07-31 06:35:49,2017-08-08 04:14:27.595944,2017-08-06 07:07:34.202220
order_003092,cust_01211,delivered,2018-01-24 16:55:17,2018-02-02 06:39:25.733743,2018-01-31 22:28:43.248335
order_003093,cust_02382,shipped,2017-05-11 23:31:13,2017-05-21 17:28:27.609154,
order_003094,cust_02641,delivered,2018-05-07 04:56:33,2018-05-16 05:23:32.057836,2018-05-14 08:48:16.394731
order_003095,cust_01394,delivered,2018-02-10 06:03:14,2018-02-19 20:15:40.478462,2018-02-18 17:19:39.279605
order_003096,cust_00412,delivered,2017-04-05 03:01:46,2017-04-14 10:48:59.547604,2017-04-14 10:54:22.999562
order_003097,cust_01794,delivered,2017-06-19 17:25:01,2017-06-28 18:51:31.869057,2017-06-25 09:21:08.119717
order_003098,cust_00042,delivered,2017-04-10 11:04:52,2017-04-17 18:00:21.400708,2017-04-17 02:27:14.843640
order_003099,cust_02906,delivered,2017-05-28 06:48:36,2017-06-05 23:42:15.318709,2017-06-04 14:32:39.942423
order_003100,cust_01931,delivered,2017-07-17 05:15:37,2017-07-24 18:27:04.555963,2017-07-23 18:11:33.202117
order_003101,cust_02206,delivered,2017-03-12 01:41:30,2017-03-20 23:22:59.457827,2017-03-20 17:19:46.287925
order_003102,cust_01011,delivered,2017-01-08 11:25:39,2017-01-18 20:45:16.528338,2017-01-17 06:54:15.067314
order_003103,cust_01290,delivered,2017-08-25 16:23:55,2017-09-04 02:46:30.335242,2017-08-31 06:48:34.762537
order_003104,cust_02388,delivered,2018-01-14 05:38:26,2018-01-24 00:52:35.504571,2018-01-24 04:36:02.003472
order_003105,cust_02781,delivered,2017-06-13 00:02:20,2017-06-21 04:41:39.515852,2017-06-24 08:17:13.688855
order_003106,cust_02363,delivered,2018-04-10 11:21:35,2018-04-20 00:33:22.663730,2018-04-18 00:44:55.466155
order_003107,cust_02421,delivered,2017-07-19 16:13:04,2017-07-28 23:48:08.724482,2017-07-26 01:05:45.064703
order_003108,cust_02756,delivered,2018-05-02 08:16:47,2018-05-10 20:36:16.626033,2018-05-11 16:03:18.778922
order_003109,cust_02640,delivered,2017-05-08 06:00:32,2017-05-15 16:02:24.032699,2017-05-12 17:26:27.097942
order_003110,cust_00475,delivered,2017-10-19 03:42:10,2017-10-30 00:34:34.616982,2017-10-26 11:14:44.304166
order_003111,cust_01412,delivered,2018-02-17 17:54:23,2018-02-27 03:58:40.219324,2018-02-24 23:32:04.833418
order_003112,cust_01480,delivered,2017-02-01 20:40:39,2017-02-11 09:43:49.592749,2017-02-07 11:53:33.250510
order_003113,cust_01199,delivered,2018-05-18 18:28:26,2018-05-28 04:34:27.398094,2018-05-25 17:27:07.057032
order_003114,cust_00152,delivered,2017-07-17 12:26:11,2017-07-27 12:00:05.667943,2017-07-24 10:22:26.404376
order_003115,cust_01768,delivered,2017-09-26 17:22:42,2017-10-06 00:09:54.641467,2017-10-03 15:32:19.377603
order_003116,cust_02669,delivered,2017-12-06 09:31:33,2017-12-15 03:16:51.843219,2017-12-16 12:52:43.941574
order_003117,cust_01030,delivered,2017-12-14 00:35:15,2017-12-24 04:44:44.811353,2017-12-21 04:03:45.257852
order_003118,cust_01095,delivered,2017-01-13 08:49:18,2017-01-22 17:46:58.921598,2017-01-21 05:03:05.013909
order_003119,cust_01559,delivered,2018-04-14 16:53:22,2018-04-22 22:50:31.379567,2018-04-27 15:46:06.628333
order_003120,cust_01119,delivered,2017-12-03 15:32:10,2017-12-10 15:35:52.644111,2017-12-14 14:12:42.777075
order_003121,cust_01459,delivered,2018-06-24 23:45:48,2018-07-02 20:50:06.541327,2018-07-06 01:44:09.072978
order_003122,cust_00612,delivered,2017-09-12 23:56:23,2017-09-22 05:36:56.152814,2017-09-19 16:11:42.075695
order_003123,cust_01001,delivered,2017-11-28 05:49:22,2017-12-08 09:23:26.285957,2017-12-05 14:02:12.768942
order_003124,cust_01701,delivered,2017-08-27 00:13:46,2017-09-04 13:12:46.906638,2017-09-06 03:39:55.978450
order_003125,cust_02348,delivered,2018-04-26 06:34:54,2018-05-07 11:13:01.691248,2018-05-05 18:05:11.310291
order_003126,cust_02007,delivered,2018-03-26 21:01:38,2018-04-05 07:50:17.894612,2018-04-04 08:28:14.535626
order_003127,cust_01774,delivered,2018-05-06 19:31:28,2018-05-15 16:23:17.095129,2018-05-15 16:09:32.562918
order_003128,cust_00215,delivered,2017-09-30 02:22:12,2017-10-11 12:19:37.041431,2017-10-10 14:46:06.078048
order_003129,cust_02132,delivered,2018-03-04 03:50:58,2018-03-11 19:19:14.611196,2018-03-13 11:21:43.787174
order_003130,cust_02840,delivered,2017-07-13 13:31:28,2017-07-22 09:35:31.977543,2017-07-20 03:57:47.632486
order_003131,cust_00343,delivered,2017-09-06 15:51:14,2017-09-16 05:49:04.111668,2017-09-14 08:17:34.413837
order_003132,cust_02080,delivered,2018-02-15 23:34:33,2018-02-24 17:26:07.587025,2018-02-23 16:59:07.488855
order_003133,cust_00893,delivered,2017-02-13 18:07:14,2017-02-23 23:42:09.200184,2017-02-20 19:05:57.212069
order_003134,cust_02944,shipped,2018-01-19 05:05:04,2018-01-27 16:40:28.324841,
order_003135,cust_01693,delivered,2017-01-09 00:53:30,2017-01-18 07:40:40.097061,2017-01-17 13:38:44.865663
order_003136,cust_02943,delivered,2017-11-10 15:12:24,2017-11-21 15:52:26.613535,2017-11-16 22:31:40.357234
order_003137,cust_02170,delivered,2017-09-15 13:17:25,2017-09-25 19:00:43.579668,2017-09-25 02:15:56.194039
order_003138,cust_00876,delivered,2017-09-11 22:07:19,2017-09-20 18:34:17.887522,2017-09-19 16:27:23.491001
order_003139,cust_01796,delivered,2017-09-24 13:49:15,2017-10-03 11:55:44.116067,2017-10-01 20:26:33.137054
order_003140,cust_00134,delivered,2017-09-23 12:01:47,2017-10-01 11:28:45.260451,2017-10-02 02:00:57.199052
order_003141,cust_01918,delivered,2017-08-08 07:16:57,2017-08-17 22:26:35.614664,2017-08-17 01:10:34.764869
order_003142,cust_02615,delivered,2017-09-01 02:04:13,2017-09-10 22:10:07.063070,2017-09-07 14:20:11.199020
order_003143,cust_02784,delivered,2017-11-03 21:01:56,2017-11-15 11:56:48.100442,2017-11-11 17:38:16.106880
order_003144,cust_01435,delivered,2018-02-17 19:49:31,2018-02-27 23:13:56.390938,2018-03-03 22:49:59.316865
order_003145,cust_02239,delivered,2017-10-26 03:54:21,2017-11-02 19:25:57.326576,2017-11-02 18:03:04.484648
order_003146,cust_02687,delivered,2017-12-13 16:53:36,2017-12-20 19:52:59.591175,2017-12-19 18:09:07.491369
order_003147,cust_00854,delivered,2018-03-28 08:44:26,2018-04-05 13:16:16.416871,2018-04-02 05:02:31.337998
order_003148,cust_02363,delivered,2018-06-19 10:29:19,2018-06-28 01:58:32.073406,2018-06-27 02:41:26.899771
order_003149,cust_00418,delivered,2017-02-28 20:22:04,2017-03-10 23:13:56.362024,2017-03-09 16:04:51.990693
order_003150,cust_01284,delivered,2018-01-20 20:12:31,2018-01-30 17:39:05.978882,2018-01-28 17:04:08.507644
order_003151,cust_02003,delivered,2017-05-02 04:34:31,2017-05-13 03:36:57.891486,2017-05-08 18:33:00.553184
order_003152,cust_02178,delivered,2017-04-17 07:22:57,2017-04-27 12:44:09.705637,2017-04-23 18:21:51.733538
order_003153,cust_00231,delivered,2018-03-05 19:42:46,2018-03-12 09:42:59.403052,2018-03-11 12:41:15.000039
order_003154,cust_00313,delivered,2017-02-07 22:00:28,2017-02-17 10:59:35.906335,2017-02-20 18:24:58.434642
order_003155,cust_00462,delivered,2018-04-03 01:53:51,2018-04-11 18:44:43.149607,2018-04-11 23:26:57.055392
order_003156,cust_00229,delivered,2018-02-21 20:00:22,2018-03-02 04:43:49.507199,2018-03-01 09:42:00.961156
order_003157,cust_00703,delivered,2018-06-22 11:44:29,2018-07-02 06:33:25.217310,2018-06-29 04:52:51.380056
order_003158,cust_01151,delivered,2017-12-27 14:10:02,2018-01-06 10:28:16.337510,2018-01-06 13:55:36.718545
order_003159,cust_02541,delivered,2018-04-17 01:48:28,2018-04-25 02:01:36.617099,2018-04-24 03:28:35.733317
order_003160,cust_02291,delivered,2017-03-06 16:19:42,2017-03-16 10:01:25.873694,2017-03-16 08:53:26.400380
order_003161,cust_00244,delivered,2018-04-26 16:16:10,2018-05-04 08:18:16.859023,2018-05-06 13:26:43.796870
order_003162,cust_01744,delivered,2017-03-28 15:54:17,2017-04-06 18:35:21.810089,2017-04-06 10:40:29.463974
order_003163,cust_00350,delivered,2017-06-19 18:58:27,2017-06-28 13:11:52.478866,2017-06-30 18:56:22.668855
order_003164,cust_01967,delivered,2017-03-11 22:42:19,2017-03-21 18:35:50.345087,2017-03-23 10:50:23.396262
order_003165,cust_02129,delivered,2017-08-05 20:23:47,2017-08-16 08:12:59.477655,2017-08-12 04:04:26.940657
order_003166,cust_02177,delivered,2018-02-09 17:52:29,2018-02-18 22:23:38.288661,2018-02-15 21:23:04.846786
order_003167,cust_00404,delivered,2017-05-25 23:33:01,2017-06-05 21:52:07.355102,2017-05-30 11:06:37.833421
order_003168,cust_01505,delivered,2018-03-20 16:11:20,2018-03-29 00:00:08.968578,2018-03-28 07:12:50.886418
order_003169,cust_02086,delivered,2017-11-24 16:07:42,2017-12-05 08:11:44.363142,2017-12-03 11:13:17.348587
order_003170,cust_01694,delivered,2017-12-06 13:00:33,2017-12-15 17:56:10.686736,2017-12-15 06:12:00.185528
order_003171,cust_02135,delivered,2018-05-22 18:27:26,2018-05-31 22:49:28.286920,2018-05-30 00:04:01.117954
order_003172,cust_00600,delivered,2017-08-22 01:42:46,2017-08-30 15:46:36.660561,2017-08-28 09:43:46.177845
order_003173,cust_00343,delivered,2017-07-06 12:08:17,2017-07-14 05:33:07.119863,2017-07-13 15:15:21.963484
order_003174,cust_02885,delivered,2018-06-22 10:12:27,2018-06-29 23:06:37.542913,2018-06-29 19:06:45.574905
order_003175,cust_01200,delivered,2017-10-28 21:54:20,2017-11-08 07:10:55.633103,2017-11-10 23:39:27.710717
order_003176,cust_01734,delivered,2017-11-28 01:44:29,2017-12-07 11:55:45.284791,2017-12-06 12:01:01.779864
order_003177,cust_02729,delivered,2017-06-10 15:27:00,2017-06-19 17:29:02.566670,2017-06-19 15:25:52.760097
order_003178,cust_02111,delivered,2017-04-27 04:25:26,2017-05-05 19:53:50.963100,2017-05-03 08:50:15.054383
order_003179,cust_02309,delivered,2017-04-02 21:12:18,2017-04-11 23:45:19.949200,2017-04-13 01:24:53.660816
order_003180,cust_00932,delivered,2017-05-01 20:26:40,2017-05-10 03:10:52.714775,2017-05-07 11:52:46.228025
order_003181,cust_01565,delivered,2017-04-16 05:39:03,2017-04-25 12:23:40.662791,2017-04-25 15:41:39.243229
order_003182,cust_01126,canceled,2018-02-08 20:55:15,2018-02-17 21:17:34.779147,
order_003183,cust_00382,delivered,2017-02-01 11:55:18,2017-02-11 13:48:54.662774,2017-02-08 06:22:14.767298
order_003184,cust_01204,delivered,2017-12-06 23:18:18,2017-12-14 21:20:51.162681,2017-12-15 07:05:49.959885
order_003185,cust_00280,delivered,2018-05-28 17:30:56,2018-06-06 22:36:21.878147,2018-06-08 04:35:03.336497
order_003186,cust_00450,delivered,2018-02-18 00:49:37,2018-02-26 18:57:05.915708,2018-02-27 14:25:06.695586
order_003187,cust_01296,delivered,2017-08-06 04:51:55,2017-08-14 09:41:47.299577,2017-08-14 09:00:05.719746
order_003188,cust_02789,delivered,2017-02-02 09:41:10,2017-02-11 19:01:54.480826,2017-02-06 18:10:22.042286
order_003189,cust_01068,delivered,2018-03-27 05:04:19,2018-04-06 06:17:28.457976,2018-04-03 05:47:57.079684
order_003190,cust_01536,delivered,2017-01-02 03:10:42,2017-01-11 15:52:41.347442,2017-01-08 03:44:53.520324
order_003191,cust_00380,delivered,2018-01-03 23:28:22,2018-01-12 17:02:13.306537,2018-01-10 08:19:03.801319
order_003192,cust_01635,delivered,2017-12-29 20:51:27,2018-01-06 20:26:57.828996,2018-01-07 08:58:50.964519
order_003193,cust_00673,delivered,2017-04-14 10:25:50,2017-04-22 04:51:19.680890,2017-04-25 09:48:12.355182
order_003194,cust_02642,delivered,2018-02-04 05:09:38,2018-02-13 07:01:54.581407,2018-02-15 05:24:52.397132
order_003195,cust_02102,delivered,2017-04-05 04:21:48,2017-04-14 04:05:33.193272,2017-04-12 03:58:59.160613
order_003196,cust_02464,shipped,2017-05-02 21:58:42,2017-05-10 14:07:05.931350,
order_003197,cust_00113,delivered,2018-03-15 07:57:18,2018-03-25 06:07:25.167837,2018-04-09 12:19:33.857796
order_003198,cust_00002,delivered,2018-06-13 00:18:08,2018-06-22 19:41:48.009877,2018-06-19 05:50:07.586134
order_003199,cust_02951,delivered,2017-05-23 09:32:13,2017-05-31 17:27:43.323106,2017-05-26 22:31:09.178220
order_003200,cust_02603,delivered,2018-05-13 10:54:14,2018-05-21 23:11:03.392264,2018-05-22 13:28:11.873470
order_003201,cust_00188,delivered,2018-05-09 14:57:14,2018-05-17 17:05:54.185479,2018-05-16 06:13:39.119703
order_003202,cust_02129,delivered,2018-02-20 08:07:42,2018-03-01 03:43:36.889715,2018-02-24 13:42:50.175704
order_003203,cust_01271,delivered,2017-03-17 22:09:08,2017-03-28 02:34:21.096678,2017-03-24 01:04:20.487443
order_003204,cust_01222,delivered,2017-06-11 15:26:41,2017-06-21 22:20:53.726992,2017-06-21 16:09:37.322043
order_003205,cust_02279,delivered,2018-01-01 23:40:41,2018-01-12 00:12:48.709900,2018-01-05 23:58:37.932630
order_003206,cust_00559,delivered,2018-06-24 08:48:30,2018-07-04 09:22:32.849415,2018-07-02 09:40:06.990011
order_003207,cust_00403,delivered,2018-03-16 15:38:26,2018-03-23 23:55:37.085037,2018-03-20 14:09:02.094162
order_003208,cust_00973,delivered,2017-08-15 08:46:05,2017-08-25 07:19:18.912652,2017-08-24 20:00:26.269340
order_003209,cust_00886,delivered,2017-05-08 16:47:53,2017-05-18 14:18:36.893805,2017-05-16 04:45:17.532887
order_003210,cust_01784,delivered,2018-06-03 17:53:47,2018-06-13 16:54:56.849040,2018-06-10 11:29:06.495111
order_003211,cust_01355,delivered,2017-05-30 07:43:26,2017-06-09 08:46:28.484074,2017-06-03 23:55:20.530795
order_003212,cust_00205,delivered,2017-07-04 22:30:14,2017-07-12 22:21:50.493707,2017-07-11 00:19:22.442287
order_003213,cust_00831,delivered,2018-06-05 20:34:18,2018-06-15 19:34:02.733923,2018-06-16 15:50:04.971263
order_003214,cust_01751,delivered,2017-10-31 21:28:04,2017-11-10 14:51:13.708016,2017-11-07 13:51:09.217632
order_003215,cust_00922,delivered,2017-05-23 05:13:37,2017-06-01 07:41:20.425540,2017-05-30 21:37:32.338090
order_003216,cust_00998,delivered,2017-01-03 17:13:42,2017-01-12 08:13:48.069304,2017-01-06 19:09:39.808646
order_003217,cust_00061,delivered,2017-08-21 02:33:11,2017-08-29 14:38:24.724757,2017-08-28 08:53:39.595128
order_003218,cust_00299,delivered,2018-06-17 02:31:56,2018-06-26 22:15:53.310876,2018-07-04 10:56:15.797390
order_003219,cust_01440,delivered,2017-08-22 23:21:29,2017-08-31 11:15:15.438849,2017-08-29 07:14:52.340818
order_003220,cust_01255,delivered,2018-01-13 03:40:10,2018-01-21 23:32:16.640933,2018-01-20 21:08:15.042081
order_003221,cust_02193,delivered,2017-05-17 20:44:21,2017-05-27 01:45:40.414902,2017-05-26 19:15:36.692831
order_003222,cust_02394,delivered,2018-02-23 10:20:21,2018-03-05 03:18:02.638361,2018-03-03 11:16:38.351698
order_003223,cust_01513,delivered,2018-02-23 07:17:14,2018-03-05 05:16:59.946092,2018-03-02 01:21:04.161172
order_003224,cust_01406,delivered,2017-11-25 01:45:50,2017-12-04 22:13:18.569906,2017-12-05 12:01:01.000054
order_003225,cust_01743,delivered,2018-02-21 16:12:14,2018-03-02 17:44:00.670829,2018-02-28 11:18:25.017977
order_003226,cust_00025,delivered,2017-11-09 17:18:43,2017-11-17 21:23:04.532822,2017-11-18 11:04:47.246317
order_003227,cust_01574,delivered,2017-07-24 11:12:30,2017-08-02 07:48:10.960111,2017-07-28 00:57:02.168610
order_003228,cust_02770,delivered,2018-02-03 19:26:19,2018-02-12 23:04:56.199730,2018-02-14 21:10:03.154455
order_003229,cust_02715,delivered,2018-03-27 07:45:18,2018-04-03 21:29:18.905754,2018-04-05 08:26:28.232805
order_003230,cust_00719,delivered,2018-03-31 13:14:24,2018-04-10 04:54:37.277453,2018-04-07 03:11:11.605758
order_003231,cust_00601,delivered,2017-04-26 06:52:57,2017-05-05 05:00:17.032542,2017-05-02 19:59:53.535687
order_003232,cust_02505,delivered,2018-01-01 13:58:24,2018-01-10 10:07:16.279369,2018-01-08 18:47:45.890344
order_003233,cust_00924,canceled,2017-01-03 03:15:52,2017-01-12 04:34:19.034553,
order_003234,cust_01442,delivered,2017-11-05 11:25:40,2017-11-14 13:14:48.262891,2017-11-13 12:30:14.525312
order_003235,cust_01178,delivered,2017-11-05 13:11:01,2017-11-14 03:43:06.137201,2017-11-14 15:16:45.309733
order_003236,cust_01232,delivered,2017-07-16 13:21:25,2017-07-26 11:50:32.417454,2017-07-24 07:45:45.465235
order_003237,cust_01370,delivered,2018-06-21 10:43:05,2018-06-29 21:41:39.970188,2018-06-27 22:12:00.647524
order_003238,cust_02758,delivered,2018-04-22 15:26:44,2018-04-30 21:57:45.597404,2018-05-03 03:28:39.370266
order_003239,cust_01373,delivered,2017-01-21 12:17:32,2017-01-28 16:16:49.247490,2017-01-29 15:26:29.744485
order_003240,cust_01226,delivered,2017-04-23 06:47:51,2017-05-03 04:07:44.106834,2017-05-03 01:54:42.108858
order_003241,cust_01034,delivered,2017-04-23 05:10:06,2017-05-01 20:20:41.060264,2017-05-05 03:45:44.632867
order_003242,cust_02261,delivered,2018-04-30 15:32:43,2018-05-09 10:12:09.416361,2018-05-10 13:49:01.266312
order_003243,cust_00617,delivered,2017-10-08 22:31:35,2017-10-17 12:12:47.804287,2017-10-19 14:57:51.622694
order_003244,cust_00418,delivered,2018-01-29 18:04:35,2018-02-07 19:58:41.511240,2018-02-05 22:03:19.085857
order_003245,cust_00213,delivered,2018-03-14 15:19:34,2018-03-24 09:08:42.991165,2018-03-20 19:55:38.591783
order_003246,cust_02398,delivered,2018-02-19 22:07:00,2018-02-27 18:38:48.446741,2018-02-25 12:10:47.096784
order_003247,cust_01000,delivered,2017-02-18 21:35:25,2017-02-28 16:52:06.228100,2017-02-23 12:39:08.415856
order_003248,cust_02980,delivered,2017-03-17 12:09:19,2017-03-25 19:41:42.008959,2017-03-24 20:40:46.851942
order_003249,cust_00230,delivered,2017-08-02 02:37:21,2017-08-08 23:47:41.311447,2017-08-12 20:55:39.934638
order_003250,cust_02847,delivered,2017-07-02 15:13:22,2017-07-13 07:52:40.551206,2017-07-11 09:02:33.447386
order_003251,cust_00082,delivered,2018-02-08 14:56:54,2018-02-16 01:07:36.009315,2018-02-15 00:34:08.855388
order_003252,cust_01853,delivered,2017-03-26 06:39:23,2017-04-05 10:53:58.876091,2017-04-03 16:36:50.805925
order_003253,cust_02388,delivered,2017-07-20 20:23:13,2017-07-29 13:48:33.340660,2017-07-26 23:55:49.968778
order_003254,cust_01351,delivered,2017-05-08 20:52:43,2017-05-18 11:46:44.275054,2017-05-15 09:54:54.063647
order_003255,cust_00100,delivered,2017-04-12 07:56:31,2017-04-20 03:03:25.218621,2017-04-20 20:39:04.398113
order_003256,cust_01224,delivered,2017-04-04 11:26:40,2017-04-13 08:33:49.794759,2017-04-11 15:45:47.986979
order_003257,cust_01157,delivered,2017-04-16 04:41:00,2017-04-24 08:26:32.739168,2017-04-23 04:16:14.717421
order_003258,cust_00212,delivered,2017-11-01 04:16:49,2017-11-09 03:05:41.171772,2017-11-21 09:15:21.616732
order_003259,cust_01283,delivered,2017-08-10 06:21:37,2017-08-18 09:00:02.809045,2017-08-16 04:31:10.225914
order_003260,cust_01696,delivered,2017-08-24 08:46:44,2017-09-02 06:41:56.632629,2017-08-31 15:41:19.936378
order_003261,cust_02676,delivered,2017-09-16 06:33:01,2017-09-24 12:46:01.157857,2017-09-24 01:36:50.593299
order_003262,cust_00046,delivered,2018-02-05 03:38:21,2018-02-14 12:48:03.185595,2018-02-11 12:56:18.353622
order_003263,cust_01833,delivered,2018-04-11 10:43:57,2018-04-20 05:15:38.880828,2018-04-20 16:23:50.812343
order_003264,cust_02963,delivered,2017-10-12 14:57:55,2017-10-21 11:50:47.768377,2017-10-21 00:34:23.219085
order_003265,cust_02013,delivered,2017-12-13 07:49:23,2017-12-21 05:19:41.530426,2017-12-20 22:17:34.670418
order_003266,cust_01594,delivered,2018-02-03 12:48:18,2018-02-11 10:06:50.086455,2018-02-16 22:21:22.431178
order_003267,cust_01453,delivered,2018-01-08 06:30:38,2018-01-17 13:18:20.935616,2018-01-16 15:04:16.322317
order_003268,cust_01029,delivered,2017-03-14 16:53:33,2017-03-22 21:32:12.904105,2017-03-18 07:02:20.280601
order_003269,cust_02092,delivered,2018-06-15 15:33:51,2018-06-26 06:54:42.600920,2018-06-22 15:43:42.672998
order_003270,cust_00921,delivered,2017-03-30 23:02:29,2017-04-09 02:13:47.344426,2017-04-06 09:34:27.896050
order_003271,cust_01870,delivered,2017-08-11 01:16:21,2017-08-19 09:40:41.074486,2017-08-21 19:48:11.943610
order_003272,cust_01069,delivered,2017-12-19 20:28:31,2017-12-27 08:47:43.632196,2017-12-25 08:55:08.184025
order_003273,cust_00047,delivered,2017-08-06 08:10:07,2017-08-14 04:05:21.181532,2017-08-13 20:02:26.195036
order_003274,cust_00538,delivered,2017-05-12 01:35:06,2017-05-20 16:02:22.047835,2017-05-18 16:37:54.249935
order_003275,cust_02659,delivered,2018-05-14 16:33:14,2018-05-25 12:53:01.676092,2018-05-28 13:13:15.788174
order_003276,cust_01424,delivered,2017-02-08 04:07:16,2017-02-18 15:18:48.081602,2017-02-17 03:05:15.980446
order_003277,cust_00189,delivered,2017-05-13 04:13:13,2017-05-22 20:25:43.031152,2017-05-25 23:36:39.149695
order_003278,cust_01645,delivered,2018-06-21 23:30:42,2018-06-29 23:47:18.550157,2018-07-01 19:33:55.049287
order_003279,cust_00938,delivered,2018-01-30 05:18:08,2018-02-09 06:31:27.981194,2018-02-04 02:19:50.370838
order_003280,cust_00657,delivered,2017-02-16 13:07:54,2017-02-24 14:38:02.081646,2017-03-07 22:34:16.580366
order_003281,cust_02036,delivered,2018-02-12 04:48:57,2018-02-22 08:09:34.239708,2018-02-15 19:30:36.257234
order_003282,cust_00203,delivered,2018-06-08 02:58:32,2018-06-17 14:00:20.365172,2018-06-19 17:38:05.684211
order_003283,cust_01502,delivered,2017-02-22 00:01:20,2017-03-03 15:43:59.937320,2017-03-03 09:34:02.464025
order_003284,cust_01035,delivered,2017-08-12 00:23:06,2017-08-21 12:51:36.778405,2017-08-21 07:02:02.413980
order_003285,cust_00090,delivered,2017-09-10 11:22:13,2017-09-18 03:00:09.561057,2017-09-19 02:52:50.367168
order_003286,cust_01499,delivered,2017-03-12 10:24:57,2017-03-21 11:32:51.653618,2017-03-18 00:20:36.225459
order_003287,cust_00248,delivered,2017-04-19 00:56:06,2017-04-28 08:28:51.003550,2017-04-24 00:08:40.206342
order_003288,cust_00734,delivered,2017-04-04 08:23:24,2017-04-14 08:42:21.116717,2017-04-19 13:16:27.804905
order_003289,cust_01481,delivered,2017-04-11 06:33:01,2017-04-20 17:34:23.651002,2017-04-19 14:30:20.193600
order_003290,cust_02828,delivered,2017-08-06 13:42:42,2017-08-16 23:23:49.763778,2017-08-14 12:06:21.797049
order_003291,cust_00041,delivered,2017-09-08 23:52:31,2017-09-18 17:45:14.327322,2017-09-19 11:35:41.367497
order_003292,cust_00022,delivered,2017-05-09 16:35:57,2017-05-17 11:52:33.340810,2017-05-16 05:48:43.245375
order_003293,cust_00534,delivered,2017-06-06 22:02:29,2017-06-15 14:00:29.881883,2017-06-13 09:40:49.065368
order_003294,cust_01719,delivered,2017-04-14 04:36:48,2017-04-23 19:44:02.739978,2017-04-19 10:44:04.281259
order_003295,cust_01621,delivered,2018-03-06 05:09:42,2018-03-15 07:21:43.931086,2018-03-14 02:07:30.062944
order_003296,cust_01109,delivered,2017-04-25 18:01:09,2017-05-02 20:26:02.688242,2017-04-29 22:39:45.078717
order_003297,cust_01728,delivered,2018-05-06 07:26:24,2018-05-15 11:51:19.314775,2018-05-13 16:55:19.662854
order_003298,cust_00088,delivered,2017-10-18 20:22:13,2017-10-27 23:08:38.610138,2017-10-25 08:05:53.124986
order_003299,cust_02498,delivered,2018-03-10 11:07:44,2018-03-20 10:51:50.818538,2018-03-20 18:49:02.948146
order_003300,cust_01259,delivered,2017-12-10 04:49:10,2017-12-18 20:29:57.214253,2017-12-18 22:30:20.546334
order_003301,cust_02941,delivered,2017-05-24 20:15:57,2017-06-01 15:36:47.767563,2017-05-31 16:51:54.715842
order_003302,cust_00721,delivered,2017-11-21 13:12:39,2017-11-30 20:30:39.299459,2017-12-17 04:40:49.247189
order_003303,cust_00383,delivered,2017-05-29 19:15:48,2017-06-07 02:58:28.081993,2017-06-09 15:03:59.123301
order_003304,cust_01226,delivered,2017-03-06 10:51:13,2017-03-16 15:14:26.217183,2017-03-12 07:47:53.735195
order_003305,cust_01462,delivered,2017-05-18 03:01:47,2017-05-28 06:52:28.373743,2017-05-23 07:08:46.321042
order_003306,cust_00443,delivered,2017-05-29 16:20:41,2017-06-09 14:36:44.004437,2017-06-08 00:33:24.867470
order_003307,cust_01205,delivered,2017-03-14 02:59:12,2017-03-22 18:06:45.088214,2017-03-24 06:04:16.833756
order_003308,cust_00705,delivered,2017-01-13 15:55:08,2017-01-21 14:04:10.855254,2017-01-22 22:23:35.511476
order_003309,cust_02682,delivered,2018-05-25 10:00:05,2018-06-04 08:59:35.367816,2018-05-30 02:09:27.948485
order_003310,cust_02913,delivered,2017-10-05 18:59:48,2017-10-14 22:16:49.037549,2017-10-08 13:48:29.338520
order_003311,cust_01225,delivered,2017-08-06 20:52:56,2017-08-15 16:40:09.258945,2017-08-14 05:36:16.669675
order_003312,cust_01097,delivered,2018-05-18 09:46:36,2018-05-26 06:00:16.722220,2018-05-28 19:01:54.245137
order_003313,cust_02270,delivered,2017-05-02 21:10:12,2017-05-12 08:34:19.627090,2017-05-10 10:53:33.728806
order_003314,cust_00965,delivered,2017-08-06 02:39:41,2017-08-12 16:47:30.263141,2017-08-13 07:16:50.036693
order_003315,cust_01485,delivered,2018-04-03 02:34:36,2018-04-10 14:36:45.419450,2018-04-09 07:23:01.265343
order_003316,cust_00214,delivered,2017-12-08 23:50:41,2017-12-17 15:40:40.098634,2017-12-14 15:01:47.782516
order_003317,cust_00489,shipped,2017-08-04 13:46:59,2017-08-11 13:40:23.912659,
order_003318,cust_00336,delivered,2017-05-19 10:49:01,2017-05-29 04:25:28.207092,2017-05-26 22:48:46.020161
order_003319,cust_02086,delivered,2017-01-19 03:44:10,2017-01-29 00:59:01.082063,2017-01-25 10:28:02.917751
order_003320,cust_01680,delivered,2017-02-15 06:56:09,2017-02-26 11:43:33.309735,2017-02-21 06:50:34.011146
order_003321,cust_00726,delivered,2017-03-29 16:28:01,2017-04-08 08:20:52.039523,2017-04-08 22:31:05.987231
order_003322,cust_01822,delivered,2018-03-01 19:43:16,2018-03-09 23:16:57.010061,2018-03-06 23:31:44.952790
order_003323,cust_00989,delivered,2017-12-12 21:59:39,2017-12-21 06:05:55.340979,2017-12-18 18:49:31.447757
order_003324,cust_00262,delivered,2017-08-23 09:47:08,2017-08-31 18:17:57.459732,2017-08-28 18:33:25.509612
order_003325,cust_02761,delivered,2018-02-27 10:54:52,2018-03-07 14:18:20.785589,2018-03-10 11:01:52.943232
order_003326,cust_00799,delivered,2017-03-28 03:55:08,2017-04-06 21:23:05.871773,2017-04-02 03:56:19.685694
order_003327,cust_01087,delivered,2017-04-24 01:59:38,2017-05-03 17:40:27.411981,2017-05-01 20:16:29.363696
order_003328,cust_02401,delivered,2017-08-01 10:30:30,2017-08-09 08:32:17.583305,2017-08-09 23:10:46.861766
order_003329,cust_02304,delivered,2018-05-11 13:54:07,2018-05-21 12:14:01.653479,2018-05-18 18:22:24.076173
order_003330,cust_00252,delivered,2017-11-28 02:30:12,2017-12-06 06:33:54.214572,2017-12-04 12:20:06.875089
order_003331,cust_02609,delivered,2018-04-05 09:48:15,2018-04-15 09:09:40.477585,2018-04-13 04:24:20.226804
order_003332,cust_02630,delivered,2017-05-15 15:23:51,2017-05-22 03:15:48.009217,2017-05-24 07:36:09.429887
order_003333,cust_01493,delivered,2018-04-04 19:27:41,2018-04-15 07:37:07.698665,2018-04-10 19:52:25.807004
order_003334,cust_01977,delivered,2017-02-09 22:31:25,2017-02-19 04:51:36.444041,2017-02-21 17:11:32.469903
order_003335,cust_00202,canceled,2017-05-03 08:10:05,2017-05-12 11:24:38.169696,
order_003336,cust_00278,delivered,2017-10-10 09:24:05,2017-10-20 08:27:02.466704,2017-10-18 20:42:37.564170
order_003337,cust_01765,delivered,2017-01-28 20:59:51,2017-02-05 19:46:41.340836,2017-02-04 05:08:02.872461
order_003338,cust_01566,delivered,2018-04-09 16:38:18,2018-04-18 02:30:46.141925,2018-04-16 09:50:08.298983
order_003339,cust_01809,delivered,2018-04-14 06:34:07,2018-04-21 14:26:12.358181,2018-04-22 14:57:18.714966
order_003340,cust_00324,delivered,2017-10-20 16:26:36,2017-10-29 09:34:46.746982,2017-10-28 01:53:11.426181
order_003341,cust_00729,delivered,2017-06-15 03:46:49,2017-06-24 18:21:14.577567,2017-06-23 18:04:00.931833
order_003342,cust_01294,delivered,2017-02-23 10:46:37,2017-03-05 04:15:40.039578,2017-03-02 14:18:19.864301
order_003343,cust_01503,delivered,2017-12-01 07:21:19,2017-12-10 05:37:14.127998,2017-12-09 19:00:23.131052
order_003344,cust_02132,delivered,2017-10-18 23:49:24,2017-10-29 03:29:26.015199,2017-10-25 06:34:33.483178
order_003345,cust_01140,delivered,2018-02-15 00:50:16,2018-02-23 21:22:00.334683,2018-02-24 11:37:52.721546
order_003346,cust_02713,delivered,2017-11-22 20:33:44,2017-12-01 10:07:47.710690,2017-11-29 17:10:05.016324
order_003347,cust_00344,delivered,2017-03-11 06:44:59,2017-03-18 14:12:50.805744,2017-03-18 05:12:26.298225
order_003348,cust_01249,delivered,2017-03-07 00:52:09,2017-03-17 04:28:54.285224,2017-03-14 16:24:50.924386
order_003349,cust_00264,delivered,2018-02-26 15:50:34,2018-03-07 23:23:21.731489,2018-03-05 08:36:27.681134
order_003350,cust_02023,delivered,2017-03-27 16:16:22,2017-04-07 11:09:22.928381,2017-03-31 17:46:04.865015
order_003351,cust_00780,delivered,2018-05-22 03:24:53,2018-06-01 10:43:28.138160,2018-05-30 02:16:15.926005
order_003352,cust_00767,delivered,2017-02-27 00:55:11,2017-03-07 07:05:25.017557,2017-03-08 01:47:00.518614
order_003353,cust_00878,delivered,2018-01-29 02:40:21,2018-02-08 01:16:29.464374,2018-02-05 19:20:30.489143
order_003354,cust_00373,delivered,2018-06-11 09:48:46,2018-06-20 21:11:09.460679,2018-06-24 05:35:34.432335
order_003355,cust_01879,delivered,2017-08-27 03:10:38,2017-09-05 08:21:37.666131,2017-09-03 11:30:33.538975
order_003356,cust_00556,delivered,2017-01-31 16:52:22,2017-02-10 22:20:50.448166,2017-02-06 10:49:20.951751
order_003357,cust_01984,delivered,2018-04-19 01:51:40,2018-04-29 13:05:46.665050,2018-04-26 08:36:04.327411
order_003358,cust_02638,delivered,2017-04-12 18:56:02,2017-04-21 10:57:11.402302,2017-04-19 13:44:58.898477
order_003359,cust_02037,delivered,2017-10-12 20:59:28,2017-10-22 18:20:56.031865,2017-10-19 01:15:44.374852
order_003360,cust_00981,delivered,2018-06-16 17:12:15,2018-06-24 15:19:50.947704,2018-06-25 03:02:44.244751
order_003361,cust_00333,delivered,2018-02-07 22:39:31,2018-02-16 22:53:31.598801,2018-02-22 05:29:04.923276
order_003362,cust_02898,delivered,2017-01-26 22:32:29,2017-02-05 04:57:28.851521,2017-02-03 19:25:54.108430
order_003363,cust_00787,delivered,2018-03-20 01:07:02,2018-03-27 07:46:06.000117,2018-03-26 22:03:10.577110
order_003364,cust_02045,delivered,2017-03-29 08:12:25,2017-04-07 15:58:04.047865,2017-04-04 06:30:10.322790
order_003365,cust_02381,delivered,2018-02-09 18:14:30,2018-02-18 23:49:17.414702,2018-02-17 05:09:31.831040
order_003366,cust_02574,delivered,2017-12-02 08:09:04,2017-12-13 17:06:30.069844,2017-12-08 08:22:03.872126
order_003367,cust_01529,delivered,2017-06-05 17:41:29,2017-06-14 06:15:43.664871,2017-06-12 22:54:23.491649
order_003368,cust_01181,delivered,2017-08-17 18:34:59,2017-08-25 11:03:20.562479,2017-08-24 19:45:51.175985
order_003369,cust_02762,delivered,2017-03-05 23:55:32,2017-03-15 05:43:14.262777,2017-03-17 06:23:39.835471
order_003370,cust_02503,delivered,2018-06-17 07:55:00,2018-06-26 17:27:23.961978,2018-06-24 14:17:09.358620
order_003371,cust_02670,delivered,2017-05-09 08:20:56,2017-05-19 03:35:44.491233,2017-05-17 02:59:07.783893
order_003372,cust_00824,delivered,2017-06-16 00:34:57,2017-06-26 11:13:58.810196,2017-06-20 15:47:45.939651
order_003373,cust_01293,delivered,2017-09-29 06:51:07,2017-10-08 06:38:37.855053,2017-10-14 02:31:20.226725
order_003374,cust_02366,delivered,2017-12-30 06:43:57,2018-01-08 16:02:15.756698,2018-01-10 00:43:51.070277
order_003375,cust_00134,delivered,2017-09-30 10:52:26,2017-10-08 18:58:46.484450,2017-10-10 06:36:55.672998
order_003376,cust_00636,delivered,2017-09-30 10:06:29,2017-10-09 05:55:24.752087,2017-10-14 07:18:13.622304
order_003377,cust_02066,delivered,2017-11-11 20:33:28,2017-11-20 13:32:24.239254,2017-11-19 23:19:19.694412
order_003378,cust_02342,delivered,2018-04-09 18:34:15,2018-04-19 07:14:03.893424,2018-04-16 08:57:05.387076
order_003379,cust_02073,delivered,2017-08-02 17:29:10,2017-08-11 13:30:36.922567,2017-08-15 18:28:55.822854
order_003380,cust_02102,delivered,2018-03-26 00:07:30,2018-04-04 22:55:48.756044,2018-04-05 12:42:02.144513
order_003381,cust_02750,delivered,2018-03-01 11:19:08,2018-03-08 23:03:37.317017,2018-03-07 06:29:36.502868
order_003382,cust_01004,delivered,2018-06-03 17:30:37,2018-06-13 02:09:53.888354,2018-06-12 06:43:58.751737
order_003383,cust_00951,delivered,2018-05-09 05:52:10,2018-05-17 09:17:38.416116,2018-05-15 03:34:24.309044
order_003384,cust_02590,shipped,2018-03-08 10:11:47,2018-03-18 01:59:10.053796,
order_003385,cust_01627,delivered,2017-05-14 17:26:54,2017-05-22 19:41:57.683823,2017-05-22 06:14:24.945922
order_003386,cust_01874,delivered,2018-02-23 19:04:08,2018-03-02 18:11:31.304238,2018-03-13 12:49:31.940167
order_003387,cust_01378,delivered,2018-02-02 20:30:31,2018-02-10 14:57:18.748600,2018-02-09 21:28:40.910825
order_003388,cust_01498,delivered,2017-06-06 10:18:55,2017-06-13 15:30:01.738339,2017-06-12 15:23:39.606232
order_003389,cust_01990,delivered,2018-01-02 09:35:55,2018-01-10 09:10:51.487336,2018-01-06 01:48:44.455422
order_003390,cust_00876,delivered,2017-05-17 09:11:05,2017-05-26 10:14:27.707784,2017-05-23 22:06:10.548191
order_003391,cust_00034,delivered,2017-10-10 16:02:45,2017-10-18 05:33:41.911498,2017-10-17 15:30:03.591249
order_003392,cust_02899,delivered,2018-03-07 10:04:09,2018-03-15 02:34:28.375865,2018-03-15 09:36:19.409787
order_003393,cust_02161,delivered,2017-04-12 09:36:18,2017-04-20 12:52:55.469883,2017-04-21 05:31:54.071701
order_003394,cust_01633,delivered,2017-07-01 04:02:19,2017-07-10 06:43:15.999556,2017-07-08 00:38:13.609613
order_003395,cust_02979,delivered,2018-03-06 11:29:01,2018-03-14 03:45:35.879073,2018-03-13 12:13:37.363073
order_003396,cust_02397,delivered,2017-09-03 05:41:41,2017-09-11 09:55:22.768626,2017-09-11 15:29:51.103879
order_003397,cust_02511,delivered,2018-06-03 12:35:52,2018-06-11 08:59:49.115542,2018-06-15 16:11:47.451662
order_003398,cust_02739,delivered,2017-01-05 21:19:40,2017-01-16 13:54:41.349043,2017-01-14 14:58:13.726917
order_003399,cust_01756,delivered,2018-01-25 18:37:02,2018-02-01 11:51:42.875863,2018-02-02 19:27:33.464599
order_003400,cust_01559,delivered,2018-03-16 11:28:23,2018-03-24 05:19:51.933095,2018-03-23 02:31:01.759260
order_003401,cust_00558,delivered,2018-05-11 23:27:36,2018-05-20 18:34:46.153010,2018-05-20 00:52:05.675848
order_003402,cust_00626,delivered,2017-03-26 23:31:31,2017-04-05 10:57:01.203746,2017-04-03 19:55:27.577251
order_003403,cust_02936,delivered,2018-06-16 10:39:53,2018-06-25 06:50:13.296690,2018-06-26 01:08:06.758215
order_003404,cust_01533,delivered,2017-07-31 18:19:26,2017-08-09 16:42:00.543943,2017-08-06 09:36:20.825472
order_003405,cust_02305,delivered,2017-07-10 08:12:56,2017-07-21 12:08:41.741371,2017-07-16 20:30:20.778140
order_003406,cust_01460,delivered,2017-07-11 21:05:14,2017-07-21 02:07:04.941886,2017-07-20 05:52:22.314110
order_003407,cust_02885,delivered,2017-12-11 08:57:58,2017-12-20 05:03:12.797331,2017-12-16 15:46:01.858384
order_003408,cust_02992,delivered,2017-12-23 06:11:55,2018-01-02 19:47:48.427106,2017-12-31 11:58:51.758293
order_003409,cust_01651,delivered,2017-09-13 03:12:48,2017-09-22 18:49:05.717352,2017-09-21 14:00:10.658859
order_003410,cust_02789,delivered,2017-02-08 20:13:23,2017-02-18 05:13:51.912473,2017-02-15 08:22:19.009879
order_003411,cust_01863,delivered,2018-06-17 07:07:35,2018-06-27 02:13:14.330029,2018-06-24 00:40:14.808501
order_003412,cust_00062,delivered,2017-04-30 19:31:10,2017-05-09 00:19:12.636526,2017-05-08 23:08:13.444351
order_003413,cust_02704,delivered,2017-02-20 02:04:29,2017-02-27 23:19:14.577416,2017-02-25 22:26:58.743537
order_003414,cust_00957,delivered,2017-11-19 12:01:16,2017-11-27 10:16:31.550480,2017-11-29 08:46:36.832580
order_003415,cust_01118,delivered,2017-08-11 10:16:10,2017-08-20 09:10:22.982252,2017-08-18 15:32:32.323740
order_003416,cust_00966,delivered,2017-11-29 10:31:54,2017-12-08 05:18:31.777568,2017-12-06 15:21:19.042736
order_003417,cust_00420,delivered,2018-04-18 04:00:59,2018-04-26 22:12:48.324458,2018-04-24 15:37:49.261038
order_003418,cust_02966,delivered,2017-02-22 01:46:21,2017-03-04 10:20:57.698420,2017-03-02 21:36:20.544416
order_003419,cust_02030,delivered,2017-06-03 08:18:49,2017-06-12 11:50:59.827905,2017-06-12 19:48:34.107996
order_003420,cust_02692,delivered,2017-10-06 11:17:08,2017-10-15 08:18:57.776858,2017-10-13 12:27:08.105289
order_003421,cust_00446,delivered,2018-03-02 19:02:45,2018-03-11 08:28:09.985742,2018-03-08 04:04:50.549794
order_003422,cust_01583,delivered,2017-11-21 11:05:56,2017-12-01 21:53:00.389895,2017-11-26 11:14:48.120506
order_003423,cust_01646,delivered,2017-07-26 05:54:08,2017-08-03 18:49:20.597325,2017-08-03 18:54:07.895232
order_003424,cust_01419,delivered,2017-11-26 06:17:59,2017-12-05 12:30:36.608126,2017-12-05 17:19:08.297370
order_003425,cust_01997,delivered,2018-06-14 14:41:07,2018-06-23 16:34:52.088839,2018-06-22 21:08:37.064596
order_003426,cust_02124,delivered,2017-09-17 10:27:20,2017-09-26 12:23:03.365006,2017-09-24 19:54:01.959052
order_003427,cust_00262,delivered,2018-04-23 21:37:42,2018-04-30 18:44:06.939635,2018-05-01 05:05:36.681429
order_003428,cust_01913,delivered,2018-02-26 10:33:16,2018-03-06 19:28:37.475414,2018-03-06 15:08:58.995695
order_003429,cust_01272,delivered,2017-06-12 13:36:22,2017-06-20 07:57:28.108920,2017-06-19 15:02:29.843217
order_003430,cust_00614,delivered,2017-05-15 01:32:01,2017-05-24 06:56:36.412724,2017-05-27 09:18:06.813211
order_003431,cust_01009,delivered,2018-02-20 04:39:03,2018-02-26 09:30:19.699940,2018-02-26 13:46:37.112691
order_003432,cust_00548,delivered,2017-04-23 20:24:14,2017-05-03 16:40:42.797725,2017-05-01 12:15:45.354153
order_003433,cust_00566,delivered,2017-07-01 08:16:27,2017-07-09 14:02:58.510989,2017-07-09 23:59:00.068622
order_003434,cust_02235,delivered,2017-05-08 10:06:15,2017-05-18 03:04:27.600245,2017-05-17 04:08:38.006740
order_003435,cust_02139,delivered,2017-11-24 14:10:07,2017-12-05 06:55:07.195001,2017-11-30 18:31:00.971227
order_003436,cust_01569,delivered,2017-06-08 01:23:18,2017-06-18 08:02:59.979539,2017-06-17 03:10:55.843750
order_003437,cust_00014,delivered,2017-12-22 12:09:31,2017-12-30 21:08:55.008465,2017-12-28 23:27:13.515740
order_003438,cust_01231,delivered,2018-05-20 08:18:29,2018-05-28 11:18:08.937739,2018-05-26 12:10:10.995675
order_003439,cust_01697,delivered,2018-03-24 03:34:00,2018-04-03 01:01:09.759171,2018-04-02 14:45:04.796289
order_003440,cust_02076,delivered,2018-05-27 10:02:24,2018-06-06 01:00:59.145422,2018-06-04 00:05:05.156101
order_003441,cust_00775,delivered,2017-01-14 10:43:23,2017-01-23 20:05:40.161842,2017-01-23 08:14:51.321011
order_003442,cust_01802,delivered,2017-09-03 04:28:18,2017-09-11 04:13:05.139957,2017-09-08 06:38:30.050437
order_003443,cust_01134,delivered,2017-04-29 13:02:00,2017-05-08 04:22:16.979832,2017-05-08 01:15:13.071457
order_003444,cust_02864,delivered,2018-05-11 17:54:29,2018-05-20 19:57:52.830570,2018-05-17 20:13:30.541422
order_003445,cust_00851,canceled,2018-01-20 06:24:57,2018-01-28 15:17:40.286716,
order_003446,cust_01725,delivered,2017-06-22 23:11:48,2017-07-03 15:37:26.384743,2017-06-27 23:08:58.989592
order_003447,cust_01530,delivered,2017-11-01 14:41:55,2017-11-11 14:37:53.034149,2017-11-05 19:56:13.200777
order_003448,cust_00380,delivered,2017-11-23 18:33:14,2017-12-03 04:55:47.121149,2017-11-29 20:14:19.955704
order_003449,cust_01743,delivered,2017-09-25 01:41:01,2017-10-02 12:36:19.432124,2017-10-02 23:56:24.366270
order_003450,cust_01960,delivered,2017-09-14 18:25:09,2017-09-23 14:11:09.628878,2017-09-23 11:26:01.467909
order_003451,cust_00222,delivered,2017-01-30 08:04:42,2017-02-09 01:28:25.215423,2017-02-05 06:06:28.901680
order_003452,cust_02569,delivered,2017-09-02 17:02:36,2017-09-13 01:30:54.414360,2017-09-14 03:48:37.060194
order_003453,cust_00812,delivered,2017-07-08 19:18:09,2017-07-16 21:39:16.792116,2017-07-17 10:53:34.826109
order_003454,cust_01419,delivered,2018-03-18 06:00:34,2018-03-27 08:01:45.358455,2018-03-24 15:35:21.722742
order_003455,cust_01413,delivered,2018-04-13 06:13:22,2018-04-22 18:53:52.248018,2018-04-18 11:44:58.978548
order_003456,cust_02480,delivered,2018-02-10 01:25:42,2018-02-19 08:51:27.987485,2018-02-17 13:42:49.397756
order_003457,cust_02318,delivered,2017-01-17 14:31:27,2017-01-26 20:40:07.677672,2017-01-23 21:11:07.359365
order_003458,cust_02789,delivered,2018-03-31 18:34:36,2018-04-09 02:39:54.264435,2018-04-08 21:00:43.573398
order_003459,cust_01145,delivered,2017-08-03 09:50:26,2017-08-12 21:53:32.049676,2017-08-09 19:26:38.075678
order_003460,cust_01783,delivered,2017-08-13 03:51:49,2017-08-23 16:56:23.711819,2017-08-19 12:59:01.562744
order_003461,cust_02536,delivered,2018-05-26 07:35:42,2018-06-07 00:39:51.480484,2018-06-04 14:41:48.701142
order_003462,cust_00230,delivered,2018-04-14 09:40:05,2018-04-22 23:29:18.873245,2018-04-19 03:35:20.353075
order_003463,cust_02056,delivered,2017-01-28 21:59:13,2017-02-06 16:01:03.110413,2017-02-06 23:41:54.925857
order_003464,cust_00407,delivered,2017-07-14 02:58:35,2017-07-24 22:19:39.446861,2017-07-22 02:50:22.739413
order_003465,cust_01582,delivered,2018-02-09 08:14:17,2018-02-18 02:57:48.775546,2018-02-18 02:25:52.820785
order_003466,cust_00193,delivered,2017-10-18 15:18:48,2017-10-27 11:36:56.856583,2017-10-25 12:13:05.024513
order_003467,cust_01903,delivered,2017-05-20 05:40:48,2017-05-29 09:31:39.576166,2017-05-29 07:55:39.879924
order_003468,cust_00763,delivered,2017-10-11 21:14:01,2017-10-21 10:33:07.455804,2017-10-19 12:09:16.906541
order_003469,cust_02731,delivered,2018-04-13 21:49:23,2018-04-23 04:48:49.120517,2018-04-19 21:37:40.537836
order_003470,cust_00386,delivered,2017-05-01 09:07:21,2017-05-11 01:54:31.809504,2017-05-06 06:30:18.042864
order_003471,cust_02107,delivered,2018-02-07 17:54:09,2018-02-17 16:40:35.248586,2018-02-14 06:52:08.061640
order_003472,cust_01476,delivered,2018-02-01 18:08:31,2018-02-10 19:16:50.976111,2018-02-10 20:48:55.943440
order_003473,cust_01479,delivered,2018-04-24 16:21:47,2018-05-03 21:21:56.751444,2018-04-29 08:23:50.389550
order_003474,cust_01406,delivered,2017-06-10 04:28:32,2017-06-20 11:14:13.621726,2017-06-18 04:54:35.758278
order_003475,cust_01123,delivered,2017-04-27 01:11:19,2017-05-06 07:42:22.374300,2017-05-02 16:27:09.471226
order_003476,cust_02956,delivered,2017-10-23 08:20:00,2017-11-01 04:05:00.500289,2017-11-01 04:20:55.979093
order_003477,cust_01475,delivered,2017-10-14 03:08:56,2017-10-22 12:23:58.720711,2017-11-06 12:56:51.490545
order_003478,cust_00519,delivered,2017-08-10 07:00:56,2017-08-18 10:10:36.799307,2017-08-16 11:31:30.032225
order_003479,cust_01256,delivered,2018-02-25 15:19:12,2018-03-05 14:43:30.377310,2018-03-04 22:20:42.907252
order_003480,cust_00719,delivered,2018-03-08 14:07:52,2018-03-17 15:36:43.569187,2018-03-15 01:54:14.726163
order_003481,cust_01658,delivered,2017-05-13 05:01:34,2017-05-21 18:29:20.774325,2017-05-18 09:49:33.230241
order_003482,cust_02197,delivered,2018-03-06 00:25:30,2018-03-15 01:22:28.173041,2018-03-12 12:55:26.210150
order_003483,cust_02623,delivered,2017-05-05 05:24:55,2017-05-13 06:35:15.791746,2017-05-10 05:54:54.025921
order_003484,cust_00620,delivered,2017-08-09 10:54:54,2017-08-18 00:32:12.049824,2017-08-16 16:14:17.601186
order_003485,cust_02984,delivered,2017-01-15 18:41:57,2017-01-23 16:34:08.387540,2017-01-25 15:26:52.800623
order_003486,cust_01975,delivered,2017-07-03 08:45:48,2017-07-11 23:07:26.969856,2017-07-10 16:57:01.379974
order_003487,cust_01993,delivered,2018-06-02 06:51:43,2018-06-12 16:39:09.993290,2018-06-11 15:51:29.329127
order_003488,cust_00256,delivered,2017-08-27 13:13:56,2017-09-05 21:29:26.693824,2017-09-07 20:24:53.014584
order_003489,cust_02247,delivered,2018-01-19 01:43:05,2018-01-28 01:37:32.988769,2018-01-25 20:45:03.875327
order_003490,cust_02065,delivered,2017-02-28 05:24:38,2017-03-09 11:02:22.852058,2017-03-05 01:26:55.512986
order_003491,cust_00766,delivered,2017-12-10 00:52:27,2017-12-20 11:37:59.098687,2017-12-17 16:49:38.686121
order_003492,cust_00538,delivered,2017-07-20 12:36:53,2017-07-29 00:20:12.417813,2017-07-27 12:37:40.679337
order_003493,cust_01458,delivered,2018-02-06 10:38:10,2018-02-15 12:43:54.717381,2018-02-14 22:38:29.890787
order_003494,cust_02470,delivered,2018-05-17 13:58:52,2018-05-23 23:00:44.820693,2018-05-26 09:41:59.966589
order_003495,cust_00478,delivered,2017-10-15 14:48:39,2017-10-24 18:52:59.746527,2017-10-22 20:05:07.260850
order_003496,cust_01845,delivered,2017-02-25 09:28:58,2017-03-04 17:31:17.769473,2017-03-03 03:39:23.614456
order_003497,cust_02409,delivered,2017-09-15 20:51:11,2017-09-25 06:47:13.680369,2017-09-24 04:57:43.331763
order_003498,cust_00881,delivered,2017-03-08 22:02:16,2017-03-16 18:18:37.779703,2017-03-15 06:49:08.233707
order_003499,cust_01527,delivered,2017-08-31 02:39:33,2017-09-09 22:59:48.293390,2017-09-06 11:08:03.651104
order_003500,cust_02698,delivered,2017-02-03 22:04:58,2017-02-13 21:04:51.132222,2017-02-11 17:36:47.343324
order_003501,cust_00433,delivered,2017-12-12 04:43:12,2017-12-20 08:29:54.179530,2017-12-24 02:06:00.481761
order_003502,cust_00735,delivered,2017-06-17 05:57:42,2017-06-26 09:15:24.828141,2017-06-23 14:12:22.017010
order_003503,cust_00105,delivered,2017-04-19 12:42:54,2017-04-29 02:55:54.230920,2017-04-24 20:18:25.760240
order_003504,cust_02810,delivered,2017-01-10 00:42:20,2017-01-18 01:50:11.104909,2017-01-18 12:43:07.907034
order_003505,cust_00278,delivered,2018-04-25 08:44:18,2018-05-02 19:49:19.627456,2018-05-02 01:53:00.826283
order_003506,cust_01434,delivered,2018-03-29 04:40:12,2018-04-06 23:44:30.506410,2018-04-01 12:02:28.779484
order_003507,cust_02052,delivered,2018-03-15 11:34:51,2018-03-24 05:47:43.401606,2018-03-21 07:15:18.337714
order_003508,cust_02243,delivered,2017-02-01 19:33:08,2017-02-11 22:22:04.928214,2017-02-06 08:21:30.439819
order_003509,cust_01552,delivered,2017-07-08 22:10:44,2017-07-18 21:10:11.573173,2017-07-19 11:36:11.604737
order_003510,cust_02048,delivered,2018-06-09 05:05:32,2018-06-18 20:51:49.224651,2018-06-17 12:14:25.543671
order_003511,cust_00313,delivered,2017-11-09 13:04:38,2017-11-18 23:53:09.086141,2017-11-17 05:26:21.620748
order_003512,cust_02204,delivered,2017-03-11 11:23:09,2017-03-20 17:08:15.317016,2017-03-21 21:23:41.924032
order_003513,cust_01558,delivered,2017-03-18 09:57:46,2017-03-27 14:20:02.654869,2017-03-27 16:31:44.556346
order_003514,cust_02513,delivered,2017-05-23 15:11:04,2017-06-02 22:25:34.421398,2017-05-29 10:45:19.927864
order_003515,cust_00916,delivered,2018-06-10 23:44:47,2018-06-19 14:46:06.403820,2018-06-17 20:46:24.337835
order_003516,cust_02592,canceled,2017-04-02 09:43:32,2017-04-11 03:12:18.845733,
order_003517,cust_01627,delivered,2018-05-03 01:33:54,2018-05-12 03:38:23.642466,2018-05-09 22:49:33.340907
order_003518,cust_01926,delivered,2018-01-02 21:58:59,2018-01-11 17:36:08.239178,2018-01-06 14:53:38.876992
order_003519,cust_00103,delivered,2018-05-13 22:22:14,2018-05-22 17:45:04.700086,2018-05-23 01:10:47.912626
order_003520,cust_01124,delivered,2018-03-23 07:44:12,2018-04-01 04:39:58.408537,2018-04-01 07:50:11.515928
order_003521,cust_02703,delivered,2017-06-29 12:02:23,2017-07-08 21:21:13.515890,2017-07-08 07:10:47.941546
order_003522,cust_01334,canceled,2018-03-24 20:42:07,2018-03-30 23:01:37.222392,
order_003523,cust_02712,delivered,2017-04-02 12:05:24,2017-04-11 02:50:10.743181,2017-04-13 07:02:53.611316
order_003524,cust_00266,delivered,2017-06-07 11:32:55,2017-06-17 02:05:05.585024,2017-06-19 07:00:08.110243
order_003525,cust_00251,delivered,2017-04-25 22:07:37,2017-05-02 20:45:21.264802,2017-05-04 21:05:25.042348
order_003526,cust_02921,delivered,2017-03-13 19:53:28,2017-03-22 22:54:44.088095,2017-03-21 08:16:55.583424
order_003527,cust_01317,delivered,2017-02-18 12:10:32,2017-02-27 05:00:58.971371,2017-02-26 22:19:39.417948
order_003528,cust_02444,delivered,2017-04-12 03:52:33,2017-04-21 01:27:02.801524,2017-04-17 06:24:35.714717
order_003529,cust_01101,delivered,2017-03-06 10:31:18,2017-03-14 22:31:03.061355,2017-03-12 02:19:07.865142
order_003530,cust_02346,delivered,2017-07-25 16:14:05,2017-08-04 03:33:56.231625,2017-07-30 05:59:46.850868
order_003531,cust_01739,delivered,2017-02-08 06:32:23,2017-02-17 21:46:02.550329,2017-02-13 16:10:52.327959
order_003532,cust_02056,delivered,2017-02-03 12:53:41,2017-02-11 09:57:50.347156,2017-02-09 15:34:54.598314
order_003533,cust_02925,delivered,2018-06-19 15:48:41,2018-06-28 00:46:51.449127,2018-06-28 10:26:03.253752
order_003534,cust_00430,delivered,2017-02-17 02:02:25,2017-02-27 13:56:37.826231,2017-02-24 20:11:18.892495
order_003535,cust_01022,delivered,2017-02-09 13:40:17,2017-02-18 11:18:35.334618,2017-03-05 13:03:40.625182
order_003536,cust_02774,delivered,2017-01-17 17:42:05,2017-01-25 22:47:02.757026,2017-01-25 23:38:25.657269
order_003537,cust_01658,delivered,2017-03-13 05:08:39,2017-03-22 21:58:26.722306,2017-03-20 07:45:23.058908
order_003538,cust_02755,delivered,2017-10-13 13:09:43,2017-10-21 09:25:54.129703,2017-10-18 06:26:09.822119
order_003539,cust_01920,delivered,2018-03-23 17:01:33,2018-04-02 05:38:35.432201,2018-04-01 01:03:45.056506
order_003540,cust_00981,delivered,2018-02-01 01:03:46,2018-02-10 14:18:01.800149,2018-02-10 07:00:27.978642
order_003541,cust_02668,delivered,2017-11-10 15:27:29,2017-11-20 08:11:44.540664,2017-11-18 00:52:18.210562
order_003542,cust_00781,delivered,2017-02-15 06:14:01,2017-02-26 05:17:39.193922,2017-02-23 08:42:28.975392
order_003543,cust_00564,delivered,2018-02-23 09:32:09,2018-03-03 04:32:29.891765,2018-02-28 13:06:35.852502
order_003544,cust_00889,delivered,2017-01-21 15:33:07,2017-01-31 15:11:15.982577,2017-01-26 11:12:59.519131
order_003545,cust_02578,delivered,2017-12-07 00:06:20,2017-12-16 16:39:04.213146,2017-12-15 02:55:34.427728
order_003546,cust_01794,delivered,2017-08-10 00:24:10,2017-08-20 13:38:58.598493,2017-08-18 13:47:40.287362
order_003547,cust_02499,delivered,2018-04-22 10:43:04,2018-04-30 12:54:24.167302,2018-05-02 04:03:14.526602
order_003548,cust_00422,canceled,2017-06-16 22:47:40,2017-06-25 03:17:31.465637,
order_003549,cust_01576,delivered,2017-12-11 00:08:43,2017-12-20 21:45:19.922759,2017-12-19 04:45:02.703103
order_003550,cust_01047,delivered,2017-08-26 18:55:50,2017-09-03 21:27:43.691371,2017-09-04 07:33:47.453882
order_003551,cust_02639,delivered,2017-10-09 01:47:59,2017-10-18 20:26:51.700520,2017-10-23 23:47:36.725639
order_003552,cust_00356,delivered,2018-05-22 11:44:03,2018-05-31 16:36:54.597007,2018-05-27 10:21:57.030580
order_003553,cust_00099,delivered,2018-01-20 10:20:04,2018-01-30 08:13:04.514127,2018-02-04 09:19:39.303802
order_003554,cust_00009,delivered,2017-08-12 11:14:03,2017-08-21 14:07:43.917331,2017-08-26 11:08:35.119884
order_003555,cust_02015,delivered,2017-08-30 01:57:57,2017-09-08 00:42:56.151436,2017-09-03 22:58:33.855493
order_003556,cust_00154,delivered,2018-01-16 18:05:05,2018-01-25 01:11:52.842133,2018-01-29 03:45:57.208258
order_003557,cust_01999,delivered,2017-07-06 06:36:57,2017-07-14 20:22:36.096967,2017-07-12 17:28:58.414058
order_003558,cust_02041,delivered,2017-04-01 18:30:18,2017-04-09 07:42:57.697710,2017-04-10 07:59:09.386301
order_003559,cust_01959,delivered,2017-09-10 15:43:54,2017-09-19 11:36:14.866042,2017-09-17 22:08:02.646066
order_003560,cust_02342,delivered,2017-02-06 13:13:51,2017-02-14 13:09:23.379137,2017-02-13 09:09:20.227173
order_003561,cust_02144,delivered,2017-04-02 07:24:24,2017-04-11 13:09:29.401406,2017-04-11 08:36:38.774853
order_003562,cust_01851,delivered,2017-08-16 15:39:15,2017-08-24 07:14:58.648875,2017-08-24 21:25:55.316383
order_003563,cust_02264,delivered,2018-03-07 23:56:36,2018-03-16 14:51:20.965913,2018-03-16 18:18:52.084532
order_003564,cust_00677,delivered,2018-02-26 22:09:18,2018-03-08 16:04:54.477297,2018-03-07 22:08:10.543670
order_003565,cust_01101,delivered,2017-05-21 21:59:28,2017-05-30 12:27:57.659141,2017-05-28 10:27:56.784190
order_003566,cust_02230,delivered,2017-08-16 05:16:22,2017-08-26 00:10:37.088541,2017-08-24 09:01:52.891661
order_003567,cust_02071,delivered,2017-03-24 14:02:50,2017-04-03 07:25:27.577941,2017-03-29 17:40:07.102690
order_003568,cust_00847,delivered,2018-02-12 09:32:50,2018-02-21 05:50:31.085076,2018-02-19 08:33:25.876006
order_003569,cust_01951,delivered,2017-05-14 23:12:24,2017-05-25 11:59:39.433302,2017-05-21 14:45:35.065234
order_003570,cust_02433,delivered,2018-03-08 22:48:07,2018-03-17 08:49:28.526664,2018-03-13 15:06:25.404224
order_003571,cust_02345,delivered,2018-03-31 20:49:56,2018-04-10 18:15:17.164892,2018-04-08 08:00:42.511463
order_003572,cust_00745,delivered,2018-01-08 03:54:20,2018-01-17 17:57:44.883615,2018-01-14 06:31:23.487558
order_003573,cust_02369,delivered,2017-06-28 07:39:12,2017-07-08 00:54:49.245003,2017-07-07 08:13:22.684641
order_003574,cust_02283,delivered,2018-05-30 17:04:14,2018-06-07 07:20:52.271719,2018-06-05 13:45:10.243933
order_003575,cust_00656,canceled,2018-01-06 17:59:25,2018-01-14 12:52:26.489143,
order_003576,cust_01481,delivered,2017-12-15 08:24:25,2017-12-22 15:29:32.830852,2017-12-24 03:13:50.622235
order_003577,cust_00565,delivered,2018-04-08 03:17:02,2018-04-16 20:33:58.572728,2018-04-17 07:19:51.049111
order_003578,cust_01346,delivered,2018-04-21 03:17:09,2018-04-30 06:48:19.071669,2018-04-26 08:30:19.541513
order_003579,cust_02441,delivered,2017-02-11 16:25:45,2017-02-22 05:10:04.454659,2017-02-26 15:49:17.258452
order_003580,cust_01891,delivered,2018-04-22 10:54:00,2018-04-30 08:00:51.140448,2018-04-30 11:04:02.895770
order_003581,cust_01681,delivered,2018-02-18 11:47:09,2018-02-27 22:54:01.055870,2018-02-27 02:41:25.113135
order_003582,cust_02718,delivered,2017-04-22 19:34:07,2017-05-03 08:17:16.780392,2017-04-28 07:20:10.782887
order_003583,cust_00140,delivered,2017-06-16 00:24:13,2017-06-24 06:06:37.380630,2017-06-23 02:10:41.339256
order_003584,cust_02860,delivered,2018-02-11 18:06:31,2018-02-20 23:38:56.554855,2018-02-23 21:35:05.307906
order_003585,cust_02811,delivered,2017-04-27 06:34:53,2017-05-05 14:28:07.332961,2017-05-04 18:22:59.413934
order_003586,cust_01297,delivered,2017-09-02 22:20:56,2017-09-12 01:37:14.370374,2017-09-12 18:51:15.793557
order_003587,cust_00136,delivered,2018-01-08 22:55:45,2018-01-18 00:05:21.837957,2018-01-15 20:45:49.578472
order_003588,cust_00721,delivered,2017-12-18 12:03:04,2017-12-26 23:20:18.928010,2017-12-24 16:22:22.781805
order_003589,cust_00904,delivered,2018-05-07 07:34:47,2018-05-14 10:05:16.723661,2018-05-11 20:50:15.635329
order_003590,cust_01824,canceled,2017-03-02 05:35:46,2017-03-10 22:37:20.208477,
order_003591,cust_02344,delivered,2017-06-09 04:21:17,2017-06-18 15:28:13.814809,2017-06-17 21:40:39.519879
order_003592,cust_02553,delivered,2018-06-16 23:58:51,2018-06-26 12:53:11.901472,2018-06-27 11:58:31.941851
order_003593,cust_00402,delivered,2017-11-04 04:30:02,2017-11-13 07:59:51.631767,2017-11-14 09:20:18.599206
order_003594,cust_02708,delivered,2017-05-15 10:43:03,2017-05-24 01:22:10.451593,2017-05-21 17:55:24.838457
order_003595,cust_01960,delivered,2017-06-06 11:30:04,2017-06-15 01:40:28.158883,2017-06-13 15:24:31.841313
order_003596,cust_02428,delivered,2017-07-03 16:18:01,2017-07-12 04:23:38.697436,2017-07-09 15:09:48.975024
order_003597,cust_01106,delivered,2017-10-27 20:13:24,2017-11-04 14:03:40.937776,2017-11-04 17:31:55.710992
order_003598,cust_01225,delivered,2017-06-03 13:23:30,2017-06-09 02:30:44.439339,2017-06-15 00:09:15.512729
order_003599,cust_02198,delivered,2017-12-02 18:11:31,2017-12-11 15:08:28.056137,2017-12-12 01:50:42.091846
order_003600,cust_01265,delivered,2017-08-29 13:36:01,2017-09-06 13:37:20.723117,2017-09-02 23:24:42.358740
order_003601,cust_02930,delivered,2017-11-26 10:29:04,2017-12-04 21:51:46.286170,2017-12-06 09:54:02.221468
order_003602,cust_01356,delivered,2017-03-25 03:47:09,2017-04-03 02:59:23.901386,2017-04-02 04:06:43.319025
order_003603,cust_02439,shipped,2017-12-03 05:00:34,2017-12-12 21:39:06.188615,
order_003604,cust_01584,delivered,2018-05-15 10:22:40,2018-05-23 21:09:32.771551,2018-05-20 07:26:54.960031
order_003605,cust_02680,delivered,2017-03-14 01:06:20,2017-03-24 01:01:24.687062,2017-03-26 15:18:31.640489
order_003606,cust_02911,delivered,2017-06-26 07:35:33,2017-07-04 15:53:50.258736,2017-07-04 00:27:39.476275
order_003607,cust_00573,delivered,2018-01-10 11:06:11,2018-01-18 11:30:43.215052,2018-01-18 11:38:05.100254
order_003608,cust_00639,delivered,2017-11-30 11:20:35,2017-12-09 07:29:31.430185,2017-12-11 02:13:05.509901
order_003609,cust_00605,delivered,2017-12-31 19:33:16,2018-01-09 19:20:22.436975,2018-01-07 10:14:57.993373
order_003610,cust_01147,delivered,2017-10-30 23:13:25,2017-11-10 20:26:42.888773,2017-11-06 20:20:18.654122
order_003611,cust_00929,delivered,2018-01-04 17:30:44,2018-01-14 21:27:50.459305,2018-01-13 00:40:45.783938
order_003612,cust_00727,delivered,2017-11-26 01:54:31,2017-12-05 05:13:33.868686,2017-12-06 12:06:59.792825
order_003613,cust_01096,delivered,2017-02-09 09:48:23,2017-02-18 23:36:32.834269,2017-02-16 15:58:17.161101
order_003614,cust_01904,delivered,2018-02-10 17:31:04,2018-02-19 11:37:15.364047,2018-02-18 19:45:17.588695
order_003615,cust_01847,delivered,2017-08-30 14:16:22,2017-09-09 10:59:19.415568,2017-09-07 18:56:56.204976
order_003616,cust_00133,delivered,2017-01-28 10:59:12,2017-02-07 06:33:46.509722,2017-02-03 15:26:15.446893
order_003617,cust_01978,delivered,2017-08-09 10:28:11,2017-08-18 08:55:16.626056,2017-08-15 19:14:46.985423
order_003618,cust_00618,delivered,2017-08-23 09:44:34,2017-09-03 04:46:17.089884,2017-08-27 23:45:49.860136
order_003619,cust_02608,delivered,2017-02-16 13:53:46,2017-02-26 15:09:49.822374,2017-02-28 17:33:07.984245
order_003620,cust_01364,delivered,2018-06-22 04:17:26,2018-07-01 12:45:34.301653,2018-07-04 21:03:03.590014
order_003621,cust_02094,delivered,2017-05-01 12:25:12,2017-05-09 07:46:21.736691,2017-05-06 19:54:00.938765
order_003622,cust_00998,delivered,2017-06-28 04:56:26,2017-07-07 11:00:06.268606,2017-07-05 19:51:56.007923
order_003623,cust_00941,delivered,2017-08-27 16:20:35,2017-09-05 01:23:29.990006,2017-09-03 00:01:40.190413
order_003624,cust_01892,canceled,2018-03-26 20:45:14,2018-04-03 16:07:30.891394,
order_003625,cust_02493,delivered,2018-02-06 12:11:06,2018-02-14 12:29:18.605803,2018-02-14 11:15:44.052420
order_003626,cust_02904,delivered,2018-02-21 09:18:06,2018-03-02 20:53:18.060889,2018-02-28 19:20:18.600296
order_003627,cust_00181,delivered,2017-05-09 22:34:28,2017-05-18 11:33:11.208850,2017-05-15 23:15:11.188737
order_003628,cust_02371,delivered,2018-04-02 15:49:57,2018-04-11 17:05:22.177334,2018-04-06 19:26:57.723713
order_003629,cust_02569,delivered,2018-03-25 10:16:21,2018-04-03 14:36:06.330426,2018-04-01 16:17:57.972371
order_003630,cust_02290,delivered,2017-09-08 00:41:26,2017-09-17 06:50:17.393467,2017-09-16 16:58:58.312006
order_003631,cust_02903,delivered,2017-10-22 00:22:55,2017-11-01 07:07:21.701866,2017-10-31 03:09:52.910063
order_003632,cust_00573,delivered,2017-01-21 05:18:56,2017-01-31 22:08:30.879224,2017-01-28 02:19:28.664418
order_003633,cust_02049,delivered,2018-02-15 05:40:22,2018-02-24 11:05:14.042081,2018-02-20 12:25:23.242995
order_003634,cust_02377,delivered,2018-06-03 17:18:48,2018-06-14 00:20:50.093101,2018-06-16 10:31:24.030308
order_003635,cust_00519,delivered,2017-09-13 12:00:52,2017-09-23 07:47:45.064518,2017-09-20 13:27:37.952771
order_003636,cust_02060,delivered,2017-10-19 23:59:56,2017-10-29 20:23:24.720480,2017-11-18 00:22:22.821135
order_003637,cust_02019,delivered,2017-09-27 12:58:25,2017-10-08 20:54:44.902702,2017-10-06 15:20:09.136708
order_003638,cust_00209,delivered,2017-02-14 21:40:29,2017-02-23 07:46:56.048560,2017-02-21 17:26:58.922874
order_003639,cust_02627,delivered,2017-12-01 13:15:26,2017-12-10 17:27:18.513026,2017-12-10 10:19:11.827629
order_003640,cust_01494,delivered,2018-01-25 08:35:46,2018-02-04 21:07:51.436517,2018-01-31 01:05:29.490304
order_003641,cust_00332,delivered,2018-05-17 17:08:57,2018-05-26 20:33:47.258184,2018-05-25 09:07:34.966866
order_003642,cust_02087,delivered,2018-05-18 10:47:10,2018-05-25 00:01:46.848609,2018-05-22 23:35:28.650657
order_003643,cust_00981,delivered,2017-09-23 06:35:29,2017-10-02 20:46:48.804432,2017-10-01 08:26:47.561351
order_003644,cust_02955,delivered,2018-06-02 11:21:26,2018-06-12 09:54:43.213562,2018-06-13 03:49:35.318737
order_003645,cust_01179,delivered,2017-10-13 15:57:27,2017-10-22 20:39:56.176485,2017-10-22 09:42:42.110583
order_003646,cust_01804,delivered,2017-12-13 09:00:48,2017-12-22 14:29:52.315995,2017-12-20 13:04:47.150142
order_003647,cust_00038,delivered,2017-11-22 16:53:48,2017-12-02 02:23:48.913194,2017-11-29 13:36:59.740383
order_003648,cust_02690,delivered,2018-06-24 23:32:13,2018-07-04 16:17:19.856916,2018-06-30 15:07:15.216148
order_003649,cust_00135,delivered,2018-02-03 09:52:14,2018-02-12 15:55:56.303955,2018-02-10 20:10:26.337287
order_003650,cust_00961,delivered,2017-03-06 07:05:08,2017-03-15 11:37:39.328076,2017-03-16 00:34:21.867451
order_003651,cust_02207,delivered,2017-02-08 09:39:07,2017-02-17 06:48:12.989982,2017-02-17 02:35:08.567492
order_003652,cust_00326,delivered,2017-08-10 20:07:05,2017-08-19 18:41:23.698454,2017-08-18 15:06:23.741599
order_003653,cust_00727,delivered,2017-10-06 04:17:39,2017-10-14 08:11:49.990433,2017-10-14 19:28:18.864829
order_003654,cust_02635,delivered,2017-12-28 23:22:05,2018-01-06 17:13:10.725031,2018-01-07 18:50:36.466784
order_003655,cust_02530,delivered,2017-09-18 09:56:08,2017-09-27 07:34:15.376557,2017-09-27 06:25:42.554791
order_003656,cust_02297,delivered,2017-10-05 20:11:55,2017-10-14 23:25:05.526639,2017-10-12 18:23:54.133483
order_003657,cust_02561,delivered,2018-05-13 18:53:00,2018-05-22 21:37:23.393459,2018-05-20 20:25:27.814973
order_003658,cust_00892,delivered,2017-06-30 18:48:21,2017-07-09 13:08:20.097838,2017-07-08 21:16:43.897358
order_003659,cust_02358,delivered,2017-09-24 21:48:55,2017-10-04 03:40:17.723283,2017-10-05 17:47:45.570282
order_003660,cust_02972,delivered,2017-10-28 04:26:11,2017-11-05 20:24:16.966487,2017-11-06 13:34:09.740091
order_003661,cust_01532,delivered,2017-09-10 14:14:48,2017-09-20 02:12:21.635157,2017-09-20 14:08:25.573576
order_003662,cust_00538,delivered,2018-06-07 02:22:33,2018-06-15 03:20:21.405231,2018-06-13 16:16:37.583110
order_003663,cust_00567,delivered,2018-06-04 07:11:05,2018-06-15 06:34:54.693511,2018-06-12 05:37:59.537422
order_003664,cust_02692,delivered,2017-10-05 00:58:26,2017-10-14 16:02:48.715197,2017-10-11 16:24:41.321401
order_003665,cust_01240,delivered,2017-09-01 16:22:29,2017-09-10 13:45:54.651734,2017-09-08 17:43:24.801879
order_003666,cust_00846,delivered,2017-11-15 14:35:07,2017-11-23 15:55:50.024188,2017-11-23 07:02:32.618329
order_003667,cust_01262,delivered,2017-04-08 17:45:48,2017-04-18 06:10:11.205746,2017-04-17 22:03:43.946253
order_003668,cust_00517,delivered,2017-08-19 04:13:46,2017-08-27 22:26:48.818877,2017-08-30 08:44:56.883456
order_003669,cust_00402,delivered,2017-04-28 07:58:23,2017-05-06 18:57:08.095216,2017-05-06 03:41:19.377382
order_003670,cust_00057,delivered,2017-03-19 16:13:55,2017-03-28 04:26:19.287327,2017-03-29 06:02:29.447115
order_003671,cust_02900,delivered,2017-02-21 19:50:13,2017-03-01 13:09:38.925236,2017-02-28 09:08:23.909417
order_003672,cust_00613,delivered,2017-11-14 21:15:22,2017-11-25 02:05:04.584166,2017-11-22 02:12:20.918810
order_003673,cust_01725,delivered,2017-01-01 01:46:07,2017-01-09 19:30:22.704333,2017-01-11 20:46:20.443016
order_003674,cust_00143,delivered,2017-12-15 09:39:38,2017-12-25 15:18:52.281921,2017-12-22 12:10:17.761714
order_003675,cust_00807,delivered,2017-08-22 00:15:29,2017-08-31 20:17:26.175662,2017-08-29 00:21:20.577590
order_003676,cust_00601,delivered,2017-07-17 19:38:39,2017-07-26 04:42:38.205398,2017-07-26 02:25:42.879603
order_003677,cust_02847,delivered,2018-02-20 02:57:04,2018-02-28 11:40:41.992963,2018-02-27 08:19:32.728660
order_003678,cust_00283,delivered,2017-10-18 19:43:53,2017-10-27 22:12:17.650263,2017-10-24 02:38:41.456382
order_003679,cust_01573,delivered,2018-02-01 03:44:39,2018-02-11 09:54:54.298321,2018-02-05 23:08:42.955472
order_003680,cust_01732,canceled,2018-01-19 00:22:07,2018-01-27 07:23:39.199413,
order_003681,cust_02543,shipped,2017-01-18 21:05:39,2017-01-28 01:57:55.236715,
order_003682,cust_02690,delivered,2017-04-27 10:31:53,2017-05-07 02:23:09.226538,2017-05-05 09:14:44.276555
order_003683,cust_02235,delivered,2017-11-04 10:11:58,2017-11-12 22:27:35.815260,2017-11-12 04:07:39.562201
order_003684,cust_00396,delivered,2018-06-11 15:31:17,2018-06-19 20:37:19.362229,2018-06-17 12:35:07.361487
order_003685,cust_00238,delivered,2017-03-25 06:35:54,2017-04-02 16:30:59.177147,2017-04-04 02:53:46.590353
order_003686,cust_01686,delivered,2017-02-27 16:34:44,2017-03-08 15:25:29.352473,2017-03-06 02:54:28.837425
order_003687,cust_02783,canceled,2018-05-24 10:17:52,2018-05-31 17:11:55.252905,
order_003688,cust_02569,delivered,2018-06-07 06:32:37,2018-06-17 09:10:30.280336,2018-06-13 03:14:17.321596
order_003689,cust_01985,delivered,2017-04-01 09:28:34,2017-04-08 18:01:38.101969,2017-04-09 03:33:42.346598
order_003690,cust_00570,delivered,2017-08-05 00:08:50,2017-08-13 12:14:31.362727,2017-08-12 05:53:28.242050
order_003691,cust_00607,delivered,2017-12-05 07:14:06,2017-12-13 01:19:10.564933,2017-12-09 05:25:24.005609
order_003692,cust_01481,delivered,2017-04-16 14:11:41,2017-04-26 01:52:13.045342,2017-04-24 23:34:47.454301
order_003693,cust_00661,delivered,2017-06-26 03:18:34,2017-07-05 11:28:04.120425,2017-06-30 20:20:18.518956
order_003694,cust_01258,delivered,2017-08-02 02:50:42,2017-08-11 20:01:07.410625,2017-08-07 17:56:46.399582
order_003695,cust_01192,delivered,2017-12-13 15:44:31,2017-12-22 09:46:01.578124,2017-12-18 02:46:33.361213
order_003696,cust_00735,delivered,2017-06-16 10:16:39,2017-06-24 15:35:00.233241,2017-06-25 09:03:37.311256
order_003697,cust_01386,delivered,2017-08-11 03:16:42,2017-08-20 15:57:39.434167,2017-08-15 06:14:29.199347
order_003698,cust_02321,delivered,2017-06-06 17:56:53,2017-06-15 03:11:26.185296,2017-06-15 07:28:07.729441
order_003699,cust_01474,delivered,2018-02-15 18:36:36,2018-02-24 19:14:00.600345,2018-02-21 20:34:14.898686
order_003700,cust_00375,delivered,2017-03-24 00:50:03,2017-04-03 22:03:20.434546,2017-03-31 20:46:15.688818
order_003701,cust_02460,delivered,2017-05-05 04:50:25,2017-05-14 01:34:51.106009,2017-05-12 21:16:57.273643
order_003702,cust_01296,delivered,2017-05-15 08:53:17,2017-05-26 03:23:14.466365,2017-05-21 22:26:11.983438
order_003703,cust_00332,delivered,2018-05-05 17:33:10,2018-05-14 15:12:21.557455,2018-05-12 19:00:57.153449
order_003704,cust_02425,delivered,2018-05-26 01:46:36,2018-06-03 22:15:23.262610,2018-06-04 07:32:40.905393
order_003705,cust_00092,delivered,2017-09-28 19:20:02,2017-10-06 17:15:08.103409,2017-10-05 17:33:51.991072
order_003706,cust_02892,delivered,2017-03-26 07:39:59,2017-04-02 15:08:05.388414,2017-04-02 14:19:59.483191
order_003707,cust_01293,delivered,2018-02-13 03:00:28,2018-02-24 05:35:58.725677,2018-02-17 07:27:49.444343
order_003708,cust_02568,delivered,2017-09-23 20:43:15,2017-10-02 10:37:49.142246,2017-09-30 05:33:16.013679
order_003709,cust_00010,delivered,2018-04-04 02:04:54,2018-04-11 03:58:29.175664,2018-04-11 23:27:33.820537
order_003710,cust_00907,delivered,2017-07-14 03:06:35,2017-07-23 09:55:54.874465,2017-07-19 13:07:46.263596
order_003711,cust_02162,delivered,2018-06-24 22:47:23,2018-07-04 09:33:50.011263,2018-07-04 05:45:15.671337
order_003712,cust_02571,delivered,2018-03-12 12:28:10,2018-03-21 10:56:15.863638,2018-03-23 20:20:43.048733
order_003713,cust_02657,delivered,2017-05-01 11:06:47,2017-05-11 04:05:21.582459,2017-05-02 18:35:30.390766
order_003714,cust_01206,delivered,2018-01-27 16:29:47,2018-02-04 16:11:55.944545,2018-02-01 16:12:59.062656
order_003715,cust_01178,delivered,2017-06-04 15:07:32,2017-06-11 22:31:49.561766,2017-06-13 19:26:50.023940
order_003716,cust_00388,delivered,2017-07-08 14:43:31,2017-07-16 22:47:53.017678,2017-07-15 09:49:53.919493
order_003717,cust_01659,delivered,2017-05-16 00:33:29,2017-05-25 04:58:21.471907,2017-05-23 19:24:52.636438
order_003718,cust_01113,delivered,2018-01-04 13:14:29,2018-01-14 07:31:19.729745,2018-01-10 18:50:36.508263
order_003719,cust_02009,delivered,2017-05-22 06:41:20,2017-05-31 05:20:52.938280,2017-05-27 19:11:43.607293
order_003720,cust_02198,delivered,2017-12-11 19:23:02,2017-12-19 04:58:57.020776,2017-12-21 11:55:07.528013
order_003721,cust_02413,delivered,2017-11-11 12:07:46,2017-11-21 21:27:16.947395,2017-11-17 22:46:53.307530
order_003722,cust_01092,delivered,2018-02-10 02:58:13,2018-02-18 15:56:36.800912,2018-02-20 06:39:00.478650
order_003723,cust_00744,delivered,2018-06-21 21:16:09,2018-06-30 12:39:17.026838,2018-06-29 01:13:41.920495
order_003724,cust_02132,delivered,2017-01-05 06:49:22,2017-01-14 13:18:46.923137,2017-01-13 04:19:01.716282
order_003725,cust_01233,delivered,2018-06-19 06:30:52,2018-06-27 12:22:08.523204,2018-06-27 09:09:46.492357
order_003726,cust_00903,delivered,2017-03-01 22:28:14,2017-03-11 19:43:04.818539,2017-03-10 04:33:51.583003
order_003727,cust_01608,delivered,2017-10-12 18:36:16,2017-10-22 18:32:06.634894,2017-10-20 14:01:49.530734
order_003728,cust_01762,delivered,2017-07-04 20:37:42,2017-07-13 17:39:48.608708,2017-07-11 10:45:35.406953
order_003729,cust_01856,delivered,2017-12-12 15:53:35,2017-12-22 19:34:26.741034,2017-12-25 06:26:40.440602
order_003730,cust_00671,delivered,2018-01-25 21:51:05,2018-02-04 09:10:24.989057,2018-02-01 05:05:49.307126
order_003731,cust_00938,delivered,2018-04-10 02:45:59,2018-04-17 15:31:34.864835,2018-04-22 10:10:26.794305
order_003732,cust_01998,delivered,2017-08-06 14:23:57,2017-08-16 09:53:49.387635,2017-08-14 11:11:07.422658
order_003733,cust_01723,delivered,2018-05-19 07:02:27,2018-05-27 07:58:27.881286,2018-05-26 23:21:34.451311
order_003734,cust_02895,delivered,2017-06-24 09:33:43,2017-07-03 20:29:43.906816,2017-07-02 12:16:47.347123
order_003735,cust_01266,delivered,2017-04-21 05:42:31,2017-04-30 00:33:00.658513,2017-04-24 07:54:24.025415
order_003736,cust_01060,delivered,2017-07-24 04:55:15,2017-08-04 04:18:37.442215,2017-07-31 23:45:15.994259
order_003737,cust_00816,delivered,2017-10-13 10:37:14,2017-10-22 05:29:05.668778,2017-10-20 06:07:52.436178
order_003738,cust_00356,delivered,2017-12-27 22:02:20,2018-01-04 17:03:42.816731,2018-01-05 13:19:48.378920
order_003739,cust_00303,delivered,2018-03-26 15:14:52,2018-04-04 18:18:44.114466,2018-04-04 00:04:07.145583
order_003740,cust_01084,delivered,2017-05-02 08:23:04,2017-05-10 23:08:29.349651,2017-05-09 10:13:20.494360
order_003741,cust_02268,delivered,2017-06-13 10:24:07,2017-06-22 13:16:15.492873,2017-06-21 21:16:53.921790
order_003742,cust_02989,delivered,2018-05-22 12:42:57,2018-05-30 12:30:29.064217,2018-05-30 08:10:46.742279
order_003743,cust_01201,delivered,2017-08-26 05:52:07,2017-09-01 19:35:09.847849,2017-09-01 10:16:35.799676
order_003744,cust_02026,delivered,2017-05-11 12:30:32,2017-05-18 07:51:50.836220,2017-05-16 14:02:22.580386
order_003745,cust_02159,canceled,2018-06-17 16:42:03,2018-06-25 22:47:54.952853,
order_003746,cust_02149,delivered,2017-08-31 05:50:09,2017-09-08 04:02:18.813911,2017-09-05 09:00:55.044752
order_003747,cust_02119,delivered,2018-06-16 14:01:38,2018-06-25 15:26:35.347643,2018-06-26 15:32:25.733906
order_003748,cust_02461,delivered,2018-05-12 17:00:03,2018-05-21 09:19:59.040616,2018-05-21 00:17:39.122164
order_003749,cust_02300,delivered,2018-05-05 12:27:48,2018-05-13 00:54:51.237586,2018-05-12 17:22:32.749864
order_003750,cust_00217,delivered,2017-11-11 07:00:25,2017-11-19 05:09:03.551217,2017-11-19 07:18:37.182776
order_003751,cust_01068,delivered,2018-03-08 13:18:21,2018-03-18 19:42:09.298330,2018-03-17 04:23:50.097060
order_003752,cust_01524,delivered,2018-06-03 19:02:15,2018-06-13 13:59:02.268846,2018-06-12 08:05:25.546098
order_003753,cust_01910,delivered,2017-05-26 05:19:32,2017-06-03 04:21:07.117887,2017-06-02 09:29:50.052554
order_003754,cust_01848,delivered,2017-01-21 13:47:32,2017-01-29 14:41:03.919913,2017-01-30 05:47:52.773984
order_003755,cust_00113,delivered,2017-06-23 16:19:49,2017-07-02 00:34:12.402188,2017-06-28 10:10:12.008076
order_003756,cust_02700,delivered,2017-12-10 07:42:57,2017-12-19 19:10:16.423575,2017-12-18 22:29:31.461070
order_003757,cust_01449,delivered,2017-10-23 09:18:00,2017-11-02 17:25:39.714916,2017-10-28 16:45:25.109056
order_003758,cust_01861,delivered,2017-02-13 21:19:57,2017-02-21 09:29:30.212858,2017-02-19 18:56:27.695112
order_003759,cust_01273,shipped,2017-10-30 08:43:23,2017-11-10 08:15:41.019722,
order_003760,cust_02558,delivered,2017-04-05 14:21:27,2017-04-14 15:00:18.054394,2017-04-18 02:38:02.607247
order_003761,cust_01358,delivered,2017-09-30 03:35:37,2017-10-10 03:19:19.652097,2017-10-09 10:09:12.677206
order_003762,cust_02319,delivered,2017-11-07 22:13:24,2017-11-16 12:05:26.091708,2017-11-14 14:14:37.348797
order_003763,cust_02426,delivered,2017-12-10 14:19:26,2017-12-19 09:21:38.849297,2017-12-20 05:14:53.622620
order_003764,cust_01448,delivered,2017-08-11 18:14:55,2017-08-21 21:15:39.037832,2017-08-21 11:10:55.878473
order_003765,cust_00713,shipped,2017-08-09 14:27:50,2017-08-18 20:51:03.691194,
order_003766,cust_02962,delivered,2018-01-02 08:31:54,2018-01-11 15:51:49.906135,2018-01-08 06:43:00.820642
order_003767,cust_00169,delivered,2018-02-09 08:10:01,2018-02-17 00:38:09.492410,2018-02-15 19:08:32.008158
order_003768,cust_02469,delivered,2018-03-13 16:49:44,2018-03-23 15:23:25.690991,2018-03-19 13:26:27.738492
order_003769,cust_01261,delivered,2017-06-30 20:38:11,2017-07-10 04:38:07.669395,2017-07-06 19:28:01.169496
order_003770,cust_02029,delivered,2017-08-18 03:03:48,2017-08-27 12:32:52.336029,2017-08-24 02:31:58.458116
order_003771,cust_00635,delivered,2017-06-28 20:17:27,2017-07-07 21:34:01.829735,2017-07-04 03:11:56.087000
order_003772,cust_00846,delivered,2017-10-12 19:55:12,2017-10-22 10:21:22.030021,2017-10-21 14:04:54.638573
order_003773,cust_00332,delivered,2017-03-10 02:37:02,2017-03-19 04:30:10.814536,2017-03-15 21:16:14.723655
order_003774,cust_00358,delivered,2017-08-21 02:35:45,2017-08-30 09:27:41.834071,2017-08-26 07:46:48.377145
order_003775,cust_01538,delivered,2017-04-12 16:40:51,2017-04-19 23:22:33.553613,2017-04-20 08:13:37.761108
order_003776,cust_02754,delivered,2017-10-15 20:13:38,2017-10-24 21:43:34.554749,2017-10-25 22:22:30.966082
order_003777,cust_00195,delivered,2018-04-05 09:27:07,2018-04-13 15:59:29.166938,2018-04-11 14:25:00.782446
order_003778,cust_02610,delivered,2018-06-17 15:22:30,2018-06-27 04:59:31.654981,2018-07-01 12:47:01.764331
order_003779,cust_00657,delivered,2017-08-29 23:59:35,2017-09-07 07:19:33.092750,2017-09-05 02:30:10.378542
order_003780,cust_00439,delivered,2017-01-31 07:44:49,2017-02-10 01:41:16.354586,2017-02-10 00:08:57.447288
order_003781,cust_00950,delivered,2017-05-04 05:24:02,2017-05-14 00:55:00.602308,2017-05-10 02:27:00.525377
order_003782,cust_02368,delivered,2017-02-26 23:47:55,2017-03-09 01:54:23.911557,2017-03-08 07:55:57.638825
order_003783,cust_02891,delivered,2018-02-15 06:43:57,2018-02-23 20:33:46.828558,2018-02-23 17:17:48.214705
order_003784,cust_02650,delivered,2018-06-16 11:20:32,2018-06-25 23:59:24.516074,2018-06-26 17:37:12.910489
order_003785,cust_00385,delivered,2017-10-27 10:36:37,2017-11-05 09:20:16.074270,2017-11-04 08:36:54.708931
order_003786,cust_01403,delivered,2017-04-06 12:33:26,2017-04-14 11:12:10.517276,2017-04-13 07:49:55.984566
order_003787,cust_00186,delivered,2017-01-12 06:26:56,2017-01-21 12:52:09.975065,2017-01-19 00:35:20.297306
order_003788,cust_01250,delivered,2018-06-12 16:17:47,2018-06-20 16:00:18.526258,2018-06-17 23:27:40.106266
order_003789,cust_00801,delivered,2017-06-20 16:36:28,2017-06-28 06:00:45.801089,2017-06-30 18:20:03.100822
order_003790,cust_00029,delivered,2017-03-02 04:48:48,2017-03-12 12:36:23.550767,2017-03-09 02:25:20.878592
order_003791,cust_01950,delivered,2017-04-06 11:32:30,2017-04-16 11:48:32.585175,2017-04-14 02:23:24.481718
order_003792,cust_02292,delivered,2017-05-18 01:22:35,2017-05-27 12:30:08.720131,2017-05-24 07:14:11.009788
order_003793,cust_02160,delivered,2017-12-21 05:18:03,2017-12-29 16:18:38.895593,2017-12-29 21:35:30.452242
order_003794,cust_00915,delivered,2018-04-27 23:41:35,2018-05-06 09:15:17.240858,2018-05-09 15:15:15.655765
order_003795,cust_01830,delivered,2017-05-29 12:09:10,2017-06-08 02:00:02.326341,2017-06-06 08:03:06.661942
order_003796,cust_01891,delivered,2018-01-07 14:56:43,2018-01-14 22:00:17.827929,2018-01-16 18:49:46.725460
order_003797,cust_00186,delivered,2017-02-05 21:19:51,2017-02-19 21:30:16.124037,2017-02-14 14:42:10.779475
order_003798,cust_00560,delivered,2017-01-06 17:07:47,2017-01-15 01:59:10.925793,2017-01-13 09:16:47.470212
order_003799,cust_00706,delivered,2017-01-30 19:01:02,2017-02-09 19:44:29.590013,2017-02-06 17:59:33.268398
order_003800,cust_00755,delivered,2018-05-14 17:05:21,2018-05-25 06:10:00.280960,2018-05-22 12:18:34.201683
order_003801,cust_01554,canceled,2017-11-11 11:58:18,2017-11-19 11:05:24.953828,
order_003802,cust_00809,delivered,2018-03-11 15:10:54,2018-03-20 00:36:43.062019,2018-03-20 18:39:05.115063
order_003803,cust_02980,delivered,2017-01-12 06:55:25,2017-01-20 17:55:03.087681,2017-01-19 15:51:07.019094
order_003804,cust_02260,delivered,2017-01-13 21:22:11,2017-01-24 05:58:40.463962,2017-01-19 11:32:09.057246
order_003805,cust_01104,delivered,2018-04-04 04:19:02,2018-04-13 19:55:12.234148,2018-04-13 02:56:13.120746
order_003806,cust_00445,delivered,2017-02-25 21:13:06,2017-03-08 02:53:36.397354,2017-03-06 12:13:59.732166
order_003807,cust_00150,delivered,2017-03-25 21:04:52,2017-03-31 22:20:22.463688,2017-04-03 03:12:32.815125
order_003808,cust_00988,delivered,2017-10-08 03:24:52,2017-10-17 09:11:11.880480,2017-10-15 19:35:42.941035
order_003809,cust_01661,delivered,2017-11-24 17:02:38,2017-12-05 07:14:53.135281,2017-11-29 04:46:07.258295
order_003810,cust_02123,delivered,2017-05-04 23:45:07,2017-05-13 18:26:48.725104,2017-05-13 18:53:34.525699
order_003811,cust_00334,delivered,2017-08-29 13:43:54,2017-09-07 07:38:39.891144,2017-09-04 20:26:06.242854
order_003812,cust_01175,delivered,2017-12-31 08:10:05,2018-01-08 06:30:59.175199,2018-01-08 13:31:02.681730
order_003813,cust_00651,delivered,2017-08-28 21:06:23,2017-09-07 18:27:39.410933,2017-09-05 13:51:26.683263
order_003814,cust_01568,delivered,2017-07-26 12:18:04,2017-08-03 23:33:34.689477,2017-07-29 17:27:20.195004
order_003815,cust_00256,delivered,2017-02-08 02:55:14,2017-02-17 03:02:55.934810,2017-02-16 23:07:17.407730
order_003816,cust_00949,delivered,2017-09-02 05:58:57,2017-09-13 08:12:27.597926,2017-09-13 05:18:26.598789
order_003817,cust_01459,delivered,2018-03-10 16:22:47,2018-03-20 12:00:06.451808,2018-03-20 19:56:56.888754
order_003818,cust_02832,delivered,2017-12-05 10:55:43,2017-12-14 10:47:34.921862,2017-12-14 02:56:30.751053
order_003819,cust_00403,delivered,2018-04-28 05:12:03,2018-05-06 20:59:33.765047,2018-05-06 02:28:55.720111
order_003820,cust_01532,delivered,2017-03-10 19:10:36,2017-03-19 17:32:00.552155,2017-03-17 03:39:14.934131
order_003821,cust_00780,delivered,2017-01-06 02:53:37,2017-01-16 12:04:50.697735,2017-01-15 18:41:55.726090
order_003822,cust_02895,delivered,2017-10-24 05:15:27,2017-11-03 15:50:18.460716,2017-10-30 02:57:20.927681
order_003823,cust_00859,delivered,2017-04-07 11:10:28,2017-04-16 10:55:58.567018,2017-04-14 06:49:36.246519
order_003824,cust_01475,delivered,2017-11-17 00:56:54,2017-11-26 08:23:53.573169,2017-11-26 03:25:00.792062
order_003825,cust_01560,delivered,2018-05-04 09:17:50,2018-05-14 06:11:06.924720,2018-05-12 05:10:40.978430
order_003826,cust_02930,delivered,2017-07-02 21:50:19,2017-07-12 03:37:24.599560,2017-07-10 17:10:16.285748
order_003827,cust_00709,delivered,2017-10-24 22:35:17,2017-11-03 05:15:35.686461,2017-10-31 03:41:12.655565
order_003828,cust_01421,delivered,2018-01-04 20:55:36,2018-01-15 11:16:09.885769,2018-01-12 01:24:08.452387
order_003829,cust_00739,delivered,2017-03-23 07:46:31,2017-04-02 10:56:30.482085,2017-03-28 13:34:00.585936
order_003830,cust_00338,delivered,2018-04-30 01:33:24,2018-05-08 19:09:21.781925,2018-05-11 07:33:34.817898
order_003831,cust_00840,delivered,2017-04-20 19:33:27,2017-04-29 06:54:51.786196,2017-04-26 04:27:09.887631
order_003832,cust_02516,delivered,2018-03-13 08:57:34,2018-03-22 05:19:22.929687,2018-03-19 18:55:34.487160
order_003833,cust_00872,delivered,2017-12-23 17:58:18,2018-01-01 18:32:05.718605,2018-01-05 10:58:23.645853
order_003834,cust_01693,delivered,2017-03-18 02:51:36,2017-03-27 11:08:11.574086,2017-03-28 17:04:08.265517
order_003835,cust_01583,delivered,2018-01-27 16:01:48,2018-02-06 19:56:38.857881,2018-02-06 06:44:53.677495
order_003836,cust_01133,delivered,2017-04-17 14:04:23,2017-04-27 20:20:10.930377,2017-04-25 19:32:31.501368
order_003837,cust_01719,delivered,2017-11-20 22:05:22,2017-11-29 23:51:40.881511,2017-12-14 07:37:51.407075
order_003838,cust_00489,delivered,2018-06-03 02:26:46,2018-06-11 20:12:15.778599,2018-06-11 03:32:52.654490
order_003839,cust_01403,delivered,2018-05-30 09:47:24,2018-06-09 04:39:35.076460,2018-06-06 03:24:30.908313
order_003840,cust_02586,delivered,2018-04-16 23:45:30,2018-04-26 05:34:02.276907,2018-04-22 10:47:13.977518
order_003841,cust_02922,delivered,2017-09-24 09:21:07,2017-10-02 10:16:08.736384,2017-10-01 16:56:35.280915
order_003842,cust_01696,delivered,2017-10-30 15:47:34,2017-11-07 02:46:10.152890,2017-11-09 04:00:00.760875
order_003843,cust_01678,delivered,2017-06-12 03:51:45,2017-06-20 10:00:43.248155,2017-06-18 01:40:49.100412
order_003844,cust_02555,delivered,2018-05-13 17:28:54,2018-05-22 12:55:14.973250,2018-05-22 23:50:27.377058
order_003845,cust_02062,delivered,2017-09-15 06:37:05,2017-09-25 09:34:32.116187,2017-09-20 14:56:45.120944
order_003846,cust_02583,delivered,2018-02-21 13:43:59,2018-03-02 11:05:00.836456,2018-02-26 23:28:59.460567
order_003847,cust_00682,delivered,2017-07-14 21:06:52,2017-07-24 22:26:36.101128,2017-07-25 05:49:12.810025
order_003848,cust_00027,delivered,2018-02-04 15:51:54,2018-02-14 16:31:48.624408,2018-02-13 16:42:36.214396
order_003849,cust_00731,delivered,2017-05-02 11:23:06,2017-05-13 09:58:17.445149,2017-05-10 19:24:05.913687
order_003850,cust_02436,delivered,2018-02-01 04:33:40,2018-02-11 06:10:04.434312,2018-02-08 03:20:34.150643
order_003851,cust_01053,delivered,2017-01-25 08:11:32,2017-02-05 12:41:50.465048,2017-02-01 11:44:51.210368
order_003852,cust_02266,delivered,2017-02-26 20:22:57,2017-03-07 14:01:16.663311,2017-03-04 16:32:28.372123
order_003853,cust_01122,delivered,2017-07-10 05:11:12,2017-07-18 16:48:39.305822,2017-07-17 12:30:16.300655
order_003854,cust_02145,delivered,2017-09-18 15:45:04,2017-09-27 14:56:20.364488,2017-09-24 23:27:13.752833
order_003855,cust_00955,delivered,2018-01-20 11:38:20,2018-01-30 10:46:10.981002,2018-01-28 22:04:54.466846
order_003856,cust_02191,delivered,2017-07-13 07:42:03,2017-07-23 10:57:00.646497,2017-07-21 18:00:12.283255
order_003857,cust_02691,delivered,2017-01-10 17:11:59,2017-01-18 17:10:00.908416,2017-01-18 21:06:45.501312
order_003858,cust_02142,delivered,2017-06-25 08:41:28,2017-07-05 08:52:34.388405,2017-07-04 08:03:42.891506
order_003859,cust_01773,delivered,2017-08-26 06:52:50,2017-09-04 21:16:49.314246,2017-09-03 21:49:49.075608
order_003860,cust_02456,delivered,2017-10-21 12:42:07,2017-11-01 09:33:32.562493,2017-10-28 14:40:19.432254
order_003861,cust_00074,delivered,2017-12-14 18:11:06,2017-12-23 05:34:31.582258,2017-12-21 03:35:21.259978
order_003862,cust_00892,delivered,2017-05-14 20:44:21,2017-05-23 02:02:33.723744,2017-05-23 00:40:33.957836
order_003863,cust_01818,delivered,2017-11-26 15:06:53,2017-12-06 22:03:02.969890,2017-12-05 22:52:09.736970
order_003864,cust_01243,delivered,2017-12-08 15:53:15,2017-12-19 01:28:36.352222,2017-12-17 21:22:57.688882
order_003865,cust_00346,delivered,2018-02-24 18:54:05,2018-03-05 19:51:06.158273,2018-03-10 22:37:51.826161
order_003866,cust_02353,delivered,2017-10-09 06:27:42,2017-10-17 22:29:26.404181,2017-10-22 00:40:24.766179
order_003867,cust_01582,delivered,2018-03-14 06:01:18,2018-03-21 03:32:23.914682,2018-03-19 20:43:18.485241
order_003868,cust_01812,delivered,2017-04-30 11:36:56,2017-05-07 16:33:54.898696,2017-05-09 10:10:34.229934
order_003869,cust_01757,delivered,2018-01-20 15:08:40,2018-01-30 02:14:56.434472,2018-01-27 16:17:17.043461
order_003870,cust_02375,delivered,2017-01-25 15:30:14,2017-02-04 00:43:38.453720,2017-02-02 03:46:07.847453
order_003871,cust_02195,delivered,2017-02-25 03:41:22,2017-03-06 05:01:30.396020,2017-03-06 14:22:01.230297
order_003872,cust_02393,delivered,2018-04-12 18:44:04,2018-04-21 07:18:20.042632,2018-04-22 05:05:06.206790
order_003873,cust_01919,delivered,2017-09-14 08:43:52,2017-09-23 08:34:59.440711,2017-09-22 01:49:34.596376
order_003874,cust_00244,delivered,2017-12-02 21:03:17,2017-12-12 12:17:36.697422,2017-12-12 01:43:03.062885
order_003875,cust_00530,delivered,2017-11-22 17:23:04,2017-12-02 23:31:59.936226,2017-11-30 22:13:00.849798
order_003876,cust_02979,delivered,2018-01-11 23:35:26,2018-01-22 02:28:29.434500,2018-01-18 15:20:40.011713
order_003877,cust_00703,delivered,2017-05-13 15:09:36,2017-05-23 02:58:24.665782,2017-05-22 18:14:29.290324
order_003878,cust_00276,delivered,2017-04-07 12:39:35,2017-04-16 13:03:33.846337,2017-04-17 05:15:32.200382
order_003879,cust_01888,delivered,2017-01-23 04:30:31,2017-01-31 21:42:35.939126,2017-01-30 16:39:46.174961
order_003880,cust_01175,delivered,2018-04-12 09:34:04,2018-04-20 14:55:13.691182,2018-04-20 05:27:45.788721
order_003881,cust_00368,delivered,2017-05-01 20:36:00,2017-05-11 15:08:43.290369,2017-05-09 12:51:59.516690
order_003882,cust_02591,delivered,2017-11-07 09:10:07,2017-11-18 03:23:07.468598,2017-11-11 15:25:54.134384
order_003883,cust_00089,delivered,2017-09-03 01:16:49,2017-09-12 11:58:57.793605,2017-09-11 02:50:12.045496
order_003884,cust_00729,delivered,2017-03-29 05:52:59,2017-04-07 22:22:51.935869,2017-04-03 12:36:20.324798
order_003885,cust_01920,delivered,2017-08-12 14:17:06,2017-08-21 06:48:50.135112,2017-08-19 20:21:11.618935
order_003886,cust_02949,delivered,2017-02-14 15:05:55,2017-02-23 20:22:20.289592,2017-02-23 22:21:02.799245
order_003887,cust_00781,delivered,2017-04-06 23:36:42,2017-04-16 14:43:34.803401,2017-04-14 07:10:39.215070
order_003888,cust_01111,delivered,2017-03-17 22:24:45,2017-03-25 17:33:49.489798,2017-03-24 13:06:05.037306
order_003889,cust_02906,delivered,2018-03-22 12:45:22,2018-04-02 08:18:45.913723,2018-03-26 07:03:39.316209
order_003890,cust_01286,delivered,2017-11-03 13:18:29,2017-11-12 02:14:21.692934,2017-11-08 21:50:23.968287
order_003891,cust_02495,delivered,2018-05-15 19:12:58,2018-05-25 14:34:23.101828,2018-05-28 20:06:51.749254
order_003892,cust_02699,delivered,2017-08-24 01:10:03,2017-09-01 19:21:45.177702,2017-08-30 20:28:20.175085
order_003893,cust_02369,delivered,2017-04-19 14:17:03,2017-04-29 19:48:08.530513,2017-04-26 04:01:05.125278
order_003894,cust_01464,delivered,2017-11-25 11:22:33,2017-12-04 18:56:46.274808,2017-12-05 00:15:55.736530
order_003895,cust_00253,delivered,2018-05-17 18:47:38,2018-05-28 23:51:34.374026,2018-05-26 09:20:28.020420
order_003896,cust_02953,delivered,2017-10-15 19:12:30,2017-10-25 03:12:55.727075,2017-10-24 03:18:06.206060
order_003897,cust_00193,delivered,2017-01-10 15:44:03,2017-01-20 05:53:11.276459,2017-01-18 13:50:20.414647
order_003898,cust_01856,delivered,2017-06-13 15:46:29,2017-06-21 22:05:33.628891,2017-06-20 11:43:14.239201
order_003899,cust_00088,delivered,2018-05-15 16:35:13,2018-05-25 16:48:06.866779,2018-05-21 21:11:25.284902
order_003900,cust_01661,delivered,2017-10-07 13:55:23,2017-10-17 00:34:17.287019,2017-10-15 18:53:10.547473
order_003901,cust_00556,delivered,2018-05-30 05:28:02,2018-06-09 08:56:55.795111,2018-06-05 13:24:06.066983
order_003902,cust_01694,delivered,2017-10-03 06:49:42,2017-10-12 14:32:10.356414,2017-10-12 02:47:37.671956
order_003903,cust_01061,delivered,2017-01-07 17:48:13,2017-01-15 12:29:45.349266,2017-01-17 04:14:44.078405
order_003904,cust_02978,delivered,2018-04-17 14:50:26,2018-04-26 09:03:58.809723,2018-04-27 15:53:16.403643
order_003905,cust_02992,delivered,2018-02-17 05:42:35,2018-02-25 08:54:42.286384,2018-02-27 07:55:42.725736
order_003906,cust_00332,delivered,2018-01-22 21:04:06,2018-01-30 14:00:42.528795,2018-01-29 04:57:30.037888
order_003907,cust_01888,delivered,2018-06-08 23:32:07,2018-06-17 04:47:51.353132,2018-06-16 10:29:48.430389
order_003908,cust_00460,delivered,2017-04-16 15:01:33,2017-04-26 09:52:09.719470,2017-04-27 05:33:57.628229
order_003909,cust_02796,delivered,2018-05-05 05:28:00,2018-05-14 09:43:48.755563,2018-05-19 18:12:16.337286
order_003910,cust_01963,delivered,2017-05-06 22:31:07,2017-05-16 15:49:37.806186,2017-05-14 23:46:53.370061
order_003911,cust_01130,delivered,2018-06-09 05:40:49,2018-06-17 06:17:15.562495,2018-06-17 05:19:25.821399
order_003912,cust_01663,delivered,2017-04-14 10:22:44,2017-04-23 20:04:51.012923,2017-04-19 07:55:20.996589
order_003913,cust_00078,delivered,2017-10-25 20:36:29,2017-11-03 05:35:55.988899,2017-10-31 22:49:40.276994
order_003914,cust_00795,delivered,2018-03-03 12:29:46,2018-03-11 17:37:30.458560,2018-03-10 15:28:16.235905
order_003915,cust_02667,delivered,2017-02-12 05:49:53,2017-02-20 07:43:56.062211,2017-02-22 15:26:35.397633
order_003916,cust_01593,delivered,2017-02-06 01:55:20,2017-02-15 04:12:35.773604,2017-02-14 06:58:45.047413
order_003917,cust_00226,delivered,2018-04-04 08:39:42,2018-04-13 03:36:07.273970,2018-04-10 18:23:45.973106
order_003918,cust_02384,delivered,2017-02-02 16:07:48,2017-02-10 11:16:09.370043,2017-02-15 22:30:26.351577
order_003919,cust_00262,delivered,2017-11-28 17:09:04,2017-12-07 17:39:12.501796,2017-12-04 02:32:14.081603
order_003920,cust_02650,delivered,2018-05-22 05:21:02,2018-05-29 07:44:12.167508,2018-05-30 20:00:32.776201
order_003921,cust_02355,delivered,2017-11-28 03:48:35,2017-12-07 14:27:06.976741,2017-12-10 16:24:07.599776
order_003922,cust_00937,delivered,2017-09-17 16:50:05,2017-09-28 05:29:16.977379,2017-09-25 18:16:21.801550
order_003923,cust_02621,delivered,2017-08-14 03:49:03,2017-08-22 00:39:10.336562,2017-08-19 17:00:44.206862
order_003924,cust_02235,delivered,2017-12-11 01:32:31,2017-12-21 13:45:32.884050,2017-12-18 04:02:17.605405
order_003925,cust_02859,delivered,2017-11-05 11:40:21,2017-11-15 14:55:51.096948,2017-11-17 12:12:06.297146
order_003926,cust_01820,delivered,2017-09-28 13:42:06,2017-10-07 13:39:22.549660,2017-10-06 09:44:16.440636
order_003927,cust_00448,delivered,2017-03-24 05:50:55,2017-04-01 08:17:45.826453,2017-04-05 20:40:45.916432
order_003928,cust_01089,delivered,2017-12-24 05:04:09,2018-01-03 08:05:00.568878,2017-12-31 18:13:12.846234
order_003929,cust_01032,delivered,2018-02-04 05:39:20,2018-02-15 11:01:59.695899,2018-02-11 02:12:48.351798
order_003930,cust_00431,delivered,2018-01-18 08:13:40,2018-01-27 18:53:00.764676,2018-01-26 11:21:52.922867
order_003931,cust_01502,delivered,2017-02-10 00:13:18,2017-02-18 23:56:08.536795,2017-02-16 01:35:23.608189
order_003932,cust_01712,delivered,2018-01-15 00:16:55,2018-01-24 07:47:36.752597,2018-01-19 20:14:08.380130
order_003933,cust_01503,delivered,2018-01-30 08:53:26,2018-02-05 17:11:00.940897,2018-02-11 20:55:38.753313
order_003934,cust_02293,delivered,2017-04-10 00:28:39,2017-04-19 16:08:50.295228,2017-04-19 16:01:27.880376
order_003935,cust_00074,delivered,2018-04-04 07:38:16,2018-04-10 23:21:38.181031,2018-04-11 19:54:16.657301
order_003936,cust_00750,delivered,2017-10-10 13:56:30,2017-10-18 21:55:25.387846,2017-10-14 17:19:21.726376
order_003937,cust_01790,delivered,2017-09-13 00:44:51,2017-09-21 19:37:42.607785,2017-09-21 04:40:14.421774
order_003938,cust_00451,delivered,2018-01-26 14:49:40,2018-02-05 14:23:10.541099,2018-02-02 12:48:52.895875
order_003939,cust_00746,delivered,2017-10-03 14:54:34,2017-10-12 04:37:35.116316,2017-10-11 15:37:58.752463
order_003940,cust_00798,delivered,2017-10-22 13:45:36,2017-10-30 03:22:18.788991,2017-10-28 01:40:22.956275
order_003941,cust_02142,delivered,2017-06-18 15:02:23,2017-06-29 03:38:51.335548,2017-06-25 15:01:11.607742
order_003942,cust_02291,delivered,2018-05-17 19:25:18,2018-05-27 14:34:24.145273,2018-05-24 05:16:47.145664
order_003943,cust_01866,delivered,2018-06-08 01:41:57,2018-06-16 09:27:24.896145,2018-06-15 10:03:13.836547
order_003944,cust_02657,delivered,2017-03-12 04:03:06,2017-03-21 10:31:52.468567,2017-03-21 08:22:55.421417
order_003945,cust_00318,delivered,2018-01-31 07:36:32,2018-02-09 09:15:46.229404,2018-02-04 14:35:37.834549
order_003946,cust_01751,delivered,2017-01-13 16:30:53,2017-01-21 03:29:29.485767,2017-01-19 03:48:35.844093
order_003947,cust_02647,delivered,2017-07-19 20:56:50,2017-07-28 20:31:19.914019,2017-07-28 20:49:14.245113
order_003948,cust_01016,delivered,2018-06-08 22:02:52,2018-06-18 04:18:03.773460,2018-06-17 22:26:10.665848
order_003949,cust_00672,canceled,2017-04-05 13:58:19,2017-04-14 09:51:43.895843,
order_003950,cust_01235,delivered,2017-07-23 09:50:33,2017-08-01 18:43:55.316747,2017-08-01 11:07:32.884336
order_003951,cust_00446,delivered,2017-04-29 09:53:14,2017-05-08 12:23:49.214434,2017-05-06 17:21:31.266805
order_003952,cust_02200,delivered,2018-01-29 01:26:08,2018-02-06 12:11:44.903020,2018-02-08 21:43:37.640319
order_003953,cust_01070,delivered,2017-09-08 11:09:44,2017-09-17 13:10:03.403954,2017-09-14 22:28:45.105971
order_003954,cust_02877,delivered,2017-11-17 12:18:29,2017-11-26 15:50:24.690820,2017-11-24 00:32:05.907462
order_003955,cust_01424,delivered,2018-05-24 04:59:55,2018-06-03 06:08:15.420005,2018-05-29 00:10:42.197140
order_003956,cust_01566,delivered,2017-10-09 18:25:51,2017-10-18 12:40:11.280799,2017-10-23 04:18:13.397736
order_003957,cust_02648,delivered,2018-02-01 19:29:06,2018-02-11 17:20:35.786288,2018-02-09 06:27:37.482632
order_003958,cust_00559,delivered,2017-02-22 07:14:54,2017-03-02 14:44:58.795421,2017-03-03 16:40:03.136665
order_003959,cust_00325,delivered,2017-04-27 21:56:10,2017-05-07 18:07:31.552697,2017-05-04 12:34:19.344611
order_003960,cust_00417,delivered,2018-05-27 02:34:13,2018-06-06 02:05:21.418981,2018-06-02 21:52:33.216840
order_003961,cust_02013,delivered,2018-04-10 21:51:21,2018-04-18 15:03:37.205213,2018-04-17 09:27:21.544233
order_003962,cust_00332,delivered,2017-12-21 18:26:02,2017-12-29 22:04:25.882515,2017-12-27 22:24:19.923606
order_003963,cust_00425,delivered,2017-07-24 05:22:27,2017-08-04 06:02:03.655212,2017-08-05 06:15:10.548267
order_003964,cust_01926,delivered,2017-04-18 15:36:14,2017-04-26 21:41:04.785760,2017-04-25 14:55:57.370437
order_003965,cust_01324,delivered,2018-04-05 07:27:27,2018-04-15 04:02:43.330429,2018-04-14 05:00:29.558565
order_003966,cust_00552,delivered,2018-03-01 19:11:36,2018-03-11 04:34:04.569455,2018-03-08 13:52:46.243500
order_003967,cust_01065,delivered,2017-05-11 03:51:17,2017-05-21 03:08:08.996119,2017-05-17 21:25:10.512810
order_003968,cust_00228,delivered,2017-11-15 05:52:40,2017-11-23 23:51:36.985298,2017-11-21 22:04:14.172400
order_003969,cust_02637,delivered,2017-12-01 07:22:22,2017-12-11 19:28:10.921805,2017-12-06 21:22:16.863137
order_003970,cust_02401,delivered,2017-09-15 04:47:32,2017-09-24 00:34:43.363715,2017-09-19 23:25:11.915975
order_003971,cust_00186,delivered,2018-05-16 07:59:14,2018-05-27 14:12:19.582482,2018-05-22 08:18:50.208312
order_003972,cust_02263,delivered,2017-03-09 14:27:43,2017-03-19 03:30:22.912760,2017-03-18 08:46:58.471016
order_003973,cust_02227,delivered,2017-05-20 15:11:40,2017-05-30 01:17:03.785483,2017-05-28 11:17:53.831861
order_003974,cust_01482,delivered,2017-02-21 13:17:39,2017-03-02 05:43:10.657234,2017-03-02 15:05:23.868963
order_003975,cust_02776,delivered,2018-01-10 04:33:05,2018-01-18 20:13:09.711489,2018-01-18 14:58:43.406934
order_003976,cust_01981,delivered,2017-12-14 04:51:31,2017-12-24 23:58:29.465282,2017-12-20 16:59:11.142870
order_003977,cust_00982,delivered,2018-06-18 22:03:55,2018-06-28 10:22:34.976500,2018-06-24 08:53:48.000927
order_003978,cust_01257,delivered,2017-10-20 06:01:55,2017-10-29 03:18:25.632286,2017-10-26 22:29:18.454973
order_003979,cust_01153,delivered,2017-03-23 02:28:27,2017-03-31 04:14:34.891575,2017-04-02 00:00:41.051727
order_003980,cust_01856,delivered,2017-09-01 10:53:44,2017-09-09 22:29:18.699108,2017-09-08 12:59:52.419381
order_003981,cust_00657,delivered,2017-02-17 00:09:54,2017-02-23 18:07:08.821605,2017-03-06 23:28:23.485998
order_003982,cust_01324,delivered,2017-12-29 08:13:25,2018-01-07 16:08:40.897657,2018-01-09 14:38:22.663447
order_003983,cust_02870,delivered,2017-12-31 20:31:07,2018-01-09 19:58:33.949192,2018-01-15 00:55:46.575538
order_003984,cust_00911,delivered,2018-04-09 06:25:02,2018-04-18 12:53:39.318374,2018-04-15 14:04:12.326868
order_003985,cust_00180,delivered,2017-07-03 16:53:25,2017-07-13 10:19:26.737776,2017-07-10 01:52:07.411305
order_003986,cust_00510,delivered,2017-06-17 11:45:19,2017-06-26 00:01:23.768810,2017-06-28 07:18:12.142659
order_003987,cust_02082,delivered,2017-02-08 08:31:43,2017-02-16 23:50:19.554727,2017-02-16 00:26:24.668743
order_003988,cust_00618,delivered,2017-08-13 15:52:40,2017-08-22 17:25:49.330140,2017-08-24 00:31:52.310478
order_003989,cust_00116,delivered,2017-09-14 14:17:31,2017-09-23 22:00:45.204695,2017-09-20 04:30:53.197627
order_003990,cust_00582,delivered,2018-02-12 07:38:15,2018-02-21 22:05:29.027500,2018-02-19 07:24:07.930770
order_003991,cust_01071,delivered,2018-02-12 05:21:54,2018-02-21 09:37:04.160032,2018-02-21 16:06:27.508403
order_003992,cust_02239,delivered,2017-03-17 22:00:13,2017-03-26 14:09:54.024302,2017-03-24 18:10:23.237663
order_003993,cust_01489,delivered,2017-06-03 04:02:28,2017-06-11 17:40:52.338117,2017-06-10 22:44:41.845878
order_003994,cust_00156,delivered,2017-10-04 23:01:40,2017-10-13 02:49:41.808751,2017-10-30 09:35:45.414571
order_003995,cust_01420,delivered,2017-06-30 11:18:27,2017-07-10 16:19:38.149989,2017-07-07 21:49:36.301203
order_003996,cust_00333,shipped,2017-01-14 23:55:18,2017-01-23 16:46:52.787075,
order_003997,cust_00517,delivered,2018-04-02 08:28:35,2018-04-12 14:14:49.383115,2018-04-10 23:31:16.669786
order_003998,cust_02949,delivered,2018-01-30 13:34:19,2018-02-09 07:06:31.034377,2018-02-08 21:08:51.293539
order_003999,cust_00187,delivered,2017-10-08 14:45:55,2017-10-17 21:37:14.354314,2017-10-16 17:38:30.044540
order_004000,cust_00418,delivered,2017-06-21 08:07:43,2017-06-30 12:51:15.100916,2017-06-27 18:52:07.068344
order_004001,cust_01075,delivered,2018-04-01 05:14:08,2018-04-09 17:38:41.720387,2018-04-14 19:26:26.206032
order_004002,cust_02493,delivered,2017-01-20 12:29:17,2017-01-29 20:03:29.835253,2017-01-26 18:51:59.488740
order_004003,cust_00287,delivered,2017-08-30 15:54:36,2017-09-09 16:34:13.408980,2017-09-10 19:49:04.127488
order_004004,cust_00050,delivered,2018-03-09 06:16:26,2018-03-18 13:41:39.014187,2018-03-18 14:46:07.129700
order_004005,cust_00931,delivered,2018-05-30 18:24:16,2018-06-07 20:48:55.537998,2018-06-08 04:02:12.308920
order_004006,cust_02519,delivered,2017-05-16 15:19:58,2017-05-26 11:31:05.142526,2017-05-23 05:50:08.178235
order_004007,cust_01453,delivered,2017-12-18 03:59:57,2017-12-26 08:50:47.045106,2017-12-26 16:22:48.228476
order_004008,cust_01838,delivered,2017-04-13 22:31:39,2017-04-23 22:08:05.901499,2017-04-19 14:33:03.555386
order_004009,cust_01021,delivered,2017-03-04 01:03:09,2017-03-12 22:59:57.003817,2017-03-11 09:02:13.585755
order_004010,cust_02172,delivered,2017-07-10 15:41:22,2017-07-19 02:54:43.940784,2017-07-14 02:49:59.861560
order_004011,cust_02526,delivered,2018-04-23 10:33:00,2018-05-03 02:32:44.844831,2018-05-01 01:58:01.190793
order_004012,cust_01651,delivered,2018-01-08 15:41:29,2018-01-18 13:05:29.599745,2018-01-16 05:07:37.744423
order_004013,cust_00342,delivered,2017-09-22 18:34:35,2017-09-30 14:01:36.002946,2017-09-29 22:39:31.735693
order_004014,cust_01008,delivered,2017-06-02 16:29:34,2017-06-12 04:47:35.905422,2017-06-08 20:42:38.413492
order_004015,cust_00148,delivered,2017-03-18 15:37:07,2017-03-27 10:23:44.405805,2017-03-26 08:28:05.451208
order_004016,cust_00308,delivered,2017-05-27 20:10:52,2017-06-05 14:29:19.912051,2017-06-02 10:31:21.789219
order_004017,cust_01721,delivered,2017-03-24 16:50:42,2017-04-01 01:07:44.396919,2017-04-05 03:08:46.915573
order_004018,cust_01422,delivered,2017-04-12 19:31:47,2017-04-21 21:34:55.886190,2017-04-20 18:41:30.192908
order_004019,cust_01431,delivered,2018-01-07 09:40:05,2018-01-16 15:52:41.907795,2018-01-15 07:24:27.158199
order_004020,cust_00303,delivered,2017-03-13 04:52:03,2017-03-20 20:04:12.508643,2017-03-21 10:14:46.128808
order_004021,cust_00287,delivered,2017-01-26 05:38:19,2017-02-04 13:05:19.794285,2017-02-01 00:38:51.119704
order_004022,cust_02942,delivered,2017-10-20 14:41:26,2017-10-29 11:20:47.581844,2017-10-26 19:00:32.115730
order_004023,cust_02078,delivered,2017-06-04 12:45:45,2017-06-12 16:16:09.732114,2017-06-12 17:26:17.101857
order_004024,cust_01733,delivered,2017-09-03 01:51:05,2017-09-12 05:11:47.947418,2017-09-10 23:46:23.513951
order_004025,cust_00011,delivered,2017-03-17 04:54:17,2017-03-24 17:31:03.055980,2017-03-22 16:50:38.087556
order_004026,cust_02360,delivered,2017-04-24 23:13:16,2017-05-05 03:35:35.149454,2017-05-03 03:35:03.738975
order_004027,cust_00629,delivered,2017-08-27 17:25:46,2017-09-05 21:04:24.469974,2017-09-04 18:48:18.706571
order_004028,cust_01548,delivered,2018-01-08 18:07:10,2018-01-19 02:06:11.082023,2018-01-22 21:33:54.799961
order_004029,cust_00313,delivered,2017-08-12 04:43:37,2017-08-20 15:21:38.064763,2017-08-21 13:01:14.193300
order_004030,cust_02502,delivered,2017-10-20 01:32:28,2017-10-29 09:15:36.132966,2017-10-27 10:12:57.034660
order_004031,cust_01571,delivered,2017-10-09 06:59:25,2017-10-17 05:55:52.330217,2017-10-14 18:02:13.967900
order_004032,cust_01345,delivered,2017-05-26 20:33:54,2017-06-04 14:18:21.660631,2017-06-04 23:28:18.112173
order_004033,cust_01068,delivered,2017-06-01 12:09:25,2017-06-10 09:38:00.064982,2017-06-06 21:56:15.685545
order_004034,cust_02519,delivered,2017-08-18 18:49:51,2017-08-27 17:20:45.121216,2017-08-24 12:17:22.311278
order_004035,cust_00616,delivered,2017-01-18 11:40:51,2017-01-29 12:01:36.551775,2017-01-25 16:37:09.632515
order_004036,cust_02658,delivered,2018-01-06 11:45:52,2018-01-16 14:29:35.311038,2018-01-16 05:54:54.781648
order_004037,cust_02147,delivered,2017-11-28 14:25:13,2017-12-07 18:28:12.065489,2017-11-30 18:37:30.501980
order_004038,cust_01991,delivered,2017-06-15 23:00:51,2017-06-25 01:41:32.195099,2017-06-23 06:07:45.899200
order_004039,cust_02385,delivered,2017-07-21 10:29:55,2017-07-31 02:44:23.561237,2017-07-28 17:45:31.755197
order_004040,cust_01625,delivered,2017-06-27 14:17:53,2017-07-07 06:28:13.708434,2017-07-08 17:59:09.294730
order_004041,cust_02578,delivered,2017-12-18 22:04:02,2017-12-27 11:16:07.491983,2018-01-02 00:21:42.107169
order_004042,cust_02447,delivered,2018-02-15 08:56:07,2018-02-23 04:45:00.910450,2018-02-22 23:14:04.987910
order_004043,cust_01591,delivered,2017-02-28 20:09:30,2017-03-11 11:07:43.296699,2017-03-07 18:56:48.002595
order_004044,cust_00376,delivered,2017-08-12 12:50:28,2017-08-21 18:02:05.029793,2017-08-20 21:45:25.461019
order_004045,cust_02227,delivered,2017-01-08 21:05:55,2017-01-18 03:56:01.369722,2017-01-18 05:35:01.227635
order_004046,cust_01081,shipped,2017-09-02 11:13:39,2017-09-10 03:31:31.183044,
order_004047,cust_01326,delivered,2017-05-15 15:06:30,2017-05-26 12:51:59.803888,2017-05-22 08:46:53.966430
order_004048,cust_02877,delivered,2017-07-01 07:45:31,2017-07-10 05:01:17.861922,2017-07-13 08:24:18.467153
order_004049,cust_02823,delivered,2017-09-04 15:14:24,2017-09-13 22:25:20.996902,2017-09-10 00:57:24.994429
order_004050,cust_01317,delivered,2017-06-24 07:49:47,2017-07-03 22:11:36.416008,2017-06-30 18:24:28.601175
order_004051,cust_02905,delivered,2017-08-01 14:37:14,2017-08-08 13:45:45.846659,2017-08-08 23:09:29.283681
order_004052,cust_02899,delivered,2018-02-17 18:55:49,2018-02-25 21:37:12.062315,2018-02-27 21:53:33.114103
order_004053,cust_02510,delivered,2018-03-14 10:26:13,2018-03-22 00:22:57.092381,2018-03-22 09:17:42.642098
order_004054,cust_02163,delivered,2017-01-04 10:18:05,2017-01-12 17:47:20.074932,2017-01-11 04:50:18.325952
order_004055,cust_01861,delivered,2017-07-24 07:43:49,2017-08-02 22:10:14.015109,2017-07-29 07:40:33.389168
order_004056,cust_02201,delivered,2018-04-03 17:31:52,2018-04-13 03:04:13.706843,2018-04-08 00:22:51.048113
order_004057,cust_01291,delivered,2017-10-14 14:12:29,2017-10-23 21:50:25.446687,2017-10-24 20:56:40.026087
order_004058,cust_01883,delivered,2017-04-21 12:23:40,2017-04-30 08:41:32.755256,2017-04-29 04:56:25.839627
order_004059,cust_01797,delivered,2017-11-17 00:36:45,2017-11-25 18:04:03.508748,2017-11-22 01:52:57.825446
order_004060,cust_01203,delivered,2017-03-20 02:38:32,2017-03-29 23:30:39.812290,2017-04-01 14:01:44.466368
order_004061,cust_00174,delivered,2017-01-12 00:10:44,2017-01-21 22:37:42.234987,2017-01-20 22:04:04.258107
order_004062,cust_00938,delivered,2017-12-08 20:24:21,2017-12-17 22:18:44.822361,2017-12-15 16:13:53.702666
order_004063,cust_01413,delivered,2017-10-06 20:26:21,2017-10-16 05:25:49.604190,2017-10-13 02:08:49.983496
order_004064,cust_01053,delivered,2018-02-13 01:37:48,2018-02-20 17:10:27.546383,2018-02-21 05:22:47.818307
order_004065,cust_01213,delivered,2017-07-06 01:06:51,2017-07-15 09:41:59.338934,2017-07-14 08:55:17.801664
order_004066,cust_02507,delivered,2018-04-07 18:45:15,2018-04-16 20:05:46.998636,2018-04-16 02:14:06.085495
order_004067,cust_01406,delivered,2017-08-16 12:35:42,2017-08-26 10:30:49.126876,2017-08-22 02:59:47.590121
order_004068,cust_01326,delivered,2018-02-03 07:24:51,2018-02-13 07:47:25.434141,2018-02-12 02:52:53.669566
order_004069,cust_02789,delivered,2017-02-24 14:45:34,2017-03-05 08:37:33.556654,2017-03-03 14:16:20.756650
order_004070,cust_02529,delivered,2017-02-22 05:40:30,2017-03-03 16:58:30.469153,2017-03-03 12:08:44.554122
order_004071,cust_00043,delivered,2018-02-27 04:45:21,2018-03-07 05:49:53.513178,2018-03-14 15:14:29.920383
order_004072,cust_01173,delivered,2018-03-27 08:49:10,2018-04-04 17:30:32.495691,2018-04-03 02:42:17.394851
order_004073,cust_01601,delivered,2018-05-24 21:29:51,2018-06-02 22:17:09.520001,2018-06-09 02:11:37.719905
order_004074,cust_01428,delivered,2017-06-25 18:24:41,2017-07-05 04:31:10.210899,2017-07-05 14:56:52.721456
order_004075,cust_02910,delivered,2017-01-13 04:33:44,2017-01-24 14:53:04.179540,2017-01-21 21:27:59.031397
order_004076,cust_00663,delivered,2018-06-14 13:28:52,2018-06-21 12:40:48.691152,2018-06-21 17:04:36.342465
order_004077,cust_00994,delivered,2017-11-21 21:13:42,2017-12-01 15:03:09.259029,2017-11-30 18:31:46.664888
order_004078,cust_00047,delivered,2017-05-14 22:50:19,2017-05-24 02:21:55.785389,2017-05-25 04:39:13.255041
order_004079,cust_00938,delivered,2018-02-17 18:18:42,2018-02-25 23:00:31.113875,2018-02-25 15:44:57.141141
order_004080,cust_00536,delivered,2018-05-04 03:05:33,2018-05-12 02:17:16.919616,2018-05-13 13:56:50.952685
order_004081,cust_02344,delivered,2017-06-03 05:46:40,2017-06-10 14:05:09.488237,2017-06-13 08:34:10.047503
order_004082,cust_00532,delivered,2018-02-20 05:14:47,2018-03-01 23:57:21.198614,2018-02-26 01:08:09.879532
order_004083,cust_01515,delivered,2018-03-02 03:37:04,2018-03-12 18:38:08.272857,2018-03-07 08:11:03.358460
order_004084,cust_01450,delivered,2017-09-28 04:12:28,2017-10-05 19:18:11.447569,2017-10-06 01:37:27.361916
order_004085,cust_02030,delivered,2017-12-08 07:35:22,2017-12-17 02:21:35.604267,2017-12-17 11:20:25.982839
order_004086,cust_00525,delivered,2017-05-26 13:19:56,2017-06-05 09:37:50.849280,2017-06-01 13:57:18.926046
order_004087,cust_02217,delivered,2018-05-17 09:33:02,2018-05-26 04:35:04.664177,2018-05-25 16:53:17.383936
order_004088,cust_02353,delivered,2018-06-15 10:05:58,2018-06-25 03:37:21.193730,2018-06-24 14:13:08.561937
order_004089,cust_00106,delivered,2018-06-14 05:53:55,2018-06-24 20:10:05.815569,2018-06-21 14:46:53.887591
order_004090,cust_00938,delivered,2018-02-03 03:37:29,2018-02-11 13:24:53.414190,2018-02-12 03:42:41.974137
order_004091,cust_00715,delivered,2017-01-23 23:58:24,2017-02-02 01:08:45.390389,2017-02-01 23:40:26.377601
order_004092,cust_00350,delivered,2017-07-17 14:22:33,2017-07-26 11:47:30.668232,2017-07-23 01:58:25.618526
order_004093,cust_00832,delivered,2017-08-29 05:30:41,2017-09-07 11:29:01.538099,2017-09-05 06:38:10.170087
order_004094,cust_02677,delivered,2018-06-03 19:26:23,2018-06-13 12:50:51.808198,2018-06-16 08:30:47.120712
order_004095,cust_02197,delivered,2017-10-23 19:56:06,2017-10-31 16:08:34.737032,2017-10-28 06:21:31.897019
order_004096,cust_00480,delivered,2017-10-17 23:12:09,2017-10-26 19:55:44.840364,2017-10-24 18:16:41.936757
order_004097,cust_01819,delivered,2017-03-21 03:49:07,2017-03-28 19:19:49.722460,2017-03-26 00:26:51.104342
order_004098,cust_01897,delivered,2018-03-05 15:21:33,2018-03-15 05:04:57.832194,2018-03-12 09:06:46.704740
order_004099,cust_00430,delivered,2017-07-01 23:31:33,2017-07-10 21:07:25.591580,2017-07-19 04:21:07.139118
order_004100,cust_01296,delivered,2017-02-19 19:21:36,2017-03-01 04:47:45.568881,2017-02-28 01:15:07.899980
order_004101,cust_01300,delivered,2018-06-18 05:24:45,2018-06-28 07:42:43.294476,2018-06-23 11:17:07.825453
order_004102,cust_02988,delivered,2017-04-13 21:25:58,2017-04-23 13:24:50.536802,2017-04-19 18:40:39.330377
order_004103,cust_00705,delivered,2017-01-09 10:07:13,2017-01-18 08:38:22.795363,2017-01-21 12:23:12.068256
order_004104,cust_01243,delivered,2017-02-12 11:44:02,2017-02-20 05:31:27.646182,2017-02-21 06:09:20.558697
order_004105,cust_01645,delivered,2017-09-02 13:24:19,2017-09-10 08:26:33.246702,2017-09-11 08:50:59.697223
order_004106,cust_02918,delivered,2017-02-25 18:30:48,2017-03-05 03:10:25.220300,2017-03-07 07:30:57.589350
order_004107,cust_01576,delivered,2018-04-01 02:53:12,2018-04-11 03:48:10.587642,2018-04-11 19:11:44.016784
order_004108,cust_01002,delivered,2017-10-04 12:56:31,2017-10-13 23:14:15.266607,2017-10-11 05:21:43.884108
order_004109,cust_00772,delivered,2017-06-24 19:36:13,2017-07-04 10:28:37.060055,2017-07-08 00:27:55.130002
order_004110,cust_02200,delivered,2017-01-02 13:09:50,2017-01-11 13:16:38.283122,2017-01-08 14:55:03.657364
order_004111,cust_00255,delivered,2017-09-17 06:35:32,2017-09-25 23:16:05.184864,2017-09-26 17:47:38.307369
order_004112,cust_01063,delivered,2017-03-23 01:21:02,2017-03-31 21:58:17.990296,2017-03-27 12:57:12.787591
order_004113,cust_00428,delivered,2018-06-13 13:10:56,2018-06-22 04:32:01.113172,2018-06-19 20:18:16.694364
order_004114,cust_02350,delivered,2017-06-07 16:52:49,2017-06-15 11:57:43.422108,2017-06-12 22:24:00.315112
order_004115,cust_00647,delivered,2017-09-14 13:11:28,2017-09-23 16:18:42.949572,2017-09-20 12:16:15.507636
order_004116,cust_02280,delivered,2017-01-11 23:30:16,2017-01-19 16:29:49.221552,2017-01-19 11:39:15.718733
order_004117,cust_01157,delivered,2017-03-12 14:27:48,2017-03-21 09:25:01.175100,2017-03-20 12:53:11.448030
order_004118,cust_00338,delivered,2017-04-23 12:11:50,2017-05-03 00:22:09.533855,2017-04-28 12:14:34.867507
order_004119,cust_00387,delivered,2017-01-28 01:19:53,2017-02-05 03:55:50.264421,2017-02-11 08:48:27.204870
order_004120,cust_00207,delivered,2018-01-28 13:24:22,2018-02-06 11:19:57.020363,2018-02-05 20:55:03.335079
order_004121,cust_00966,delivered,2018-05-26 04:02:48,2018-06-05 15:51:25.678995,2018-06-02 00:26:01.387565
order_004122,cust_01294,delivered,2018-06-17 17:23:37,2018-06-25 18:29:30.507608,2018-06-25 16:01:48.812955
order_004123,cust_00607,delivered,2017-05-24 03:52:07,2017-05-31 04:37:57.551481,2017-06-03 12:20:07.479752
order_004124,cust_02679,delivered,2018-03-02 21:45:38,2018-03-12 17:44:32.939322,2018-03-10 08:20:01.383168
order_004125,cust_01359,delivered,2017-09-30 07:14:57,2017-10-09 17:59:53.271101,2017-10-05 07:31:18.212717
order_004126,cust_00812,delivered,2017-01-25 10:24:56,2017-02-03 16:55:50.892902,2017-02-03 10:33:37.125537
order_004127,cust_01137,delivered,2017-02-18 03:28:40,2017-02-26 23:08:47.796933,2017-02-26 01:44:30.659883
order_004128,cust_00063,delivered,2017-10-23 05:03:24,2017-11-01 10:11:59.678157,2017-10-31 05:09:15.450468
order_004129,cust_02277,delivered,2017-08-17 22:07:34,2017-08-26 12:23:34.073378,2017-08-26 11:59:25.929427
order_004130,cust_02401,delivered,2017-01-05 06:48:30,2017-01-12 01:02:21.116613,2017-01-09 11:56:11.934446
order_004131,cust_01973,delivered,2018-05-18 12:18:39,2018-05-28 13:54:08.942317,2018-05-23 16:32:04.123363
order_004132,cust_02435,delivered,2018-01-30 23:33:12,2018-02-09 00:53:06.174396,2018-02-04 03:21:30.681518
order_004133,cust_01090,delivered,2017-09-29 14:57:56,2017-10-09 19:08:29.448906,2017-10-04 18:26:42.145224
order_004134,cust_01046,delivered,2018-06-17 00:59:57,2018-06-26 05:25:53.471869,2018-06-25 10:04:13.125038
order_004135,cust_01732,delivered,2018-06-09 08:34:46,2018-06-18 20:36:33.795941,2018-06-16 11:14:55.537806
order_004136,cust_01105,delivered,2018-06-10 09:17:04,2018-06-18 00:25:44.978403,2018-06-20 04:02:58.890872
order_004137,cust_01993,delivered,2017-05-20 06:37:47,2017-05-29 01:26:48.547590,2017-05-28 22:56:19.976382
order_004138,cust_02355,delivered,2018-04-21 05:47:17,2018-04-27 15:44:28.597253,2018-04-29 10:32:06.043029
order_004139,cust_00644,delivered,2017-09-30 12:04:34,2017-10-09 06:39:56.290201,2017-10-08 05:54:21.576144
order_004140,cust_01222,delivered,2018-01-28 09:02:56,2018-02-07 01:33:11.225858,2018-02-04 10:19:30.054932
order_004141,cust_00430,delivered,2018-04-10 07:03:49,2018-04-17 14:26:26.765565,2018-04-17 22:37:00.446233
order_004142,cust_02496,delivered,2017-03-30 09:54:41,2017-04-08 04:11:00.218913,2017-04-03 14:13:04.661902
order_004143,cust_00189,delivered,2017-08-31 08:14:51,2017-09-10 09:50:34.013153,2017-09-06 03:03:42.558381
order_004144,cust_02616,delivered,2017-03-11 05:29:23,2017-03-20 13:20:47.987930,2017-03-17 06:46:28.683095
order_004145,cust_00179,delivered,2017-05-31 10:51:57,2017-06-09 03:45:51.193724,2017-06-07 13:42:33.865611
order_004146,cust_00424,delivered,2017-08-12 22:36:54,2017-08-23 05:03:48.908869,2017-08-18 11:10:05.277200
order_004147,cust_02059,delivered,2018-04-07 12:08:15,2018-04-15 21:06:25.314270,2018-04-15 06:25:52.446771
order_004148,cust_00748,delivered,2018-04-11 14:20:28,2018-04-21 10:05:22.713392,2018-04-19 06:08:30.744766
order_004149,cust_02329,delivered,2017-07-30 23:37:24,2017-08-09 01:00:57.055864,2017-08-07 15:59:28.347755
order_004150,cust_00960,delivered,2017-06-27 14:43:36,2017-07-06 05:57:40.688328,2017-07-05 21:01:29.814979
order_004151,cust_02200,delivered,2017-10-14 05:21:35,2017-10-23 06:49:08.089969,2017-10-22 10:04:34.142931
order_004152,cust_00076,delivered,2018-05-08 09:33:48,2018-05-17 16:24:15.936298,2018-05-13 16:34:00.606238
order_004153,cust_00975,delivered,2018-06-12 11:42:41,2018-06-20 19:43:14.816104,2018-06-18 15:06:00.987030
order_004154,cust_00233,delivered,2017-05-03 11:23:41,2017-05-12 18:03:55.488292,2017-05-09 05:28:33.546391
order_004155,cust_01816,delivered,2017-04-11 03:35:17,2017-04-21 23:41:59.519760,2017-04-19 10:21:55.743836
order_004156,cust_01197,delivered,2018-01-17 02:32:24,2018-01-25 13:03:23.956419,2018-01-24 04:26:31.344603
order_004157,cust_00155,delivered,2017-06-12 08:23:59,2017-06-19 21:37:17.139186,2017-06-17 22:00:09.674824
order_004158,cust_00264,delivered,2017-04-18 21:56:32,2017-04-30 20:52:59.140342,2017-05-02 01:01:02.168187
order_004159,cust_02280,delivered,2017-01-17 17:12:55,2017-01-27 01:59:07.402214,2017-01-23 05:35:34.298847
order_004160,cust_02681,delivered,2017-08-06 20:12:04,2017-08-16 06:12:31.418305,2017-08-22 09:42:51.012880
order_004161,cust_01192,delivered,2017-07-31 04:11:13,2017-08-08 14:06:18.000724,2017-08-06 02:56:12.469774
order_004162,cust_02314,delivered,2017-11-01 09:56:33,2017-11-09 00:46:09.021291,2017-11-11 03:11:23.358171
order_004163,cust_00797,delivered,2017-04-19 13:57:08,2017-04-28 04:04:55.693040,2017-04-29 08:39:17.782951
order_004164,cust_02219,shipped,2018-01-21 10:25:24,2018-01-31 16:11:27.580509,
order_004165,cust_02740,delivered,2018-01-03 10:00:02,2018-01-13 10:16:17.856164,2018-01-15 11:26:10.791177
order_004166,cust_00868,delivered,2017-09-07 08:38:05,2017-09-16 06:30:56.259655,2017-09-15 03:03:22.022273
order_004167,cust_00061,delivered,2017-04-08 01:14:16,2017-04-19 02:51:16.375359,2017-04-18 00:33:54.698776
order_004168,cust_02969,delivered,2017-10-01 20:34:24,2017-10-09 12:14:26.480738,2017-10-12 04:00:21.916160
order_004169,cust_01759,delivered,2017-12-31 22:23:37,2018-01-10 07:10:48.011554,2018-01-09 22:18:43.421453
order_004170,cust_01589,delivered,2017-07-21 01:56:25,2017-07-30 02:11:31.801806,2017-08-11 22:46:31.835455
order_004171,cust_00176,delivered,2017-05-23 09:55:35,2017-06-01 07:31:45.047472,2017-05-29 07:39:21.822235
order_004172,cust_00612,delivered,2017-10-01 12:25:40,2017-10-10 14:39:24.532394,2017-10-11 19:00:37.804082
order_004173,cust_02735,delivered,2017-07-11 18:48:51,2017-07-19 04:14:53.513849,2017-07-20 00:08:51.510903
order_004174,cust_02682,delivered,2017-08-05 23:40:54,2017-08-14 18:19:58.458732,2017-08-15 04:34:50.281838
order_004175,cust_01741,delivered,2017-07-08 09:59:29,2017-07-17 10:47:59.894630,2017-07-14 10:38:10.220007
order_004176,cust_00762,delivered,2017-06-13 17:58:26,2017-06-21 19:55:04.454557,2017-06-22 23:15:40.563521
order_004177,cust_00082,delivered,2018-01-23 22:29:47,2018-01-31 10:51:35.481833,2018-01-30 21:24:40.737474
order_004178,cust_02354,delivered,2017-09-06 19:55:37,2017-09-16 00:45:33.750987,2017-09-16 14:57:53.919175
order_004179,cust_01562,delivered,2017-09-09 06:58:16,2017-09-17 13:26:11.797003,2017-09-16 12:26:44.017340
order_004180,cust_00917,delivered,2017-12-19 19:37:11,2017-12-31 07:55:57.437214,2017-12-26 03:14:30.263288
order_004181,cust_02015,delivered,2017-07-15 09:53:36,2017-07-25 21:03:14.050044,2017-07-22 15:11:52.401195
order_004182,cust_01623,delivered,2017-02-24 00:25:13,2017-03-05 10:40:10.657576,2017-02-28 15:55:32.261185
order_004183,cust_01609,delivered,2018-04-06 18:12:45,2018-04-16 12:06:44.898218,2018-04-13 08:06:33.686565
order_004184,cust_00898,shipped,2017-01-31 20:02:58,2017-02-10 04:57:44.735236,
order_004185,cust_00882,delivered,2017-11-05 08:14:52,2017-11-14 10:26:01.390022,2017-11-12 09:53:03.419522
order_004186,cust_00808,delivered,2017-05-24 10:49:20,2017-06-02 23:22:06.648361,2017-06-01 02:49:01.173269
order_004187,cust_00173,delivered,2017-04-26 08:44:40,2017-05-06 00:32:18.177375,2017-05-03 15:26:03.602506
order_004188,cust_01482,delivered,2017-01-23 02:48:31,2017-02-02 00:15:17.101028,2017-01-28 12:37:15.805126
order_004189,cust_01897,delivered,2018-05-02 23:52:32,2018-05-10 18:03:38.159134,2018-05-11 03:44:06.031847
order_004190,cust_02104,delivered,2017-08-20 00:32:33,2017-08-30 15:51:13.258407,2017-08-29 22:44:04.156245
order_004191,cust_02952,delivered,2017-07-05 13:20:05,2017-07-14 12:05:03.214419,2017-07-11 13:23:54.908380
order_004192,cust_00819,delivered,2018-02-05 00:21:29,2018-02-14 09:47:32.347587,2018-02-11 05:14:54.921652
order_004193,cust_00858,delivered,2017-01-22 16:32:42,2017-01-31 18:40:58.368883,2017-01-29 18:37:44.187572
order_004194,cust_02229,delivered,2017-11-01 21:37:13,2017-11-10 19:06:11.674910,2017-11-10 22:37:29.386304
order_004195,cust_00416,delivered,2017-09-25 15:26:35,2017-10-03 20:49:09.147021,2017-10-01 14:49:43.429652
order_004196,cust_02802,delivered,2017-10-26 14:32:53,2017-11-06 13:19:08.460149,2017-11-01 13:13:44.782824
order_004197,cust_00293,delivered,2017-03-08 19:52:12,2017-03-18 17:15:41.860065,2017-03-18 16:06:17.457000
order_004198,cust_02021,delivered,2018-05-30 23:22:53,2018-06-07 16:57:55.162795,2018-06-05 19:35:21.477433
order_004199,cust_01560,delivered,2017-05-09 20:41:01,2017-05-17 17:06:38.558566,2017-05-18 02:14:55.541749
order_004200,cust_00675,delivered,2018-01-02 05:33:15,2018-01-10 07:39:00.831458,2018-01-08 21:06:45.870183
order_004201,cust_02012,delivered,2018-02-08 13:31:05,2018-02-17 06:55:44.320384,2018-02-19 08:03:17.012934
order_004202,cust_00677,delivered,2017-07-05 19:39:05,2017-07-15 07:39:47.546082,2017-07-12 11:38:52.036054
order_004203,cust_00767,delivered,2017-03-12 07:04:09,2017-03-19 19:25:16.376608,2017-03-21 05:02:28.408956
order_004204,cust_01668,delivered,2017-06-10 16:12:17,2017-06-20 04:16:43.632971,2017-06-19 21:56:33.976385
order_004205,cust_01860,delivered,2018-03-12 00:32:49,2018-03-18 05:36:45.415701,2018-03-21 18:17:45.346381
order_004206,cust_02945,delivered,2018-05-05 21:03:21,2018-05-14 12:14:22.243057,2018-05-14 21:29:14.823698
order_004207,cust_01461,delivered,2018-05-21 14:44:44,2018-05-30 12:42:34.838147,2018-05-29 21:35:40.778134
order_004208,cust_01384,delivered,2017-05-03 17:50:04,2017-05-12 14:17:38.973557,2017-05-10 09:52:40.817091
order_004209,cust_00728,delivered,2017-11-24 19:48:40,2017-12-04 01:21:58.708160,2017-12-01 03:43:04.026131
order_004210,cust_02922,delivered,2017-03-23 05:15:02,2017-03-31 17:46:00.657244,2017-04-01 14:48:57.131226
order_004211,cust_00201,delivered,2018-01-19 10:48:46,2018-01-27 10:19:17.412008,2018-02-10 16:03:35.381966
order_004212,cust_02567,delivered,2017-08-13 20:36:26,2017-08-23 01:24:15.281038,2017-08-29 01:02:26.085214
order_004213,cust_02832,delivered,2018-01-21 03:57:10,2018-01-29 19:46:53.811986,2018-01-30 02:00:22.483675
order_004214,cust_01910,delivered,2018-01-05 19:44:20,2018-01-15 06:22:47.005622,2018-01-13 08:45:18.689559
order_004215,cust_02343,shipped,2018-06-21 06:54:50,2018-06-29 11:15:18.417975,
order_004216,cust_01195,delivered,2017-09-21 13:48:43,2017-09-29 14:15:07.593309,2017-10-02 10:27:44.428778
order_004217,cust_01687,delivered,2017-07-04 12:14:23,2017-07-14 19:03:24.796032,2017-07-12 06:32:16.989832
order_004218,cust_01103,delivered,2017-10-12 16:28:32,2017-10-22 08:27:48.243670,2017-10-20 03:58:00.866183
order_004219,cust_02201,delivered,2017-03-29 20:04:49,2017-04-07 03:12:23.498475,2017-04-08 08:23:47.408674
order_004220,cust_00887,delivered,2017-03-02 08:22:31,2017-03-10 12:24:30.838628,2017-03-16 10:43:20.447106
order_004221,cust_01390,delivered,2017-10-08 04:07:19,2017-10-16 19:21:17.207917,2017-10-23 00:20:45.297029
order_004222,cust_02904,delivered,2018-03-22 10:08:52,2018-03-30 15:55:20.405888,2018-03-27 14:15:24.740482
order_004223,cust_02648,delivered,2017-10-15 14:41:29,2017-10-23 17:57:05.865193,2017-10-23 15:12:36.667041
order_004224,cust_01950,delivered,2018-02-27 18:00:38,2018-03-09 04:21:17.906037,2018-03-07 13:48:00.861113
order_004225,cust_02606,delivered,2017-04-07 18:04:51,2017-04-18 00:46:19.168373,2017-04-17 14:04:42.419447
order_004226,cust_00459,delivered,2017-08-31 08:09:32,2017-09-08 21:10:40.079639,2017-09-11 06:53:13.158018
order_004227,cust_00711,delivered,2017-11-28 22:27:54,2017-12-07 22:38:03.549375,2017-12-07 02:08:10.196443
order_004228,cust_02650,delivered,2017-07-07 01:59:45,2017-07-16 16:35:36.523253,2017-07-15 03:25:53.129344
order_004229,cust_01351,delivered,2017-01-08 02:48:03,2017-01-16 06:40:41.235511,2017-01-16 07:24:57.055495
order_004230,cust_01675,delivered,2017-02-09 00:35:40,2017-02-17 20:23:03.642472,2017-02-16 06:03:40.906286
order_004231,cust_02955,delivered,2018-05-16 22:14:00,2018-05-26 02:49:55.509311,2018-05-25 14:31:43.659106
order_004232,cust_01791,delivered,2017-11-23 04:19:22,2017-12-04 04:19:37.679573,2017-11-29 12:39:10.470765
order_004233,cust_00643,delivered,2017-05-23 14:26:06,2017-06-02 00:37:19.330757,2017-05-31 10:10:34.863084
order_004234,cust_01925,delivered,2017-05-20 19:30:39,2017-05-28 21:21:09.882696,2017-05-29 22:53:06.738662
order_004235,cust_00971,delivered,2017-01-22 18:24:03,2017-02-01 23:40:29.603638,2017-01-30 22:04:23.191015
order_004236,cust_01238,delivered,2018-05-26 22:46:20,2018-06-04 18:25:58.284418,2018-06-09 02:46:08.907990
order_004237,cust_00404,delivered,2017-02-28 01:17:26,2017-03-07 12:49:18.966070,2017-03-06 02:03:41.714964
order_004238,cust_02213,delivered,2018-02-15 09:46:11,2018-02-23 05:34:10.667648,2018-02-22 08:25:58.349134
order_004239,cust_01177,delivered,2017-05-10 12:08:51,2017-05-18 08:20:10.048342,2017-05-24 17:28:13.625007
order_004240,cust_02240,delivered,2017-07-01 16:42:27,2017-07-10 23:47:04.300458,2017-07-12 08:06:52.376425
order_004241,cust_00917,delivered,2017-05-28 14:56:35,2017-06-07 11:44:25.610153,2017-06-04 05:32:00.614669
order_004242,cust_02958,delivered,2018-03-22 13:26:19,2018-03-30 08:31:07.497749,2018-03-29 20:52:04.195601
order_004243,cust_00545,canceled,2017-01-18 07:21:50,2017-01-29 07:22:55.569239,
order_004244,cust_00187,delivered,2017-07-10 02:33:19,2017-07-20 14:00:03.725834,2017-07-14 08:21:51.297461
order_004245,cust_02029,delivered,2017-05-31 10:21:34,2017-06-09 00:24:24.918080,2017-06-10 09:08:56.146891
order_004246,cust_02606,delivered,2017-05-28 06:13:54,2017-06-05 01:21:35.010256,2017-06-05 17:38:23.599551
order_004247,cust_01033,delivered,2017-04-15 13:18:11,2017-04-24 21:33:21.856979,2017-04-23 01:56:41.951573
order_004248,cust_02549,delivered,2018-05-08 19:07:51,2018-05-19 13:35:03.990708,2018-05-14 21:48:19.503464
order_004249,cust_00275,delivered,2017-07-24 13:15:40,2017-08-02 12:36:14.490077,2017-07-30 15:38:33.669921
order_004250,cust_00802,delivered,2017-08-14 13:59:34,2017-08-24 18:22:43.811627,2017-08-24 07:50:10.614043
order_004251,cust_01243,delivered,2017-07-27 01:00:16,2017-08-07 01:49:11.513836,2017-08-02 08:50:28.948621
order_004252,cust_00198,delivered,2018-06-14 15:28:17,2018-06-22 14:12:46.713860,2018-06-19 00:05:28.743725
order_004253,cust_02551,delivered,2017-07-03 10:32:51,2017-07-14 03:23:59.865321,2017-07-11 00:47:35.867783
order_004254,cust_02317,delivered,2017-07-04 02:58:07,2017-07-14 09:11:37.500856,2017-07-08 13:23:32.555060
order_004255,cust_00941,delivered,2017-06-27 05:07:53,2017-07-05 02:38:35.571946,2017-07-02 22:29:35.233257
order_004256,cust_00353,delivered,2017-06-26 18:44:16,2017-07-05 10:47:00.353675,2017-07-03 01:51:01.111564
order_004257,cust_01450,delivered,2017-02-18 22:00:02,2017-02-27 11:07:55.990335,2017-02-28 11:14:42.722895
order_004258,cust_00150,delivered,2017-11-23 12:11:07,2017-12-01 15:58:32.935923,2017-12-01 05:06:42.324117
order_004259,cust_02738,delivered,2017-01-14 23:26:16,2017-01-24 20:02:47.608157,2017-01-25 22:43:19.966305
order_004260,cust_01076,delivered,2017-05-03 04:19:15,2017-05-12 08:56:51.629263,2017-05-08 22:30:35.284584
order_004261,cust_02663,delivered,2017-04-20 07:11:29,2017-04-29 22:16:20.611288,2017-04-27 20:40:28.950261
order_004262,cust_02884,delivered,2017-06-07 22:19:17,2017-06-17 12:52:16.582872,2017-06-16 05:18:14.357583
order_004263,cust_01615,delivered,2018-02-13 04:12:16,2018-02-21 22:53:16.596311,2018-02-20 00:34:17.589211
order_004264,cust_02132,delivered,2017-11-20 15:49:30,2017-12-02 02:30:50.984067,2017-11-28 09:58:44.121242
order_004265,cust_01672,delivered,2018-06-20 05:16:05,2018-07-01 03:34:46.341428,2018-06-27 05:41:48.788467
order_004266,cust_00729,delivered,2017-07-09 07:56:53,2017-07-19 00:07:05.197764,2017-07-22 02:10:43.434604
order_004267,cust_01426,delivered,2018-05-17 11:27:57,2018-05-27 03:00:06.705192,2018-05-25 16:03:16.301128
order_004268,cust_00743,delivered,2017-01-25 08:38:22,2017-02-03 18:14:27.541770,2017-02-01 21:02:53.550160
order_004269,cust_00821,delivered,2017-09-30 20:59:17,2017-10-11 07:09:23.805140,2017-10-11 14:43:12.849065
order_004270,cust_01653,delivered,2018-03-08 23:20:48,2018-03-19 10:23:14.542579,2018-03-15 03:44:18.112253
order_004271,cust_01178,delivered,2017-10-15 12:00:03,2017-10-25 13:46:10.379254,2017-10-24 18:36:49.763968
order_004272,cust_01686,delivered,2018-05-19 12:36:18,2018-05-28 16:20:00.121207,2018-05-29 12:08:56.184581
order_004273,cust_01387,delivered,2017-06-19 01:19:45,2017-06-28 01:59:50.868566,2017-06-27 21:44:25.282534
order_004274,cust_02954,delivered,2017-01-18 05:37:15,2017-01-25 21:56:30.816143,2017-01-25 13:09:41.872885
order_004275,cust_00883,delivered,2018-02-22 00:57:26,2018-03-03 12:11:30.575586,2018-03-04 11:28:59.891444
order_004276,cust_01207,delivered,2017-02-06 20:33:34,2017-02-14 21:30:58.925334,2017-03-05 09:52:30.203366
order_004277,cust_02660,delivered,2018-02-17 05:27:26,2018-02-25 22:41:25.169849,2018-02-24 13:17:44.792377
order_004278,cust_01561,delivered,2018-02-01 08:10:30,2018-02-10 16:59:01.331912,2018-02-06 21:03:05.386563
order_004279,cust_00294,delivered,2018-04-01 20:13:35,2018-04-10 16:19:13.118611,2018-04-08 02:00:33.576254
order_004280,cust_00640,delivered,2017-09-16 17:07:08,2017-09-27 05:41:27.156200,2017-09-27 20:23:14.362828
order_004281,cust_01136,delivered,2018-04-29 14:54:55,2018-05-09 23:39:23.703326,2018-05-09 02:45:02.226302
order_004282,cust_00868,delivered,2017-04-02 00:55:23,2017-04-10 11:24:52.913302,2017-04-10 21:23:57.038329
order_004283,cust_01756,delivered,2017-08-23 13:30:39,2017-08-31 01:03:53.402687,2017-08-31 01:27:26.294592
order_004284,cust_02054,delivered,2017-03-07 13:27:41,2017-03-15 07:56:32.058907,2017-03-15 05:17:59.179111
order_004285,cust_02078,delivered,2018-02-19 07:39:18,2018-03-01 08:27:27.573590,2018-03-03 16:45:04.192214
order_004286,cust_01692,delivered,2018-01-21 17:52:41,2018-01-30 16:24:47.842652,2018-01-29 23:28:30.220435
order_004287,cust_01068,delivered,2018-03-12 22:18:22,2018-03-21 01:54:41.216096,2018-03-21 21:26:41.177449
order_004288,cust_01341,delivered,2018-02-17 06:13:00,2018-02-25 19:27:26.828131,2018-02-27 20:57:56.021525
order_004289,cust_01226,delivered,2017-06-16 07:56:53,2017-06-27 23:13:26.360568,2017-06-23 22:46:36.348843
order_004290,cust_00291,delivered,2017-02-06 07:44:09,2017-02-14 22:48:05.333979,2017-02-13 07:24:14.059103
order_004291,cust_01726,delivered,2018-05-17 20:02:19,2018-05-26 23:09:58.968253,2018-05-27 20:59:13.988908
order_004292,cust_01744,delivered,2017-09-24 01:51:59,2017-10-03 05:38:35.658079,2017-10-01 20:04:14.832128
order_004293,cust_01818,delivered,2017-02-20 21:30:06,2017-03-01 17:44:18.760123,2017-02-26 23:58:40.969258
order_004294,cust_02689,delivered,2018-05-16 18:36:03,2018-05-27 23:21:17.702214,2018-05-24 19:32:05.630230
order_004295,cust_01592,delivered,2018-06-21 11:36:00,2018-06-29 10:19:34.112471,2018-06-29 05:33:20.806863
order_004296,cust_01540,delivered,2017-08-29 14:00:16,2017-09-06 19:32:12.401935,2017-09-03 00:33:20.418507
order_004297,cust_02830,delivered,2018-02-20 21:27:46,2018-03-02 02:56:38.718324,2018-02-27 14:08:17.512398
order_004298,cust_01841,delivered,2017-01-20 18:28:33,2017-01-29 03:25:46.006470,2017-01-26 21:13:11.041182
order_004299,cust_02832,canceled,2017-02-20 06:38:35,2017-03-02 23:25:46.467687,
order_004300,cust_01627,delivered,2017-05-30 01:12:34,2017-06-08 06:00:49.750781,2017-06-08 10:05:30.131151
order_004301,cust_01827,delivered,2017-12-21 15:48:08,2017-12-29 20:05:55.940544,2017-12-27 07:43:55.322838
order_004302,cust_01777,delivered,2017-03-14 03:29:57,2017-03-24 23:12:19.176343,2017-03-25 13:03:36.263037
order_004303,cust_01394,delivered,2017-01-19 02:06:40,2017-01-30 03:01:21.172329,2017-01-25 00:01:16.859696
order_004304,cust_01814,delivered,2017-12-28 23:34:30,2018-01-05 09:27:29.156310,2018-01-05 11:34:10.442798
order_004305,cust_01665,delivered,2018-02-20 11:22:27,2018-03-02 13:16:35.774032,2018-02-25 09:56:21.581635
order_004306,cust_01952,delivered,2018-02-04 15:37:13,2018-02-12 13:33:51.054867,2018-02-14 04:34:12.928929
order_004307,cust_02365,delivered,2018-03-08 05:12:57,2018-03-16 23:17:44.663512,2018-03-15 01:40:00.079572
order_004308,cust_00855,delivered,2018-03-10 02:26:26,2018-03-19 14:56:11.657490,2018-03-17 00:35:48.276281
order_004309,cust_00522,canceled,2017-11-22 01:30:22,2017-11-30 13:08:08.577990,
order_004310,cust_01898,delivered,2017-10-08 08:30:17,2017-10-17 08:54:45.913648,2017-10-15 09:23:23.778462
order_004311,cust_01023,delivered,2018-04-08 00:05:21,2018-04-16 16:09:29.438001,2018-04-16 12:13:45.298975
order_004312,cust_00576,delivered,2017-07-07 10:04:52,2017-07-16 15:40:27.085763,2017-07-13 19:21:22.518531
order_004313,cust_02728,delivered,2017-02-22 07:47:38,2017-03-04 07:26:10.216305,2017-02-28 02:32:11.438061
order_004314,cust_00287,delivered,2018-02-11 12:38:38,2018-02-19 21:42:24.628413,2018-02-18 00:23:31.561722
order_004315,cust_02850,delivered,2017-05-29 14:08:55,2017-06-08 00:29:50.235172,2017-06-06 13:22:52.030298
order_004316,cust_00084,delivered,2018-06-13 07:24:08,2018-06-22 04:55:42.365751,2018-06-21 03:11:35.555467
order_004317,cust_02893,delivered,2017-08-12 10:55:31,2017-08-19 18:08:27.122844,2017-08-19 16:41:09.952110
order_004318,cust_02541,delivered,2018-04-05 01:52:27,2018-04-13 01:51:50.525572,2018-04-11 01:04:09.027343
order_004319,cust_01223,delivered,2017-01-23 07:14:32,2017-01-30 13:59:46.634130,2017-02-05 07:07:47.135738
order_004320,cust_00962,canceled,2017-12-22 23:28:35,2018-01-02 08:08:03.634555,
order_004321,cust_00165,delivered,2017-08-31 23:47:19,2017-09-09 19:21:17.965956,2017-09-08 10:32:50.679624
order_004322,cust_02572,delivered,2017-09-07 11:39:33,2017-09-16 07:50:52.664126,2017-09-14 08:03:31.363047
order_004323,cust_02100,delivered,2017-05-24 22:32:54,2017-06-01 18:41:35.119817,2017-06-05 11:06:44.709616
order_004324,cust_00233,delivered,2018-06-09 12:01:52,2018-06-16 17:34:49.483729,2018-06-18 11:51:36.110131
order_004325,cust_00721,delivered,2017-08-01 03:00:56,2017-08-08 18:00:45.129645,2017-08-08 04:06:51.079245
order_004326,cust_02096,delivered,2018-04-05 20:49:46,2018-04-14 09:16:38.781890,2018-04-10 12:09:31.581181
order_004327,cust_02406,delivered,2017-08-18 09:57:45,2017-08-26 03:13:15.623054,2017-08-25 13:56:02.190135
order_004328,cust_02191,delivered,2017-01-27 14:41:53,2017-02-03 17:08:27.431032,2017-01-31 18:37:09.488121
order_004329,cust_00130,delivered,2018-04-20 15:34:20,2018-04-30 03:37:49.303887,2018-04-26 11:45:48.240195
order_004330,cust_01598,delivered,2017-04-10 07:23:34,2017-04-19 06:31:04.147625,2017-04-18 14:49:27.667987
order_004331,cust_00128,delivered,2017-05-26 17:36:13,2017-06-06 03:51:06.444485,2017-05-30 16:26:41.026479
order_004332,cust_01280,delivered,2018-04-10 12:01:52,2018-04-19 17:19:49.734649,2018-04-16 17:12:46.609884
order_004333,cust_02532,delivered,2018-04-28 08:47:34,2018-05-07 10:22:18.218258,2018-05-07 11:54:04.216405
order_004334,cust_00384,delivered,2018-05-11 07:08:59,2018-05-22 08:50:52.102344,2018-05-16 22:44:48.053193
order_004335,cust_00570,delivered,2017-08-19 17:54:38,2017-08-28 23:03:53.164311,2017-08-27 14:04:54.913043
order_004336,cust_01589,delivered,2018-02-13 05:59:03,2018-02-21 17:17:16.444325,2018-02-27 14:28:54.724603
order_004337,cust_00478,delivered,2017-06-27 02:58:46,2017-07-06 12:04:02.597609,2017-07-02 17:44:41.969015
order_004338,cust_01960,delivered,2018-02-04 21:09:42,2018-02-16 08:15:20.553460,2018-02-12 00:54:58.622842
order_004339,cust_01439,delivered,2017-09-29 07:57:48,2017-10-07 13:31:37.971994,2017-10-08 15:33:51.824411
order_004340,cust_02699,delivered,2017-01-29 15:23:05,2017-02-06 22:24:02.568175,2017-02-07 14:15:38.310495
order_004341,cust_01913,delivered,2017-08-14 17:11:39,2017-08-24 06:35:02.040315,2017-08-26 19:35:52.210077
order_004342,cust_02964,delivered,2017-09-10 20:07:12,2017-09-20 12:15:06.470016,2017-09-19 07:12:28.069785
order_004343,cust_00246,delivered,2017-05-19 15:00:58,2017-05-28 09:14:25.499737,2017-05-28 04:30:52.948954
order_004344,cust_01804,delivered,2017-07-22 16:59:26,2017-08-02 10:15:33.918812,2017-08-04 18:08:25.904204
order_004345,cust_01568,canceled,2017-09-29 20:05:34,2017-10-08 15:38:24.260465,
order_004346,cust_02833,delivered,2017-01-27 22:38:26,2017-02-05 05:41:15.713888,2017-02-03 18:24:26.391126
order_004347,cust_01399,delivered,2017-03-23 01:07:28,2017-03-31 06:01:36.126430,2017-03-30 09:50:08.377090
order_004348,cust_00222,delivered,2018-02-19 17:50:17,2018-02-28 15:11:57.431016,2018-02-27 02:42:11.491598
order_004349,cust_01959,delivered,2017-07-10 04:11:07,2017-07-17 21:32:51.868943,2017-07-17 20:57:29.971300
order_004350,cust_00355,delivered,2017-11-25 21:23:26,2017-12-04 23:56:18.931876,2017-12-05 01:22:41.749689
order_004351,cust_01566,delivered,2017-11-02 01:09:49,2017-11-11 17:07:13.492985,2017-11-08 22:51:19.123205
order_004352,cust_00035,delivered,2017-10-25 05:55:21,2017-11-01 06:03:53.432195,2017-10-31 21:15:19.424449
order_004353,cust_00290,delivered,2017-08-12 04:36:38,2017-08-20 05:49:15.189726,2017-08-19 23:02:18.607461
order_004354,cust_00554,delivered,2017-09-18 14:28:55,2017-09-26 15:45:30.754165,2017-09-27 23:13:51.992962
order_004355,cust_01272,delivered,2018-03-21 00:06:10,2018-03-29 12:03:08.788709,2018-03-28 05:10:27.076816
order_004356,cust_01482,delivered,2018-06-06 00:24:30,2018-06-15 11:09:25.538253,2018-06-12 23:12:14.702998
order_004357,cust_02367,delivered,2017-05-19 12:06:03,2017-05-28 09:47:22.423720,2017-05-26 18:32:06.982275
order_004358,cust_00379,delivered,2017-12-28 23:19:11,2018-01-06 16:44:03.104999,2018-01-07 12:30:54.080542
order_004359,cust_00133,delivered,2018-06-08 12:40:46,2018-06-19 22:47:07.326411,2018-06-21 02:09:32.776175
order_004360,cust_00718,delivered,2017-01-05 10:42:08,2017-01-12 21:05:43.616268,2017-01-14 07:14:07.556120
order_004361,cust_02611,delivered,2018-02-28 15:47:21,2018-03-09 14:53:38.888092,2018-03-06 16:53:47.680728
order_004362,cust_00431,delivered,2017-09-26 13:14:36,2017-10-06 03:06:32.297208,2017-10-03 12:27:23.007432
order_004363,cust_01795,delivered,2018-06-07 09:14:16,2018-06-16 18:21:43.480646,2018-06-16 12:38:14.899381
order_004364,cust_02067,delivered,2017-11-09 14:07:30,2017-11-19 19:50:30.486273,2017-11-21 07:09:04.587114
order_004365,cust_01972,delivered,2018-03-29 00:04:37,2018-04-06 08:24:12.792519,2018-04-03 15:56:03.981121
order_004366,cust_01431,delivered,2017-03-31 05:52:03,2017-04-09 23:24:57.402981,2017-04-06 12:08:42.410134
order_004367,cust_00913,delivered,2017-03-18 16:10:24,2017-03-27 13:33:55.318827,2017-03-25 10:27:06.339616
order_004368,cust_00786,delivered,2018-05-16 08:11:50,2018-05-23 23:19:11.255879,2018-05-24 20:02:44.016051
order_004369,cust_01018,delivered,2017-10-12 01:18:10,2017-10-21 00:41:50.325405,2017-10-18 23:31:28.888847
order_004370,cust_02076,delivered,2017-10-29 02:59:11,2017-11-08 06:59:09.375171,2017-11-06 03:02:49.782949
order_004371,cust_00587,delivered,2017-04-02 20:47:17,2017-04-11 22:18:24.363684,2017-04-13 16:09:05.058759
order_004372,cust_00251,delivered,2017-05-03 07:54:35,2017-05-13 01:39:35.743320,2017-05-09 14:57:35.807187
order_004373,cust_02223,delivered,2018-03-18 00:32:37,2018-03-27 07:26:21.593418,2018-03-27 06:19:21.900731
order_004374,cust_00015,delivered,2017-06-13 17:29:28,2017-06-23 11:33:28.249927,2017-06-19 21:37:13.888090
order_004375,cust_00949,delivered,2017-11-12 12:43:53,2017-11-22 10:25:08.025156,2017-11-21 02:24:12.779140
order_004376,cust_02826,delivered,2017-06-20 10:49:59,2017-07-01 10:52:23.685821,2017-06-24 06:35:56.396712
order_004377,cust_00299,delivered,2017-05-23 21:28:40,2017-06-03 16:06:48.425405,2017-06-03 22:14:44.760502
order_004378,cust_02056,delivered,2017-03-31 07:31:45,2017-04-11 11:40:59.517304,2017-04-12 20:20:43.017801
order_004379,cust_02077,delivered,2018-05-17 13:44:23,2018-05-26 09:13:05.229557,2018-05-27 14:08:03.166172
order_004380,cust_02100,delivered,2018-05-23 17:52:39,2018-06-02 03:10:49.919525,2018-05-31 09:53:55.590877
order_004381,cust_02581,delivered,2017-03-04 14:36:07,2017-03-13 01:01:13.375427,2017-03-13 09:36:58.059798
order_004382,cust_00113,delivered,2017-07-10 04:59:28,2017-07-19 03:11:57.163444,2017-07-22 07:36:19.200407
order_004383,cust_01226,delivered,2017-11-01 16:21:31,2017-11-10 04:47:51.219493,2017-11-12 15:57:54.932204
order_004384,cust_00179,delivered,2017-07-26 17:50:29,2017-08-05 01:18:42.992387,2017-08-05 06:14:51.082802
order_004385,cust_02304,delivered,2018-01-25 02:56:16,2018-02-03 03:26:24.389231,2018-02-05 16:40:27.968072
order_004386,cust_01014,delivered,2017-05-21 03:58:14,2017-05-29 09:03:14.360030,2017-05-29 00:14:56.786843
order_004387,cust_01020,delivered,2017-02-01 16:11:53,2017-02-10 06:37:06.788682,2017-02-09 00:37:31.660976
order_004388,cust_02770,delivered,2017-07-01 02:51:19,2017-07-09 14:09:43.291284,2017-07-10 05:58:26.407396
order_004389,cust_02244,delivered,2017-11-19 21:07:42,2017-11-28 11:03:30.456041,2017-11-28 15:59:58.435508
order_004390,cust_01220,delivered,2017-04-08 02:37:46,2017-04-14 22:21:47.811220,2017-04-14 16:23:57.843129
order_004391,cust_00760,delivered,2018-03-17 23:22:52,2018-03-27 10:32:30.928508,2018-03-30 04:38:15.510759
order_004392,cust_01086,delivered,2017-01-07 16:06:58,2017-01-16 21:17:39.711708,2017-01-15 01:01:44.333205
order_004393,cust_01458,delivered,2017-02-06 10:37:59,2017-02-13 14:33:00.538724,2017-02-12 23:14:51.735603
order_004394,cust_00778,delivered,2017-10-02 06:26:29,2017-10-12 09:21:35.436462,2017-10-08 23:57:30.572279
order_004395,cust_00740,delivered,2017-10-04 08:16:05,2017-10-12 07:24:28.178899,2017-10-08 14:08:43.682973
order_004396,cust_00142,delivered,2017-06-09 17:57:51,2017-06-19 08:48:39.068247,2017-06-16 07:32:03.432776
order_004397,cust_02272,delivered,2017-05-20 18:04:45,2017-05-30 08:34:28.417680,2017-05-28 03:23:34.937032
order_004398,cust_01369,delivered,2017-02-07 05:00:28,2017-02-17 16:46:50.111930,2017-02-14 07:33:31.082520
order_004399,cust_02762,delivered,2017-12-24 13:01:44,2018-01-04 07:53:46.325210,2018-01-01 15:37:33.530699
order_004400,cust_01299,delivered,2017-07-24 23:49:49,2017-08-01 00:43:04.862545,2017-07-31 18:40:56.884321
order_004401,cust_02429,delivered,2017-03-06 06:10:31,2017-03-15 01:26:58.268042,2017-03-15 12:09:32.677686
order_004402,cust_01853,delivered,2017-08-04 16:38:30,2017-08-14 21:40:38.802468,2017-08-10 15:14:46.879603
order_004403,cust_01777,delivered,2018-05-22 04:07:54,2018-05-31 08:38:41.867150,2018-05-31 08:00:11.508857
order_004404,cust_01342,delivered,2017-05-22 20:01:04,2017-05-31 00:54:32.731112,2017-05-30 05:43:50.109767
order_004405,cust_02988,delivered,2018-04-29 04:05:07,2018-05-08 18:36:45.153127,2018-05-08 08:36:56.441248
order_004406,cust_02909,delivered,2017-05-20 07:08:34,2017-05-29 04:08:47.343132,2017-05-27 18:56:38.550046
order_004407,cust_01617,delivered,2017-04-11 11:01:12,2017-04-20 17:01:27.848816,2017-04-17 05:34:23.564217
order_004408,cust_00083,delivered,2017-05-21 08:53:44,2017-05-30 15:44:32.434208,2017-05-28 09:04:00.063619
order_004409,cust_00844,delivered,2017-06-24 04:04:58,2017-07-02 10:56:25.772200,2017-06-29 15:06:50.987031
order_004410,cust_01978,delivered,2017-03-07 15:23:01,2017-03-15 21:50:36.569922,2017-03-14 23:46:16.222548
order_004411,cust_02460,delivered,2017-11-14 00:28:23,2017-11-21 14:01:20.803554,2017-11-20 18:38:54.267519
order_004412,cust_00171,delivered,2017-06-30 23:36:16,2017-07-10 23:25:53.107175,2017-07-06 00:19:24.447201
order_004413,cust_02516,delivered,2018-01-23 01:15:00,2018-01-30 18:57:25.234786,2018-01-30 19:20:38.814182
order_004414,cust_01628,delivered,2017-09-23 08:00:45,2017-10-02 17:24:44.936659,2017-10-03 18:04:13.362091
order_004415,cust_02643,delivered,2017-08-28 22:19:02,2017-09-07 20:34:14.824297,2017-09-08 09:34:21.169424
order_004416,cust_02170,delivered,2017-09-12 03:43:19,2017-09-22 01:34:17.895724,2017-09-19 15:37:38.058438
order_004417,cust_01955,delivered,2017-03-26 01:45:03,2017-04-04 17:18:16.514787,2017-04-03 17:20:38.442306
order_004418,cust_01042,delivered,2018-01-20 17:51:14,2018-01-29 12:39:22.793956,2018-01-29 15:29:27.258826
order_004419,cust_02264,delivered,2017-02-26 01:45:22,2017-03-07 10:09:31.560101,2017-03-07 07:43:02.968902
order_004420,cust_02788,delivered,2018-01-25 21:35:25,2018-02-03 04:11:23.077109,2018-02-04 18:17:19.420289
order_004421,cust_02475,delivered,2018-06-24 10:49:42,2018-07-04 01:53:30.513523,2018-06-30 15:50:08.187936
order_004422,cust_02630,delivered,2018-02-17 20:51:50,2018-02-26 02:33:27.811766,2018-02-28 21:58:31.730871
order_004423,cust_00131,delivered,2017-09-03 05:52:56,2017-09-12 22:32:44.219663,2017-09-12 20:19:12.654176
order_004424,cust_00431,delivered,2017-06-19 03:23:14,2017-06-28 09:43:25.339624,2017-06-27 17:09:18.752935
order_004425,cust_00421,delivered,2018-04-17 23:06:16,2018-04-26 23:01:37.548185,2018-04-24 01:09:10.414878
order_004426,cust_01778,delivered,2017-05-19 18:17:31,2017-05-28 11:37:09.275933,2017-05-29 15:18:04.804681
order_004427,cust_02051,delivered,2017-09-18 21:51:49,2017-09-28 01:55:51.550073,2017-09-24 06:44:45.694862
order_004428,cust_01679,delivered,2018-02-21 07:40:38,2018-03-01 06:34:55.659178,2018-03-01 04:50:03.056548
order_004429,cust_01766,delivered,2018-05-14 09:42:49,2018-05-23 01:45:11.973352,2018-05-21 21:02:25.071690
order_004430,cust_02388,delivered,2018-05-13 13:51:12,2018-05-23 12:52:08.723104,2018-05-19 10:26:38.954750
order_004431,cust_00770,delivered,2017-02-17 10:46:10,2017-02-26 13:48:40.271772,2017-02-24 00:56:06.537753
order_004432,cust_02567,delivered,2018-05-01 05:49:26,2018-05-11 10:09:02.301367,2018-05-10 11:34:43.981917
order_004433,cust_00659,delivered,2017-03-03 09:00:09,2017-03-11 17:12:42.711239,2017-03-10 04:35:07.330693
order_004434,cust_00977,delivered,2017-11-12 14:36:36,2017-11-22 00:16:35.584374,2017-11-22 08:24:42.791418
order_004435,cust_01806,delivered,2018-05-18 00:54:31,2018-05-28 05:36:33.967319,2018-05-24 17:11:09.158944
order_004436,cust_01915,delivered,2017-12-20 08:03:45,2017-12-30 11:45:19.959512,2017-12-26 15:18:53.365467
order_004437,cust_01034,delivered,2018-05-27 07:01:41,2018-06-04 03:22:34.256068,2018-06-04 00:03:59.957718
order_004438,cust_00077,delivered,2017-07-05 01:41:15,2017-07-12 21:46:30.000754,2017-07-09 10:02:26.800271
order_004439,cust_01822,delivered,2017-06-19 02:56:38,2017-06-28 13:19:33.839243,2017-06-25 15:37:21.399388
order_004440,cust_00124,delivered,2017-06-26 11:53:46,2017-07-06 12:12:12.688003,2017-07-03 02:10:14.909448
order_004441,cust_01715,delivered,2017-07-11 02:27:24,2017-07-21 04:12:21.519352,2017-07-18 20:30:36.259492
order_004442,cust_01271,delivered,2018-01-04 08:16:39,2018-01-12 11:11:20.310152,2018-01-08 15:01:32.442738
order_004443,cust_02596,delivered,2017-09-02 13:27:38,2017-09-14 02:28:48.804672,2017-09-10 13:35:27.634468
order_004444,cust_02923,delivered,2018-02-03 20:58:20,2018-02-10 19:51:47.133698,2018-02-13 02:22:03.942102
order_004445,cust_01363,delivered,2017-08-13 02:22:13,2017-08-21 08:00:17.882117,2017-08-23 00:52:33.862201
order_004446,cust_02681,delivered,2017-06-16 10:25:53,2017-06-26 03:19:30.210414,2017-06-22 06:08:07.149925
order_004447,cust_01194,delivered,2017-04-13 02:28:13,2017-04-20 14:06:40.301994,2017-04-22 17:55:18.083042
order_004448,cust_02023,delivered,2017-10-25 10:17:08,2017-11-03 05:12:26.903164,2017-11-24 04:19:13.792859
order_004449,cust_01666,delivered,2018-05-01 11:31:56,2018-05-11 10:39:40.635906,2018-05-08 03:14:38.289492
order_004450,cust_00579,delivered,2018-04-09 19:10:56,2018-04-19 12:07:22.446824,2018-04-16 23:47:14.012719
order_004451,cust_01706,delivered,2017-05-17 10:36:53,2017-05-25 21:16:42.855598,2017-05-22 16:29:07.955117
order_004452,cust_02666,delivered,2017-09-15 22:27:08,2017-09-26 04:59:18.234259,2017-09-24 12:20:11.713384
order_004453,cust_00253,delivered,2018-01-16 03:18:11,2018-01-26 04:35:24.717292,2018-01-23 00:46:01.487891
order_004454,cust_02021,delivered,2017-11-27 01:16:32,2017-12-04 11:07:21.366542,2017-12-05 01:21:07.018319
order_004455,cust_02081,delivered,2017-02-06 00:06:24,2017-02-15 09:50:22.591278,2017-02-13 12:35:55.670215
order_004456,cust_02584,delivered,2017-11-16 08:33:42,2017-11-26 13:33:15.574785,2017-11-21 05:57:37.746019
order_004457,cust_00694,delivered,2017-01-21 04:37:52,2017-01-30 11:52:10.100599,2017-01-28 14:37:51.693697
order_004458,cust_00580,delivered,2017-03-04 02:11:52,2017-03-13 05:45:46.686542,2017-03-17 22:51:41.367389
order_004459,cust_00329,delivered,2017-12-20 05:39:41,2017-12-29 21:45:47.167462,2017-12-25 13:53:39.817773
order_004460,cust_02533,delivered,2017-02-25 23:23:58,2017-03-07 11:47:13.970274,2017-03-06 19:34:41.661210
order_004461,cust_01559,delivered,2017-07-03 19:12:21,2017-07-11 19:21:23.417606,2017-07-10 16:34:00.876671
order_004462,cust_00062,delivered,2017-11-14 00:26:44,2017-11-23 06:52:48.388751,2017-11-20 14:02:01.329815
order_004463,cust_01068,delivered,2017-12-20 21:58:13,2017-12-29 08:27:14.457943,2017-12-26 23:47:23.926849
order_004464,cust_01935,delivered,2017-08-29 04:55:34,2017-09-06 18:09:11.539271,2017-09-04 15:44:50.792210
order_004465,cust_02141,delivered,2017-02-20 09:44:33,2017-03-03 01:26:53.362632,2017-02-27 02:18:04.825176
order_004466,cust_01430,delivered,2018-03-08 07:51:47,2018-03-17 19:18:19.375872,2018-03-14 00:34:19.107879
order_004467,cust_00020,delivered,2018-05-28 09:43:14,2018-06-06 18:54:38.176681,2018-06-04 06:04:59.422642
order_004468,cust_02877,delivered,2018-04-25 18:15:26,2018-05-04 16:41:50.832841,2018-04-30 13:29:14.920350
order_004469,cust_00018,delivered,2018-02-09 17:05:58,2018-02-18 07:28:18.580780,2018-02-20 14:21:00.942740
order_004470,cust_01695,delivered,2017-08-06 14:15:24,2017-08-15 09:55:37.964618,2017-08-15 12:55:33.362249
order_004471,cust_01099,delivered,2018-04-19 15:02:46,2018-04-28 04:11:16.778723,2018-04-25 09:07:36.940112
order_004472,cust_02169,delivered,2017-09-21 17:27:38,2017-09-29 21:26:04.608654,2017-09-29 08:57:42.646980
order_004473,cust_01158,delivered,2017-03-15 04:25:09,2017-03-25 08:18:43.601681,2017-03-22 17:07:46.704573
order_004474,cust_01209,delivered,2018-04-05 09:29:45,2018-04-12 03:43:10.635158,2018-04-10 08:28:06.945694
order_004475,cust_00127,delivered,2017-06-22 02:35:04,2017-07-01 08:35:02.932430,2017-06-26 23:24:01.857180
order_004476,cust_02070,delivered,2018-05-22 16:54:00,2018-05-30 07:07:52.926747,2018-06-18 14:03:23.762950
order_004477,cust_01570,delivered,2017-07-18 10:30:09,2017-07-28 00:45:24.917929,2017-07-25 17:35:48.475980
order_004478,cust_02604,delivered,2018-04-15 15:17:40,2018-04-24 10:05:32.465902,2018-04-22 11:46:35.398255
order_004479,cust_02331,delivered,2017-10-18 13:33:21,2017-10-28 00:11:39.314624,2017-10-22 19:15:56.387291
order_004480,cust_01838,delivered,2017-09-10 06:34:01,2017-09-18 19:02:16.044244,2017-09-18 08:33:59.489219
order_004481,cust_02903,delivered,2017-06-10 03:19:44,2017-06-19 16:36:21.361078,2017-06-20 19:30:37.362516
order_004482,cust_02316,delivered,2018-03-28 23:21:02,2018-04-07 08:20:16.433658,2018-04-03 19:36:29.067822
order_004483,cust_00293,delivered,2017-02-02 07:02:18,2017-02-11 13:47:16.030262,2017-02-11 20:40:27.769471
order_004484,cust_02256,delivered,2017-09-11 02:37:46,2017-09-20 04:43:08.405202,2017-09-15 10:16:30.629645
order_004485,cust_00314,delivered,2017-07-19 07:20:33,2017-07-29 06:28:18.904496,2017-07-27 22:36:17.149291
order_004486,cust_02070,delivered,2017-10-21 21:39:28,2017-10-30 15:19:12.088887,2017-10-30 15:09:38.228576
order_004487,cust_02751,delivered,2017-05-18 06:16:16,2017-05-27 16:02:33.270185,2017-05-22 19:30:55.362965
order_004488,cust_02624,delivered,2017-12-25 23:40:58,2018-01-04 12:21:40.600299,2017-12-30 13:37:07.414688
order_004489,cust_02725,delivered,2017-07-28 11:03:29,2017-08-07 20:33:03.208177,2017-08-03 21:13:49.087691
order_004490,cust_02151,delivered,2017-04-12 20:41:00,2017-04-24 04:31:38.777726,2017-04-21 04:32:26.656389
order_004491,cust_01260,delivered,2017-04-17 15:40:24,2017-04-29 02:55:38.389084,2017-04-23 03:22:43.289975
order_004492,cust_02349,delivered,2018-01-12 01:03:15,2018-01-20 06:43:09.573484,2018-01-18 21:17:38.905225
order_004493,cust_00669,delivered,2017-05-22 12:13:31,2017-05-30 22:50:22.713816,2017-06-08 06:43:28.607079
order_004494,cust_00140,delivered,2017-06-15 10:00:22,2017-06-26 05:28:28.602159,2017-06-23 19:56:53.349126
order_004495,cust_00278,delivered,2017-12-05 04:50:05,2017-12-13 18:18:39.246870,2017-12-12 01:07:44.697786
order_004496,cust_02322,delivered,2017-06-28 13:11:58,2017-07-07 12:38:18.881587,2017-07-05 23:18:23.562111
order_004497,cust_01188,delivered,2017-07-29 02:28:13,2017-08-07 20:28:29.910637,2017-08-06 13:38:20.665932
order_004498,cust_01918,delivered,2017-05-13 16:45:33,2017-05-21 19:35:25.184942,2017-05-22 01:17:46.341856
order_004499,cust_02089,delivered,2017-07-06 19:43:29,2017-07-15 21:22:49.077775,2017-07-12 03:13:35.008402
order_004500,cust_00526,delivered,2018-01-10 02:13:15,2018-01-16 23:37:11.123531,2018-01-21 23:08:35.141430
order_004501,cust_01161,delivered,2017-10-16 11:30:11,2017-10-26 16:24:24.732212,2017-10-24 05:46:22.606416
order_004502,cust_01131,delivered,2018-06-23 15:43:22,2018-07-01 21:30:09.639989,2018-07-03 13:33:21.186567
order_004503,cust_00454,delivered,2018-02-21 01:29:28,2018-03-03 12:40:09.318666,2018-02-27 08:01:56.141327
order_004504,cust_02806,delivered,2017-01-10 09:20:37,2017-01-20 13:44:42.638272,2017-01-16 18:31:42.711589
order_004505,cust_00495,delivered,2017-07-24 06:11:41,2017-08-04 01:29:35.588994,2017-08-04 01:47:02.828333
order_004506,cust_01809,delivered,2017-06-06 00:56:31,2017-06-16 01:59:13.818065,2017-06-18 23:56:48.206873
order_004507,cust_01737,delivered,2017-11-14 19:17:48,2017-11-23 09:09:31.757095,2017-11-18 23:16:47.479812
order_004508,cust_00109,delivered,2017-05-24 10:40:19,2017-06-02 02:26:44.994625,2017-06-01 11:08:32.788939
order_004509,cust_00376,delivered,2018-06-06 18:02:29,2018-06-16 19:05:57.353477,2018-06-14 08:32:12.587414
order_004510,cust_01251,delivered,2017-06-11 14:05:23,2017-06-20 07:30:54.743175,2017-06-19 14:41:45.124257
order_004511,cust_00293,delivered,2017-10-09 21:01:10,2017-10-18 12:57:19.293425,2017-10-13 06:26:54.428967
order_004512,cust_01488,delivered,2017-03-08 23:55:41,2017-03-18 10:07:03.639301,2017-03-18 06:41:29.767233
order_004513,cust_00242,delivered,2018-05-07 14:27:00,2018-05-17 15:48:17.005858,2018-05-15 21:12:47.857124
order_004514,cust_01161,delivered,2018-05-08 08:27:07,2018-05-18 02:53:02.157116,2018-05-16 22:22:57.334117
order_004515,cust_02916,delivered,2018-03-05 10:08:59,2018-03-14 17:41:46.395945,2018-03-09 17:28:13.153899
order_004516,cust_01213,delivered,2017-07-09 19:48:35,2017-07-18 19:19:33.066554,2017-07-17 21:00:07.399030
order_004517,cust_02923,delivered,2017-02-01 10:14:21,2017-02-10 02:46:27.750645,2017-02-10 07:28:10.372128
order_004518,cust_00592,delivered,2018-01-19 12:28:25,2018-01-27 20:16:46.326849,2018-01-28 23:12:33.800111
order_004519,cust_00607,delivered,2017-08-20 04:39:21,2017-08-28 10:54:46.525107,2017-08-28 17:34:07.523568
order_004520,cust_02647,delivered,2018-06-19 23:45:41,2018-06-29 04:03:31.567196,2018-06-28 12:09:27.136915
order_004521,cust_01598,canceled,2018-01-13 15:37:09,2018-01-24 06:04:13.458323,
order_004522,cust_02854,delivered,2017-10-18 07:55:30,2017-10-27 08:40:39.905939,2017-10-23 22:15:57.772914
order_004523,cust_02990,delivered,2018-06-17 14:02:29,2018-06-28 15:57:14.237540,2018-06-25 05:32:12.281535
order_004524,cust_01868,shipped,2018-03-09 09:37:38,2018-03-18 08:59:51.903305,
order_004525,cust_01745,delivered,2017-09-05 03:43:00,2017-09-14 12:25:11.976941,2017-09-12 05:05:42.307318
order_004526,cust_01035,delivered,2017-01-11 20:59:38,2017-01-20 03:00:05.168432,2017-01-18 02:10:54.510418
order_004527,cust_02549,delivered,2017-02-20 21:15:21,2017-03-01 18:38:24.372646,2017-02-26 13:50:27.283560
order_004528,cust_01051,delivered,2017-08-28 20:02:14,2017-09-07 09:37:17.586103,2017-09-03 09:18:15.981468
order_004529,cust_00595,delivered,2017-10-31 08:50:35,2017-11-09 17:07:29.159920,2017-11-09 04:11:08.097572
order_004530,cust_01660,delivered,2017-01-17 06:09:13,2017-01-27 09:50:19.825024,2017-01-23 04:36:01.797652
order_004531,cust_00256,delivered,2017-03-10 01:11:37,2017-03-17 14:24:02.732698,2017-03-19 08:10:01.324652
order_004532,cust_01158,delivered,2018-01-16 17:33:24,2018-01-24 22:03:11.871491,2018-01-24 14:31:42.996729
order_004533,cust_01680,delivered,2018-02-10 07:52:08,2018-02-18 13:22:09.679531,2018-02-18 01:04:20.292320
order_004534,cust_02495,delivered,2017-01-17 21:24:47,2017-01-25 09:33:21.059241,2017-01-26 14:37:07.740670
order_004535,cust_01330,delivered,2017-10-02 20:52:35,2017-10-12 11:32:07.820919,2017-10-07 19:01:28.255047
order_004536,cust_00320,delivered,2017-02-13 03:04:34,2017-02-22 07:04:08.395663,2017-02-21 08:09:49.043053
order_004537,cust_02335,delivered,2018-01-26 22:00:25,2018-02-05 20:52:23.577228,2018-02-02 04:01:48.452855
order_004538,cust_01495,delivered,2018-03-27 03:22:00,2018-04-05 23:38:23.225813,2018-04-03 19:19:49.100195
order_004539,cust_01816,delivered,2018-04-15 11:46:10,2018-04-25 12:01:23.633319,2018-04-22 21:18:35.921430
order_004540,cust_01958,delivered,2017-11-20 11:22:27,2017-11-29 18:18:06.324441,2017-11-30 09:52:16.778498
order_004541,cust_02492,delivered,2017-12-06 22:57:07,2017-12-16 05:59:15.239584,2017-12-13 21:00:14.690645
order_004542,cust_00020,delivered,2018-05-16 15:46:31,2018-05-25 18:57:07.126328,2018-05-23 05:14:16.228146
order_004543,cust_01641,delivered,2017-11-27 21:00:20,2017-12-06 05:47:35.929161,2017-12-06 09:32:01.394764
order_004544,cust_00191,delivered,2017-08-29 14:17:57,2017-09-08 16:51:47.399118,2017-09-05 04:33:19.233785
order_004545,cust_00794,delivered,2018-02-12 19:48:19,2018-02-20 10:50:31.616611,2018-02-20 11:36:19.367900
order_004546,cust_01154,delivered,2017-11-16 20:27:03,2017-11-25 13:35:58.415656,2017-11-26 23:37:26.006907
order_004547,cust_01501,delivered,2018-03-31 20:37:58,2018-04-08 07:57:04.080417,2018-04-10 06:53:04.556934
order_004548,cust_00461,delivered,2017-10-11 09:52:43,2017-10-19 22:56:30.020269,2017-10-18 13:07:07.020865
order_004549,cust_00469,delivered,2018-04-15 09:09:54,2018-04-25 18:49:48.917932,2018-04-23 19:52:09.678682
order_004550,cust_01392,delivered,2017-01-25 23:38:08,2017-02-03 21:46:19.798342,2017-02-01 06:27:57.686648
order_004551,cust_02559,delivered,2017-01-20 18:09:18,2017-01-30 01:03:31.349214,2017-01-28 14:49:15.773933
order_004552,cust_00985,delivered,2017-02-23 22:00:55,2017-03-05 08:42:43.858526,2017-03-02 18:29:45.764235
order_004553,cust_01109,delivered,2017-10-28 13:51:22,2017-11-06 20:40:44.328671,2017-11-05 13:37:23.377845
order_004554,cust_02247,delivered,2018-01-18 22:17:47,2018-01-30 19:01:26.619902,2018-01-25 13:40:07.365103
order_004555,cust_02378,delivered,2017-04-27 17:16:20,2017-05-07 21:23:15.492187,2017-05-06 08:24:47.379239
order_004556,cust_02723,delivered,2017-03-26 17:49:17,2017-04-02 10:52:54.873376,2017-04-03 22:58:17.247150
order_004557,cust_01338,delivered,2018-04-10 04:16:00,2018-04-19 09:05:32.175070,2018-04-19 05:13:06.132920
order_004558,cust_02673,delivered,2018-02-10 13:36:18,2018-02-19 20:16:11.062087,2018-02-21 15:09:17.547333
order_004559,cust_01327,delivered,2017-12-17 17:33:12,2017-12-26 08:43:08.976863,2017-12-30 15:25:04.134825
order_004560,cust_02317,delivered,2017-09-21 18:15:50,2017-09-30 19:35:17.878520,2017-09-29 20:09:41.870719
order_004561,cust_01005,delivered,2017-08-15 22:58:55,2017-08-24 10:01:40.707090,2017-08-24 04:10:51.098795
order_004562,cust_00858,delivered,2017-01-12 07:50:48,2017-01-21 13:11:23.053017,2017-01-18 18:59:55.961035
order_004563,cust_00460,delivered,2017-04-12 07:15:50,2017-04-19 22:37:58.091718,2017-04-19 10:45:48.040086
order_004564,cust_00163,delivered,2018-04-30 23:16:03,2018-05-10 17:23:56.047387,2018-05-03 23:49:17.319137
order_004565,cust_02531,delivered,2017-07-03 23:40:04,2017-07-11 19:37:07.979928,2017-07-13 02:53:16.434524
order_004566,cust_00468,delivered,2018-01-16 04:19:01,2018-01-25 14:30:21.106416,2018-01-25 15:51:21.875458
order_004567,cust_00311,delivered,2018-01-16 09:04:51,2018-01-23 15:44:38.797585,2018-01-25 07:42:50.361065
order_004568,cust_01101,delivered,2017-06-17 22:45:14,2017-06-25 07:10:27.344253,2017-06-28 06:56:02.426148
order_004569,cust_01575,delivered,2017-04-21 04:47:36,2017-04-30 08:48:16.711879,2017-04-26 15:44:02.534849
order_004570,cust_01292,delivered,2018-01-09 18:47:45,2018-01-17 02:06:25.952863,2018-01-15 23:16:54.511310
order_004571,cust_02551,delivered,2017-02-20 02:41:41,2017-02-28 18:15:24.118112,2017-02-25 11:30:43.774305
order_004572,cust_02903,delivered,2017-09-25 04:16:46,2017-10-04 11:18:57.886626,2017-10-03 02:07:54.074933
order_004573,cust_00185,delivered,2018-04-25 18:50:20,2018-05-04 14:39:25.959079,2018-05-01 13:10:07.407201
order_004574,cust_01750,delivered,2018-01-20 14:34:45,2018-01-29 10:31:32.358722,2018-01-27 13:31:41.095822
order_004575,cust_01396,delivered,2018-02-17 13:18:56,2018-02-26 16:30:51.190285,2018-02-26 18:23:15.841852
order_004576,cust_00771,delivered,2017-02-14 20:33:29,2017-02-22 21:35:25.440237,2017-02-27 21:19:11.494721
order_004577,cust_01548,delivered,2017-04-18 07:22:16,2017-04-27 02:17:06.968909,2017-04-25 21:28:52.979332
order_004578,cust_00147,delivered,2017-05-29 12:04:44,2017-06-06 22:43:05.616878,2017-06-06 09:28:52.802241
order_004579,cust_02883,delivered,2017-06-07 14:36:10,2017-06-17 10:19:04.511047,2017-06-15 08:11:27.581907
order_004580,cust_00397,delivered,2017-04-15 17:45:24,2017-04-24 18:48:27.290849,2017-04-23 20:15:50.780955
order_004581,cust_02886,delivered,2018-06-09 07:58:13,2018-06-19 08:54:02.588419,2018-06-16 11:16:54.760861
order_004582,cust_00727,delivered,2017-03-31 15:12:26,2017-04-10 07:24:38.983484,2017-04-05 23:02:49.748586
order_004583,cust_00998,delivered,2018-01-18 10:45:38,2018-01-26 21:52:36.863437,2018-01-25 12:27:55.168940
order_004584,cust_00056,delivered,2017-11-13 13:00:25,2017-11-22 22:28:21.197922,2017-11-21 14:46:59.431550
order_004585,cust_01194,delivered,2017-11-26 20:42:14,2017-12-05 16:22:04.782512,2017-12-05 00:38:47.929758
order_004586,cust_02362,delivered,2017-04-26 09:26:51,2017-05-06 02:19:06.045662,2017-05-03 21:37:10.234752
order_004587,cust_02793,delivered,2017-06-16 16:02:09,2017-06-24 18:19:00.666780,2017-06-24 15:28:45.025912
order_004588,cust_00499,delivered,2017-11-24 22:36:28,2017-12-03 14:17:14.373347,2017-12-03 16:14:51.874957
order_004589,cust_00980,delivered,2017-06-11 18:17:51,2017-06-21 10:55:29.071915,2017-06-20 05:39:34.758062
order_004590,cust_01487,delivered,2018-01-10 23:43:45,2018-01-19 08:58:34.711127,2018-01-16 13:27:03.925668
order_004591,cust_01323,delivered,2017-01-22 14:00:13,2017-01-30 22:28:04.650732,2017-01-29 20:51:09.945411
order_004592,cust_00565,delivered,2017-02-09 06:46:00,2017-02-18 04:21:07.256375,2017-02-14 17:35:38.157123
order_004593,cust_02830,delivered,2018-01-29 23:47:36,2018-02-08 16:46:10.719145,2018-02-06 12:46:25.176013
order_004594,cust_01646,delivered,2017-11-30 15:28:11,2017-12-10 00:05:04.604736,2017-12-08 10:34:10.379837
order_004595,cust_02475,delivered,2017-01-24 05:47:37,2017-02-03 20:28:28.693277,2017-01-29 04:08:24.110226
order_004596,cust_01004,delivered,2018-05-01 07:36:45,2018-05-11 08:50:47.281423,2018-05-10 19:42:35.080904
order_004597,cust_01182,delivered,2017-01-03 06:17:41,2017-01-12 22:34:02.314662,2017-01-10 00:25:58.588634
order_004598,cust_00767,delivered,2018-05-31 20:00:23,2018-06-11 17:54:56.152919,2018-06-15 13:10:03.065598
order_004599,cust_02250,delivered,2018-01-29 02:13:17,2018-02-06 07:59:28.712605,2018-02-03 13:34:48.920629
order_004600,cust_00604,delivered,2018-06-18 17:45:27,2018-06-27 08:35:00.717023,2018-06-26 06:28:32.067797
order_004601,cust_00875,delivered,2018-05-28 13:17:47,2018-06-08 06:02:57.573850,2018-06-05 14:46:56.659561
order_004602,cust_00665,delivered,2017-06-19 01:45:48,2017-06-29 07:52:55.408059,2017-06-26 18:33:46.950471
order_004603,cust_02923,delivered,2018-02-13 14:43:14,2018-02-25 13:50:23.290042,2018-02-23 20:56:25.533031
order_004604,cust_02612,delivered,2017-04-24 18:04:32,2017-05-04 08:51:12.146382,2017-04-30 11:52:37.157215
order_004605,cust_02534,delivered,2017-09-12 17:25:23,2017-09-23 16:53:30.888137,2017-09-19 00:07:10.023430
order_004606,cust_02287,delivered,2017-05-10 12:41:03,2017-05-20 03:24:11.248399,2017-05-17 03:25:38.122852
order_004607,cust_01214,delivered,2017-09-20 08:03:02,2017-10-01 03:21:43.724298,2017-09-24 23:33:18.053949
order_004608,cust_01214,delivered,2018-04-17 03:55:56,2018-04-26 20:12:39.078693,2018-04-25 08:53:07.224273
order_004609,cust_02913,delivered,2017-08-24 00:17:38,2017-09-02 07:20:00.620095,2017-08-30 09:03:52.000806
order_004610,cust_00383,delivered,2017-02-19 08:37:45,2017-03-01 05:23:19.703948,2017-03-04 21:40:34.812079
order_004611,cust_02891,delivered,2017-06-25 15:10:24,2017-07-03 17:46:55.148105,2017-07-04 11:56:09.207128
order_004612,cust_01512,delivered,2018-03-01 00:54:13,2018-03-10 23:39:03.170460,2018-03-08 19:14:02.562617
order_004613,cust_00087,delivered,2017-10-09 23:58:07,2017-10-20 09:17:26.777630,2017-10-16 13:03:50.912946
order_004614,cust_02846,delivered,2017-10-30 14:03:46,2017-11-09 20:19:22.772986,2017-11-11 00:19:08.547712
order_004615,cust_00810,delivered,2017-08-21 07:04:09,2017-08-30 11:04:17.847892,2017-08-31 21:48:58.410693
order_004616,cust_00402,delivered,2017-06-08 23:05:26,2017-06-18 02:34:04.166837,2017-06-17 12:58:02.818915
order_004617,cust_01409,delivered,2017-11-20 04:24:51,2017-11-30 08:12:59.448293,2017-11-26 15:48:25.847030
order_004618,cust_02542,delivered,2017-12-08 22:58:56,2017-12-17 11:23:30.096540,2017-12-14 12:57:21.713730
order_004619,cust_01947,delivered,2018-04-30 06:45:44,2018-05-09 08:03:13.024340,2018-05-07 01:57:47.671347
order_004620,cust_02692,delivered,2017-11-30 09:06:48,2017-12-09 14:48:02.640422,2017-12-09 03:03:38.354630
order_004621,cust_02499,delivered,2018-06-22 10:12:35,2018-06-30 05:38:10.163829,2018-06-27 00:53:45.571755
order_004622,cust_01796,delivered,2018-03-23 23:52:33,2018-04-04 04:46:27.435268,2018-04-04 11:45:15.789570
order_004623,cust_01934,delivered,2017-02-12 06:01:18,2017-02-20 15:58:50.995256,2017-02-21 14:06:47.513923
order_004624,cust_01775,delivered,2017-07-31 23:20:56,2017-08-10 15:18:55.910057,2017-08-16 08:10:09.014479
order_004625,cust_02473,delivered,2017-07-27 08:19:37,2017-08-06 21:56:59.561296,2017-08-02 16:51:19.490914
order_004626,cust_01064,delivered,2017-01-02 06:50:39,2017-01-10 18:53:46.267439,2017-01-10 07:48:27.719819
order_004627,cust_02992,delivered,2017-04-08 15:19:01,2017-04-20 13:16:29.628913,2017-04-17 02:55:31.677663
order_004628,cust_02759,delivered,2018-02-16 16:38:59,2018-02-24 23:45:21.758369,2018-02-24 09:08:01.026712
order_004629,cust_01198,delivered,2017-07-10 08:16:50,2017-07-17 10:56:53.659762,2017-07-18 14:48:43.357717
order_004630,cust_02929,delivered,2017-03-21 03:13:03,2017-03-30 02:58:30.229142,2017-03-30 00:41:40.929635
order_004631,cust_02863,delivered,2017-06-05 09:30:19,2017-06-13 12:01:38.168642,2017-06-12 12:50:57.547004
order_004632,cust_00234,delivered,2017-05-29 12:58:12,2017-06-07 15:20:11.867155,2017-06-06 06:52:30.959732
order_004633,cust_02374,canceled,2017-04-05 00:57:38,2017-04-14 18:44:32.504157,
order_004634,cust_02891,delivered,2017-02-24 01:53:15,2017-03-05 17:08:43.115340,2017-03-02 12:15:55.215841
order_004635,cust_02184,delivered,2018-02-17 22:01:50,2018-02-26 16:41:38.409153,2018-02-26 08:49:04.292951
order_004636,cust_01864,delivered,2018-03-22 00:51:38,2018-04-01 00:05:34.313101,2018-03-30 21:07:30.018928
order_004637,cust_00439,delivered,2017-09-25 09:45:54,2017-10-05 11:28:28.583000,2017-10-01 11:17:06.814131
order_004638,cust_02732,delivered,2017-11-29 18:20:00,2017-12-07 17:58:11.812065,2017-12-07 05:39:51.253261
order_004639,cust_00171,delivered,2018-05-12 07:52:31,2018-05-19 19:51:25.315248,2018-05-18 12:46:53.345661
order_004640,cust_01840,delivered,2018-04-01 11:52:28,2018-04-09 18:31:11.885032,2018-04-10 17:51:46.439233
order_004641,cust_02839,delivered,2017-01-18 02:04:32,2017-01-26 09:26:10.108301,2017-01-23 13:39:21.192167
order_004642,cust_00994,delivered,2018-05-30 19:03:59,2018-06-08 10:25:56.798284,2018-06-06 00:28:26.104999
order_004643,cust_02462,delivered,2017-02-06 15:13:13,2017-02-15 16:40:49.857226,2017-02-15 13:08:57.133715
order_004644,cust_01455,delivered,2017-01-15 20:26:22,2017-01-25 14:35:21.672666,2017-01-25 04:55:04.527041
order_004645,cust_02404,delivered,2017-08-06 20:43:54,2017-08-15 18:53:26.540603,2017-08-16 05:04:51.065853
order_004646,cust_01370,delivered,2018-02-07 08:25:09,2018-02-17 06:52:17.231168,2018-02-14 22:41:23.581935
order_004647,cust_01158,delivered,2017-02-13 00:59:15,2017-02-20 19:33:14.918545,2017-02-20 14:12:49.917175
order_004648,cust_00707,delivered,2017-06-08 08:18:44,2017-06-16 00:08:33.273858,2017-06-15 04:02:22.941052
order_004649,cust_00420,delivered,2017-05-22 03:29:11,2017-05-31 02:49:32.808362,2017-05-30 10:01:21.411243
order_004650,cust_02344,delivered,2017-08-03 12:47:56,2017-08-10 22:06:31.011076,2017-08-11 21:20:47.847944
order_004651,cust_02375,delivered,2018-06-17 03:30:48,2018-06-27 13:45:34.976334,2018-06-26 22:38:36.578712
order_004652,cust_01593,delivered,2017-06-28 22:07:32,2017-07-08 09:30:40.846051,2017-07-04 06:07:55.792977
order_004653,cust_00660,delivered,2017-04-23 14:27:16,2017-05-01 22:59:44.893444,2017-05-06 09:49:33.890265
order_004654,cust_02338,delivered,2017-03-08 06:04:22,2017-03-17 16:30:44.327609,2017-03-16 13:28:47.002830
order_004655,cust_00474,delivered,2017-04-17 22:06:34,2017-04-27 01:07:52.954250,2017-04-29 08:08:26.157734
order_004656,cust_00682,canceled,2017-03-13 18:28:21,2017-03-22 18:50:34.068977,
order_004657,cust_02504,delivered,2017-11-06 10:30:23,2017-11-15 07:17:00.119462,2017-11-13 16:16:33.367460
order_004658,cust_01436,delivered,2017-08-16 03:30:58,2017-08-25 12:17:43.298960,2017-08-21 22:50:13.705908
order_004659,cust_00863,delivered,2017-09-26 08:15:04,2017-10-06 11:29:19.168173,2017-10-02 05:43:43.160774
order_004660,cust_01074,delivered,2018-03-26 14:00:58,2018-04-02 23:26:18.633444,2018-04-05 03:27:47.521719
order_004661,cust_00190,delivered,2017-11-10 18:22:48,2017-11-21 03:40:05.303957,2017-11-18 09:33:49.011721
order_004662,cust_00897,delivered,2017-03-25 06:17:10,2017-04-03 01:43:08.273295,2017-04-02 10:58:09.248885
order_004663,cust_01449,delivered,2017-07-23 17:49:17,2017-08-02 16:15:43.045027,2017-08-03 11:36:50.781025
order_004664,cust_00162,delivered,2017-06-18 06:47:17,2017-06-27 01:18:00.252634,2017-06-27 07:58:36.831028
order_004665,cust_02578,delivered,2018-03-23 05:55:19,2018-03-31 13:12:16.620773,2018-03-26 22:39:24.106658
order_004666,cust_01928,delivered,2017-06-15 10:43:42,2017-06-24 10:40:33.422062,2017-06-22 04:24:35.955442
order_004667,cust_00151,delivered,2017-03-16 03:51:35,2017-03-25 13:04:01.292033,2017-03-22 23:54:11.866176
order_004668,cust_01679,delivered,2018-02-02 09:42:42,2018-02-10 03:03:16.858715,2018-02-13 05:22:42.657292
order_004669,cust_00142,delivered,2017-08-20 08:35:14,2017-08-28 10:13:24.701380,2017-08-28 17:42:12.893088
order_004670,cust_02709,delivered,2017-02-21 06:43:15,2017-02-28 09:17:00.403983,2017-02-25 14:06:40.290580
order_004671,cust_00781,delivered,2018-01-08 18:36:52,2018-01-17 19:54:59.324840,2018-01-15 19:42:56.592067
order_004672,cust_01110,delivered,2017-04-24 07:57:41,2017-05-04 16:30:35.653075,2017-05-01 17:10:44.377839
order_004673,cust_00374,delivered,2018-04-14 16:40:53,2018-04-23 20:35:28.391825,2018-04-21 19:53:49.167475
order_004674,cust_00202,delivered,2018-03-26 17:17:12,2018-04-04 10:38:14.606564,2018-04-03 03:18:32.456587
order_004675,cust_01296,delivered,2017-07-19 15:58:49,2017-07-29 15:00:01.329093,2017-07-26 11:33:45.818018
order_004676,cust_00096,delivered,2017-10-28 06:27:50,2017-11-06 12:51:58.784904,2017-11-05 05:43:59.750233
order_004677,cust_02364,delivered,2017-11-03 19:54:22,2017-11-11 23:26:59.874257,2017-11-11 10:27:37.987563
order_004678,cust_02948,delivered,2017-12-19 05:40:38,2017-12-27 20:08:21.111873,2017-12-28 05:28:17.828111
order_004679,cust_00883,delivered,2017-02-07 06:39:04,2017-02-18 01:38:23.009434,2017-02-12 15:15:15.291866
order_004680,cust_00916,delivered,2017-06-25 20:59:59,2017-07-05 22:59:56.170072,2017-07-04 09:54:33.906396
order_004681,cust_02448,delivered,2017-04-02 08:09:08,2017-04-12 21:30:22.755067,2017-04-12 07:21:39.945899
order_004682,cust_00258,delivered,2018-01-12 16:43:42,2018-01-22 12:01:50.128336,2018-01-17 19:51:41.727814
order_004683,cust_02246,delivered,2017-02-07 01:00:58,2017-02-16 10:32:36.350848,2017-02-13 09:42:54.206383
order_004684,cust_01421,delivered,2017-10-07 14:44:37,2017-10-17 18:27:08.495576,2017-10-15 20:12:18.449371
order_004685,cust_01262,delivered,2018-01-29 20:50:59,2018-02-08 07:18:05.890784,2018-02-02 13:42:17.391980
order_004686,cust_00344,delivered,2018-05-28 17:00:32,2018-06-06 10:44:17.027402,2018-06-11 04:43:22.071219
order_004687,cust_01321,delivered,2017-06-05 13:58:41,2017-06-15 13:03:17.378769,2017-06-11 18:46:41.726928
order_004688,cust_00894,delivered,2017-01-05 20:22:36,2017-01-15 02:50:21.202867,2017-01-12 00:08:01.615272
order_004689,cust_01292,delivered,2018-01-26 07:09:17,2018-02-04 06:12:06.996209,2018-02-02 22:41:47.477742
order_004690,cust_02505,delivered,2017-01-01 09:02:33,2017-01-10 00:08:20.479361,2017-01-09 23:12:38.526416
order_004691,cust_02586,delivered,2017-02-05 01:39:57,2017-02-12 21:41:47.964467,2017-03-05 14:38:35.867106
order_004692,cust_02314,delivered,2018-06-19 16:45:39,2018-07-01 15:28:16.365425,2018-06-28 06:00:25.592085
order_004693,cust_00740,delivered,2018-04-11 17:21:42,2018-04-20 08:58:59.691252,2018-04-21 08:15:02.702396
order_004694,cust_01489,delivered,2018-01-18 18:01:59,2018-01-29 12:25:38.218375,2018-01-26 21:52:37.386215
order_004695,cust_00406,delivered,2018-03-28 17:58:10,2018-04-05 17:17:13.529979,2018-04-05 06:48:51.567909
order_004696,cust_01357,delivered,2017-02-10 03:03:25,2017-02-18 18:18:19.111045,2017-02-18 04:15:35.473679
order_004697,cust_02545,delivered,2017-02-18 15:59:17,2017-02-28 02:45:37.220454,2017-02-28 21:50:00.698203
order_004698,cust_02017,delivered,2017-06-12 18:19:11,2017-06-21 04:17:50.671780,2017-06-20 00:30:06.490454
order_004699,cust_02956,delivered,2017-01-13 04:53:26,2017-01-21 02:05:17.162798,2017-01-20 18:31:29.835717
order_004700,cust_01822,delivered,2018-04-25 11:26:07,2018-05-03 21:23:16.466663,2018-05-05 18:42:49.092693
order_004701,cust_00431,delivered,2017-01-31 21:55:01,2017-02-09 12:42:52.913681,2017-02-06 05:55:04.133064
order_004702,cust_02227,delivered,2017-10-21 09:57:19,2017-10-30 07:18:55.110985,2017-11-04 21:50:16.447905
order_004703,cust_02726,delivered,2018-04-06 18:04:32,2018-04-15 03:42:25.072454,2018-04-13 00:23:29.519336
order_004704,cust_02950,delivered,2018-02-01 12:43:41,2018-02-11 07:08:43.561619,2018-02-09 15:32:02.554942
order_004705,cust_02751,delivered,2017-05-07 15:47:10,2017-05-16 19:17:37.172157,2017-05-20 12:11:29.009587
order_004706,cust_02596,delivered,2017-09-11 15:02:10,2017-09-21 11:20:57.690535,2017-09-18 10:55:49.597727
order_004707,cust_00215,delivered,2017-10-24 15:37:21,2017-11-02 04:58:21.868688,2017-11-03 21:26:39.245225
order_004708,cust_01579,delivered,2018-02-19 18:42:18,2018-03-01 06:02:26.132716,2018-02-28 05:33:27.140243
order_004709,cust_00720,delivered,2017-08-19 21:42:16,2017-08-28 05:57:59.175525,2017-08-26 10:29:06.548924
order_004710,cust_00950,delivered,2017-06-03 07:05:45,2017-06-13 14:37:52.897700,2017-06-13 05:49:52.203240
order_004711,cust_00125,delivered,2018-03-06 22:16:45,2018-03-15 01:55:14.423105,2018-03-14 02:18:40.143556
order_004712,cust_01971,delivered,2018-04-24 15:04:07,2018-05-03 00:06:21.896915,2018-04-30 07:22:45.851102
order_004713,cust_00485,delivered,2017-09-22 14:17:43,2017-10-01 16:47:51.409137,2017-09-30 20:36:41.404128
order_004714,cust_01269,delivered,2017-01-16 07:51:55,2017-01-25 10:31:41.597151,2017-01-24 01:20:40.080784
order_004715,cust_01902,delivered,2017-09-28 10:00:00,2017-10-04 17:05:22.207804,2017-10-06 09:19:32.722655
order_004716,cust_01650,delivered,2018-04-26 15:38:20,2018-05-06 02:53:32.265962,2018-05-04 04:21:04.109586
order_004717,cust_00886,delivered,2018-06-19 08:43:46,2018-06-29 17:14:41.898149,2018-06-26 19:02:53.869355
order_004718,cust_01570,delivered,2017-08-05 06:53:41,2017-08-15 05:07:06.760654,2017-08-16 10:27:38.309034
order_004719,cust_01715,delivered,2017-03-23 19:39:28,2017-04-02 15:34:01.402405,2017-04-02 04:12:16.467345
order_004720,cust_01896,delivered,2017-11-05 09:58:13,2017-11-15 22:32:06.020527,2017-11-18 00:01:51.541342
order_004721,cust_01971,delivered,2018-03-25 15:28:13,2018-04-05 08:40:05.198725,2018-04-03 17:18:42.932542
order_004722,cust_02050,delivered,2018-05-26 00:44:54,2018-06-04 08:57:02.814216,2018-06-07 13:31:16.107906
order_004723,cust_02868,delivered,2017-01-28 01:51:15,2017-02-06 05:37:24.293622,2017-02-08 16:29:10.899125
order_004724,cust_00760,delivered,2017-06-06 20:21:22,2017-06-15 12:37:40.214758,2017-06-14 09:00:54.147874
order_004725,cust_02397,delivered,2017-09-15 03:24:44,2017-09-24 04:43:02.540925,2017-09-23 16:09:29.362174
order_004726,cust_00585,delivered,2017-02-23 19:05:57,2017-03-04 09:26:04.369659,2017-03-03 02:55:26.196036
order_004727,cust_02874,delivered,2018-04-24 21:36:16,2018-05-02 02:01:24.268752,2018-05-02 14:14:07.140668
order_004728,cust_02251,delivered,2017-03-02 11:33:12,2017-03-12 06:37:22.742352,2017-03-06 23:01:12.329281
order_004729,cust_01857,shipped,2017-12-26 21:13:40,2018-01-05 08:55:46.988594,
order_004730,cust_02247,delivered,2018-05-12 10:15:12,2018-05-21 12:29:08.363446,2018-05-21 02:01:34.233201
order_004731,cust_00696,canceled,2018-01-06 22:50:38,2018-01-17 13:07:31.651970,
order_004732,cust_01219,delivered,2018-02-17 05:41:26,2018-02-25 13:24:47.242297,2018-02-23 04:29:47.517706
order_004733,cust_00413,delivered,2017-05-23 10:16:06,2017-06-01 17:10:42.771215,2017-05-30 14:54:08.613779
order_004734,cust_01991,delivered,2018-03-23 09:20:02,2018-04-01 07:16:43.530123,2018-03-31 15:14:26.022068
order_004735,cust_00675,delivered,2017-08-15 18:49:02,2017-08-25 02:26:09.769015,2017-08-24 21:44:12.728156
order_004736,cust_01117,delivered,2017-02-03 01:02:57,2017-02-13 12:30:15.398104,2017-02-10 16:20:53.346918
order_004737,cust_02718,delivered,2017-07-17 19:52:38,2017-07-28 20:43:20.126141,2017-07-23 10:53:04.873583
order_004738,cust_02098,delivered,2017-07-08 00:33:44,2017-07-16 06:05:11.671246,2017-07-17 10:13:15.927225
order_004739,cust_02420,delivered,2017-10-09 07:34:36,2017-10-19 04:23:51.036098,2017-10-15 19:40:11.069954
order_004740,cust_00320,delivered,2017-05-24 14:18:20,2017-06-01 19:21:32.380376,2017-06-05 10:26:11.050409
order_004741,cust_02618,delivered,2017-09-07 03:29:17,2017-09-15 09:07:47.134526,2017-09-12 09:24:21.196326
order_004742,cust_00671,canceled,2017-08-20 11:45:46,2017-08-30 01:10:21.860445,
order_004743,cust_01932,delivered,2017-06-26 23:55:43,2017-07-06 00:15:54.132082,2017-07-04 04:15:25.175980
order_004744,cust_02934,delivered,2018-01-11 19:45:25,2018-01-20 15:48:00.985011,2018-01-21 12:36:02.099915
order_004745,cust_02220,delivered,2017-06-14 00:43:30,2017-06-23 10:59:41.774533,2017-06-20 01:50:22.027882
order_004746,cust_02276,delivered,2018-02-18 14:12:08,2018-02-27 00:36:17.657013,2018-02-27 04:04:51.617882
order_004747,cust_00438,delivered,2017-05-16 14:20:09,2017-05-26 08:44:46.274107,2017-05-22 01:48:23.911911
order_004748,cust_01261,delivered,2018-04-13 01:38:14,2018-04-21 21:22:50.047091,2018-04-19 16:05:10.951126
order_004749,cust_02811,delivered,2017-07-17 15:36:18,2017-07-24 07:44:46.762720,2017-07-29 01:34:22.930166
order_004750,cust_01655,delivered,2017-01-22 12:30:14,2017-02-01 05:19:51.378686,2017-01-28 05:08:34.205764
order_004751,cust_01028,delivered,2017-03-22 16:21:46,2017-04-02 03:07:36.599301,2017-03-29 08:54:15.908156
order_004752,cust_01133,delivered,2018-03-12 07:08:24,2018-03-20 21:58:29.973833,2018-03-18 01:17:35.127278
order_004753,cust_01841,delivered,2018-04-16 06:08:06,2018-04-24 04:39:12.128759,2018-04-24 07:17:30.634025
order_004754,cust_01169,delivered,2017-04-25 17:39:46,2017-05-03 22:56:39.420854,2017-05-04 01:43:23.827819
order_004755,cust_00788,delivered,2017-11-22 17:19:04,2017-12-01 23:20:56.746481,2017-11-30 05:34:55.089735
order_004756,cust_01394,delivered,2017-11-07 03:52:52,2017-11-16 16:43:12.570168,2017-11-12 13:58:45.021529
order_004757,cust_00151,delivered,2017-03-14 05:11:36,2017-03-24 19:12:29.658205,2017-03-21 09:51:30.184158
order_004758,cust_02241,delivered,2017-09-02 14:04:21,2017-09-12 06:34:25.772724,2017-09-10 20:52:06.213918
order_004759,cust_02923,delivered,2018-01-10 19:53:48,2018-01-20 13:27:01.925577,2018-01-16 21:45:06.497292
order_004760,cust_00675,delivered,2018-06-07 04:50:35,2018-06-17 03:35:05.230612,2018-06-10 07:16:12.695041
order_004761,cust_01388,delivered,2018-04-03 05:15:31,2018-04-12 10:23:27.015059,2018-04-12 12:49:26.091963
order_004762,cust_00022,delivered,2017-02-22 19:23:12,2017-03-02 09:51:09.332521,2017-03-02 20:39:05.786298
order_004763,cust_01886,delivered,2017-05-09 16:43:15,2017-05-17 10:30:45.349873,2017-05-13 14:57:44.989430
order_004764,cust_02916,delivered,2017-08-24 21:39:17,2017-09-02 03:24:52.126294,2017-08-31 03:43:20.284977
order_004765,cust_01490,delivered,2017-03-23 18:48:06,2017-04-03 23:00:01.098127,2017-03-29 17:42:59.557295
order_004766,cust_02042,delivered,2017-11-05 22:52:43,2017-11-14 09:19:43.611421,2017-11-10 21:47:15.783564
order_004767,cust_02356,delivered,2017-01-05 04:32:04,2017-01-14 09:53:56.182251,2017-01-12 13:10:28.463154
order_004768,cust_01462,delivered,2017-03-03 06:31:35,2017-03-11 03:55:11.476428,2017-03-11 02:39:20.729671
order_004769,cust_00528,delivered,2017-01-26 05:42:42,2017-02-04 09:31:43.933227,2017-02-05 11:20:30.983978
order_004770,cust_02209,delivered,2017-06-09 01:19:49,2017-06-17 21:01:56.401066,2017-06-14 21:11:10.786186
order_004771,cust_00430,delivered,2018-02-16 18:41:54,2018-02-26 05:00:27.105429,2018-02-25 19:43:09.681647
order_004772,cust_00236,delivered,2017-04-06 15:52:55,2017-04-15 02:10:58.080225,2017-04-25 14:42:13.476029
order_004773,cust_02816,delivered,2018-06-18 02:03:50,2018-06-26 18:20:27.599200,2018-06-25 07:28:07.305796
order_004774,cust_00243,delivered,2017-05-26 04:45:18,2017-06-05 18:21:17.789280,2017-06-01 19:42:03.592796
order_004775,cust_00151,delivered,2017-01-25 04:34:41,2017-02-04 02:19:37.736021,2017-01-31 19:58:30.674862
order_004776,cust_02958,delivered,2017-07-01 09:40:13,2017-07-10 23:29:01.575031,2017-07-10 08:34:58.858148
order_004777,cust_02271,delivered,2018-02-08 10:55:57,2018-02-15 15:59:38.049175,2018-02-15 08:31:36.606665
order_004778,cust_00520,delivered,2017-02-27 06:56:08,2017-03-07 19:53:12.835334,2017-03-07 11:53:48.788649
order_004779,cust_01736,delivered,2017-02-08 22:19:27,2017-02-19 09:41:47.667942,2017-02-14 17:51:36.500477
order_004780,cust_01219,delivered,2018-04-04 05:06:23,2018-04-12 19:25:05.605752,2018-04-12 03:34:06.385165
order_004781,cust_01534,delivered,2017-11-16 13:29:06,2017-11-25 08:57:05.498825,2017-11-24 07:55:01.119816
order_004782,cust_02611,delivered,2017-07-05 10:30:41,2017-07-13 02:44:34.774064,2017-07-11 01:31:31.080570
order_004783,cust_02445,delivered,2018-02-13 09:18:15,2018-02-24 03:04:51.131690,2018-02-20 09:21:23.349410
order_004784,cust_02805,delivered,2018-04-01 19:49:08,2018-04-10 01:24:59.180757,2018-04-13 22:37:11.248232
order_004785,cust_01861,delivered,2017-07-13 23:28:51,2017-07-22 19:54:00.740917,2017-07-22 23:23:13.413630
order_004786,cust_01194,delivered,2017-10-31 00:08:27,2017-11-07 03:40:50.280380,2017-11-07 20:05:49.810493
order_004787,cust_01151,delivered,2017-01-06 11:07:44,2017-01-13 08:50:37.228373,2017-01-15 13:43:24.434588
order_004788,cust_02273,delivered,2017-06-15 02:51:35,2017-06-24 13:21:12.505379,2017-06-23 19:45:34.294447
order_004789,cust_00248,delivered,2017-11-18 10:24:34,2017-11-26 21:08:03.189725,2017-11-24 16:00:20.509354
order_004790,cust_00691,delivered,2017-04-17 14:48:31,2017-04-25 17:13:23.853509,2017-04-25 01:11:10.699213
order_004791,cust_02824,delivered,2018-06-20 09:52:46,2018-06-29 07:24:53.226513,2018-06-30 05:48:59.639997
order_004792,cust_02611,delivered,2018-06-09 07:25:05,2018-06-18 06:22:58.903031,2018-06-22 14:06:58.797683
order_004793,cust_00782,delivered,2017-05-20 07:29:32,2017-05-28 15:20:32.971389,2017-05-30 14:03:35.585323
order_004794,cust_01702,delivered,2017-08-03 07:11:48,2017-08-12 02:25:58.865003,2017-08-11 07:53:53.315320
order_004795,cust_02214,delivered,2017-04-13 07:49:00,2017-04-21 12:22:46.274837,2017-04-21 13:08:20.915331
order_004796,cust_01366,delivered,2017-09-30 08:58:32,2017-10-08 17:14:44.817569,2017-10-08 11:25:03.030243
order_004797,cust_02360,delivered,2017-03-08 16:30:29,2017-03-16 14:56:31.174973,2017-03-21 04:38:00.318116
order_004798,cust_01807,delivered,2017-07-31 02:18:14,2017-08-09 13:23:17.015339,2017-08-10 01:42:24.899699
order_004799,cust_02069,delivered,2017-10-27 00:58:48,2017-11-03 13:23:42.527849,2017-11-02 16:27:28.568610
order_004800,cust_01654,delivered,2017-11-27 12:24:06,2017-12-04 05:40:12.345243,2017-12-03 21:24:18.585492
order_004801,cust_02691,delivered,2017-11-19 16:21:48,2017-11-27 23:25:45.683323,2017-11-26 12:41:08.124945
order_004802,cust_02420,delivered,2017-04-30 06:12:33,2017-05-08 12:00:33.961645,2017-05-09 18:32:08.739449
order_004803,cust_02867,delivered,2018-03-04 04:49:44,2018-03-12 08:28:27.034612,2018-03-19 06:48:36.927168
order_004804,cust_00620,delivered,2018-01-09 14:59:39,2018-01-17 04:28:50.041886,2018-01-20 11:38:47.035683
order_004805,cust_00017,delivered,2018-02-11 09:13:15,2018-02-22 06:47:37.140584,2018-02-21 14:16:55.914376
order_004806,cust_00928,delivered,2017-09-10 17:39:56,2017-09-20 04:59:46.192677,2017-09-20 00:50:38.888541
order_004807,cust_02910,delivered,2018-04-27 03:31:00,2018-05-05 10:32:30.994042,2018-05-04 13:05:20.376820
order_004808,cust_01152,delivered,2017-07-30 02:54:24,2017-08-08 10:41:54.059771,2017-08-09 11:44:11.541826
order_004809,cust_01762,delivered,2018-03-12 13:15:57,2018-03-20 21:14:10.537148,2018-03-19 09:45:52.603603
order_004810,cust_02706,delivered,2017-04-20 09:25:10,2017-05-01 02:06:17.476665,2017-05-01 18:13:08.789751
order_004811,cust_00065,delivered,2017-05-14 17:30:15,2017-05-23 08:04:40.359724,2017-05-24 11:31:58.211951
order_004812,cust_01601,delivered,2017-10-12 12:08:49,2017-10-22 12:23:18.458520,2017-10-17 03:51:42.997917
order_004813,cust_02941,delivered,2017-10-28 08:30:42,2017-11-08 11:09:32.194196,2017-11-11 23:54:33.324948
order_004814,cust_01502,delivered,2018-02-07 03:49:56,2018-02-17 02:23:56.307802,2018-02-13 05:55:11.753510
order_004815,cust_00967,delivered,2017-06-10 03:55:19,2017-06-20 03:01:37.007042,2017-06-19 22:14:14.774430
order_004816,cust_02325,delivered,2018-04-17 18:08:25,2018-04-27 17:39:10.691589,2018-04-25 23:44:50.368540
order_004817,cust_02678,delivered,2017-06-28 05:26:10,2017-07-07 04:58:28.702800,2017-07-03 15:58:50.862215
order_004818,cust_02236,delivered,2017-10-16 12:03:31,2017-10-25 01:07:52.585150,2017-10-23 04:40:49.987131
order_004819,cust_00554,delivered,2018-05-19 19:38:04,2018-05-30 08:22:06.372684,2018-06-14 05:42:18.851769
order_004820,cust_02860,canceled,2017-10-19 21:32:52,2017-10-29 13:35:09.997222,
order_004821,cust_02254,delivered,2018-01-04 06:25:24,2018-01-12 00:43:01.722133,2018-01-08 03:03:08.997009
order_004822,cust_01899,delivered,2018-05-06 02:37:51,2018-05-15 19:14:05.900242,2018-05-19 17:09:14.174339
order_004823,cust_02720,delivered,2018-06-11 18:35:34,2018-06-19 13:56:55.210957,2018-06-21 10:54:06.879637
order_004824,cust_00530,delivered,2017-09-27 16:29:40,2017-10-06 19:46:39.342349,2017-10-09 06:56:02.103076
order_004825,cust_00494,delivered,2017-08-14 07:56:55,2017-08-24 17:43:33.948342,2017-08-19 20:28:58.243364
order_004826,cust_02247,delivered,2017-04-17 14:14:44,2017-04-26 03:44:39.806451,2017-04-27 23:05:17.449335
order_004827,cust_02776,delivered,2017-10-18 04:31:46,2017-10-26 21:41:26.471352,2017-10-28 08:59:48.297632
order_004828,cust_02978,delivered,2018-05-11 16:48:58,2018-05-20 23:51:38.403753,2018-05-17 10:03:46.223221
order_004829,cust_01426,delivered,2017-09-21 17:27:19,2017-09-29 17:08:29.339737,2017-09-29 22:49:09.102189
order_004830,cust_00864,delivered,2017-07-08 07:11:05,2017-07-19 11:58:42.193518,2017-07-18 05:39:36.445948
order_004831,cust_01851,delivered,2017-02-27 11:14:42,2017-03-07 21:21:56.235756,2017-03-07 13:53:32.939443
order_004832,cust_01845,canceled,2017-07-30 08:01:03,2017-08-06 07:18:39.513144,
order_004833,cust_00037,shipped,2017-05-08 00:45:02,2017-05-16 08:37:59.462379,
order_004834,cust_00871,delivered,2018-06-12 03:03:19,2018-06-21 23:36:26.850141,2018-06-20 12:23:21.769273
order_004835,cust_00276,delivered,2017-10-12 23:02:19,2017-10-21 06:07:36.697077,2017-10-20 12:37:59.320200
order_004836,cust_00638,delivered,2017-03-15 10:56:41,2017-03-22 07:14:28.453980,2017-03-22 14:39:22.234424
order_004837,cust_02433,delivered,2017-02-06 03:32:45,2017-02-14 11:47:39.797144,2017-02-12 04:58:17.614213
order_004838,cust_02330,delivered,2018-04-05 01:03:44,2018-04-14 08:09:34.424262,2018-04-12 04:02:09.153844
order_004839,cust_02956,delivered,2018-05-18 08:28:54,2018-05-27 08:19:55.196971,2018-05-22 19:39:33.704384
order_004840,cust_02571,delivered,2018-02-17 23:35:15,2018-03-01 03:54:59.196885,2018-02-27 03:58:44.595099
order_004841,cust_01854,delivered,2017-03-08 09:14:06,2017-03-17 23:35:42.147933,2017-03-20 19:05:26.197817
order_004842,cust_02044,delivered,2017-02-23 23:59:13,2017-03-05 23:07:43.975601,2017-03-04 00:27:43.787651
order_004843,cust_00250,delivered,2017-04-17 11:44:46,2017-04-27 05:04:08.622139,2017-04-22 17:11:41.796471
order_004844,cust_00064,delivered,2018-02-10 18:20:05,2018-02-21 09:06:28.693139,2018-02-17 13:10:35.367059
order_004845,cust_00387,delivered,2018-02-18 18:51:02,2018-02-26 17:03:04.202743,2018-02-24 22:25:22.422938
order_004846,cust_02474,delivered,2018-03-29 00:40:33,2018-04-08 13:17:39.341599,2018-04-03 16:20:27.646239
order_004847,cust_00718,delivered,2017-02-22 00:08:46,2017-03-01 20:34:59.315714,2017-03-03 21:36:05.335444
order_004848,cust_00663,delivered,2017-03-24 22:08:21,2017-04-01 05:35:48.162368,2017-03-31 10:43:00.436128
order_004849,cust_00775,delivered,2018-05-02 22:22:45,2018-05-11 15:57:42.631499,2018-05-07 12:43:15.348763
order_004850,cust_01812,delivered,2018-05-17 03:10:58,2018-05-27 06:25:44.116684,2018-05-24 09:08:11.581663
order_004851,cust_00665,delivered,2018-01-27 15:30:13,2018-02-04 19:20:54.835182,2018-02-11 07:09:58.844343
order_004852,cust_02882,delivered,2017-02-27 22:10:10,2017-03-08 04:17:10.055099,2017-03-07 05:12:47.804789
order_004853,cust_00001,delivered,2017-02-07 22:48:56,2017-02-16 20:13:01.015173,2017-02-15 19:01:32.087455
order_004854,cust_00706,delivered,2017-01-31 07:06:46,2017-02-09 08:56:49.691498,2017-02-06 16:09:41.453928
order_004855,cust_00902,delivered,2018-01-09 19:37:02,2018-01-18 22:40:39.680537,2018-01-17 22:11:45.138732
order_004856,cust_02443,delivered,2018-04-02 15:30:43,2018-04-11 06:35:25.736477,2018-04-11 19:27:30.310794
order_004857,cust_02899,delivered,2017-12-08 22:16:05,2017-12-18 12:30:50.748303,2017-12-17 05:15:30.527113
order_004858,cust_00770,delivered,2017-05-22 03:31:16,2017-05-31 21:25:40.756429,2017-05-29 20:51:31.667437
order_004859,cust_01370,delivered,2018-02-13 14:25:26,2018-02-21 01:50:35.632823,2018-02-23 02:55:16.843668
order_004860,cust_00947,delivered,2017-02-01 00:35:15,2017-02-09 12:22:02.415433,2017-02-07 06:12:04.265358
order_004861,cust_01682,delivered,2018-03-24 08:34:31,2018-04-01 16:49:04.036969,2018-04-02 16:09:15.258280
order_004862,cust_00552,delivered,2018-04-27 00:16:25,2018-05-05 21:46:18.664021,2018-05-02 08:56:48.048982
order_004863,cust_00322,delivered,2018-01-23 10:37:47,2018-02-01 13:09:21.641002,2018-01-30 11:25:18.188322
order_004864,cust_01064,delivered,2018-04-20 19:27:57,2018-04-30 13:41:58.473446,2018-04-27 06:55:08.351944
order_004865,cust_00582,delivered,2017-11-13 15:47:33,2017-11-23 01:36:48.955712,2017-11-21 11:08:11.123243
order_004866,cust_00298,delivered,2017-09-10 07:36:17,2017-09-19 05:55:21.502074,2017-09-19 11:47:15.395720
order_004867,cust_02887,delivered,2017-06-24 10:14:46,2017-07-03 09:05:36.575664,2017-07-03 07:49:57.950446
order_004868,cust_02426,delivered,2018-05-13 08:49:07,2018-05-21 10:49:35.995831,2018-05-21 09:16:46.911360
order_004869,cust_00131,delivered,2018-01-12 17:33:36,2018-01-21 21:33:50.464751,2018-01-20 17:28:08.654073
order_004870,cust_00130,delivered,2017-04-13 06:23:20,2017-04-21 01:56:04.740349,2017-04-22 23:28:04.108188
order_004871,cust_01425,delivered,2018-06-01 02:12:15,2018-06-09 16:13:52.611272,2018-06-07 16:07:34.471906
order_004872,cust_01716,delivered,2017-02-01 12:09:41,2017-02-10 19:31:02.692241,2017-02-09 16:03:30.390310
order_004873,cust_00410,delivered,2017-11-14 19:55:10,2017-11-22 16:53:30.180966,2017-11-20 15:23:42.016652
order_004874,cust_02799,delivered,2017-04-13 11:27:04,2017-04-22 06:35:47.873968,2017-04-19 10:35:57.414572
order_004875,cust_02405,delivered,2017-12-25 04:54:01,2018-01-03 02:57:06.458854,2017-12-30 23:20:49.141734
order_004876,cust_01731,canceled,2017-08-11 01:06:19,2017-08-21 20:05:46.849037,
order_004877,cust_00876,delivered,2017-08-25 22:39:17,2017-09-04 01:08:19.570597,2017-09-01 03:56:40.395963
order_004878,cust_02403,delivered,2017-12-29 18:15:26,2018-01-07 13:25:52.463168,2018-01-03 20:00:02.719546
order_004879,cust_01161,delivered,2018-02-13 03:43:59,2018-02-20 17:47:48.184947,2018-02-19 23:43:35.165209
order_004880,cust_02762,delivered,2017-07-25 01:46:27,2017-08-03 04:35:03.083239,2017-08-02 08:39:38.722801
order_004881,cust_02356,delivered,2018-06-23 03:05:59,2018-07-02 03:39:26.071302,2018-07-02 08:30:30.222553
order_004882,cust_02963,delivered,2017-09-27 09:02:12,2017-10-08 09:31:09.324718,2017-10-02 10:23:04.452216
order_004883,cust_01976,delivered,2017-03-28 19:29:06,2017-04-07 17:12:00.354695,2017-04-05 23:21:15.449739
order_004884,cust_00068,delivered,2017-01-04 03:50:13,2017-01-13 13:27:55.678276,2017-01-12 11:36:47.015931
order_004885,cust_01010,delivered,2017-04-20 19:38:55,2017-04-30 16:52:37.386370,2017-04-27 16:11:47.025422
order_004886,cust_01404,delivered,2018-01-09 00:02:43,2018-01-19 17:38:55.555829,2018-01-16 03:52:25.286372
order_004887,cust_02458,delivered,2017-10-19 17:43:48,2017-10-28 15:31:02.535176,2017-10-26 16:44:47.801021
order_004888,cust_00766,delivered,2017-07-02 06:46:40,2017-07-11 08:58:30.971219,2017-07-10 00:03:37.749339
order_004889,cust_00195,delivered,2017-09-17 23:03:09,2017-09-26 11:13:13.929382,2017-09-26 15:56:07.383610
order_004890,cust_02710,delivered,2018-03-29 11:25:13,2018-04-08 07:56:21.801092,2018-04-02 18:27:50.582308
order_004891,cust_02001,delivered,2017-11-05 06:29:34,2017-11-14 20:15:05.304059,2017-11-12 04:50:14.171981
order_004892,cust_01557,delivered,2017-02-01 05:49:48,2017-02-10 03:32:06.384045,2017-02-11 02:59:22.115883
order_004893,cust_00052,delivered,2017-01-27 19:50:22,2017-02-05 16:16:22.704321,2017-02-04 20:43:08.148533
order_004894,cust_00224,delivered,2017-09-18 09:40:19,2017-09-28 05:01:22.332370,2017-09-25 22:47:24.617159
order_004895,cust_01617,delivered,2017-08-07 08:26:56,2017-08-15 23:18:59.779045,2017-08-19 11:45:30.682028
order_004896,cust_01607,delivered,2018-04-05 17:39:21,2018-04-13 02:41:06.034923,2018-04-13 18:43:46.086972
order_004897,cust_00472,delivered,2017-11-11 12:53:51,2017-11-19 23:49:26.542600,2017-11-20 11:46:40.981578
order_004898,cust_00506,delivered,2018-02-13 15:55:55,2018-02-23 03:21:56.862754,2018-02-19 11:55:23.309300
order_004899,cust_01476,delivered,2017-11-13 10:41:39,2017-11-23 06:59:22.400176,2017-11-21 03:42:32.871205
order_004900,cust_00647,delivered,2017-07-06 01:32:09,2017-07-13 01:43:46.904413,2017-07-14 09:27:15.416755
order_004901,cust_00405,delivered,2017-12-21 00:08:25,2017-12-30 19:38:59.582134,2017-12-27 00:42:55.645080
order_004902,cust_01020,delivered,2017-12-02 00:56:18,2017-12-12 09:24:10.862699,2017-12-07 13:30:29.189366
order_004903,cust_02629,delivered,2018-01-24 13:47:13,2018-02-01 17:36:03.534577,2018-02-03 05:03:11.125913
order_004904,cust_02051,delivered,2017-04-13 12:19:37,2017-04-22 16:49:08.654408,2017-04-21 18:48:59.748123
order_004905,cust_00219,delivered,2017-12-13 17:56:24,2017-12-24 11:55:51.737032,2017-12-20 03:18:05.493117
order_004906,cust_02448,delivered,2017-06-04 21:28:16,2017-06-13 13:07:34.578966,2017-06-15 05:21:34.086919
order_004907,cust_02006,delivered,2018-03-03 04:11:21,2018-03-12 14:29:18.110756,2018-03-10 00:39:38.533725
order_004908,cust_00582,delivered,2018-03-08 22:58:29,2018-03-17 19:57:08.996797,2018-03-16 05:57:36.961518
order_004909,cust_02922,delivered,2017-12-04 22:21:35,2017-12-13 06:53:03.601287,2017-12-13 14:42:40.267971
order_004910,cust_00881,delivered,2018-05-27 14:46:56,2018-06-05 21:22:09.993429,2018-06-07 20:53:20.061255
order_004911,cust_00187,delivered,2017-10-18 12:43:46,2017-10-25 07:40:09.482594,2017-10-26 00:19:46.602403
order_004912,cust_01300,delivered,2017-01-14 04:14:23,2017-01-22 22:10:47.186040,2017-01-24 03:00:06.647662
order_004913,cust_00171,delivered,2017-11-24 04:16:40,2017-12-04 09:17:44.147427,2017-12-02 01:24:13.038906
order_004914,cust_01134,delivered,2018-02-24 00:26:52,2018-03-05 13:05:16.132083,2018-03-06 03:49:54.968368
order_004915,cust_00615,delivered,2017-02-24 15:30:09,2017-03-06 01:18:57.483124,2017-03-05 06:49:59.308418
order_004916,cust_01114,delivered,2017-02-26 10:23:43,2017-03-07 10:34:54.209406,2017-03-06 11:12:34.885266
order_004917,cust_02626,delivered,2017-05-28 04:36:22,2017-06-03 08:02:26.689427,2017-06-07 03:43:12.084219
order_004918,cust_02309,delivered,2018-04-01 03:12:44,2018-04-08 18:09:34.478048,2018-04-08 04:47:59.696223
order_004919,cust_02151,delivered,2017-10-12 01:31:29,2017-10-21 22:57:05.702195,2017-10-19 23:21:17.088798
order_004920,cust_02082,delivered,2018-06-12 15:22:58,2018-06-20 04:03:56.993077,2018-06-19 03:24:25.781667
order_004921,cust_00843,delivered,2018-04-17 16:26:51,2018-04-27 18:05:02.066956,2018-04-25 16:29:56.588683
order_004922,cust_01548,delivered,2017-10-27 15:09:33,2017-11-05 18:50:44.924032,2017-11-10 13:57:12.460040
order_004923,cust_00631,delivered,2018-01-02 02:39:24,2018-01-11 12:26:13.473684,2018-01-08 18:36:55.980051
order_004924,cust_01571,delivered,2017-06-28 00:59:33,2017-07-06 08:50:55.435972,2017-07-02 21:43:30.968123
order_004925,cust_02055,delivered,2017-02-18 02:32:57,2017-02-27 03:18:59.201286,2017-02-24 05:53:59.799371
order_004926,cust_01183,delivered,2017-08-04 18:02:18,2017-08-13 21:09:41.875558,2017-08-08 13:29:26.808519
order_004927,cust_01887,delivered,2017-11-16 17:45:31,2017-11-27 03:26:46.952348,2017-11-23 19:17:03.730638
order_004928,cust_02200,delivered,2017-04-09 07:04:33,2017-04-19 01:51:54.905807,2017-04-19 04:40:44.029759
order_004929,cust_01241,delivered,2017-04-30 01:19:29,2017-05-09 23:11:58.864571,2017-05-07 18:15:43.331213
order_004930,cust_00720,delivered,2017-01-09 07:40:25,2017-01-17 20:05:51.229946,2017-01-16 03:49:07.569050
order_004931,cust_02228,delivered,2018-02-01 19:26:04,2018-02-10 00:59:15.566864,2018-02-07 18:08:07.914703
order_004932,cust_00718,delivered,2018-05-01 03:26:31,2018-05-09 11:50:22.043913,2018-05-08 04:28:12.352729
order_004933,cust_00906,delivered,2018-03-23 19:06:27,2018-03-31 04:58:39.394784,2018-03-31 14:26:52.353978
order_004934,cust_00095,delivered,2017-07-25 11:07:12,2017-08-02 12:15:48.440357,2017-08-01 16:22:17.864192
order_004935,cust_02128,delivered,2017-11-17 03:23:36,2017-11-25 19:39:20.214985,2017-11-30 20:30:17.112956
order_004936,cust_02940,delivered,2018-06-03 22:24:48,2018-06-13 04:22:15.404725,2018-06-14 21:01:55.770024
order_004937,cust_01750,delivered,2017-11-16 12:26:28,2017-11-26 05:45:42.268613,2017-11-23 06:52:28.627302
order_004938,cust_00333,delivered,2017-06-09 16:07:02,2017-06-18 11:51:09.586713,2017-06-14 04:55:23.738240
order_004939,cust_02661,canceled,2017-07-02 02:19:08,2017-07-12 02:39:35.465315,
order_004940,cust_01200,delivered,2018-01-28 08:55:09,2018-02-07 08:25:24.855047,2018-02-04 18:32:02.187748
order_004941,cust_02727,delivered,2017-08-29 15:10:54,2017-09-09 15:35:27.341309,2017-09-05 14:27:24.297317
order_004942,cust_00021,delivered,2018-03-29 15:29:18,2018-04-06 23:32:28.968326,2018-04-05 08:57:03.561185
order_004943,cust_02530,delivered,2018-04-12 01:30:37,2018-04-19 09:15:51.141474,2018-04-15 15:12:42.024490
order_004944,cust_02574,delivered,2017-01-20 14:30:09,2017-01-30 06:28:44.265068,2017-01-30 15:13:52.901709
order_004945,cust_00244,delivered,2018-01-26 22:40:03,2018-02-04 03:45:05.082029,2018-02-03 06:55:17.977969
order_004946,cust_01815,delivered,2017-07-19 18:52:23,2017-07-28 04:23:52.289529,2017-07-29 17:05:12.529120
order_004947,cust_00125,delivered,2017-10-08 04:59:07,2017-10-18 23:12:41.814565,2017-10-18 12:24:31.614957
order_004948,cust_01326,delivered,2017-05-23 21:54:08,2017-06-01 05:18:04.544553,2017-05-30 15:00:56.670891
order_004949,cust_00059,delivered,2017-07-18 16:23:22,2017-07-28 04:06:57.056539,2017-07-24 11:55:42.251978
order_004950,cust_02378,delivered,2017-06-28 01:22:00,2017-07-09 03:24:58.261621,2017-07-02 16:00:56.119033
order_004951,cust_02713,delivered,2017-01-28 03:04:44,2017-02-04 00:59:39.197597,2017-02-03 17:32:42.538324
order_004952,cust_00540,delivered,2018-02-27 22:06:36,2018-03-08 07:36:05.343710,2018-03-09 20:51:11.310617
order_004953,cust_01002,delivered,2017-03-19 05:01:49,2017-03-28 05:20:27.715693,2017-03-27 19:54:58.821014
order_004954,cust_01695,delivered,2017-07-22 02:19:20,2017-07-30 09:07:58.044096,2017-07-31 14:35:57.920611
order_004955,cust_01166,delivered,2017-04-15 10:49:22,2017-04-25 05:35:38.128606,2017-04-20 07:52:35.440214
order_004956,cust_02768,delivered,2017-03-28 12:36:52,2017-04-07 11:00:04.087822,2017-04-03 10:22:29.462788
order_004957,cust_02248,canceled,2017-07-21 13:45:15,2017-07-31 19:37:36.044166,
order_004958,cust_02458,delivered,2018-05-12 15:48:45,2018-05-20 16:26:55.563512,2018-05-24 03:54:32.346205
order_004959,cust_01723,delivered,2018-05-25 23:58:21,2018-06-04 12:16:38.454527,2018-06-02 11:15:04.765848
order_004960,cust_00280,delivered,2017-07-26 18:13:18,2017-08-04 05:49:54.358211,2017-08-02 20:50:09.711780
order_004961,cust_00641,delivered,2017-09-30 00:37:20,2017-10-07 23:55:09.075468,2017-10-10 14:31:05.199926
order_004962,cust_01484,delivered,2018-06-17 02:07:32,2018-06-27 01:12:47.963264,2018-06-23 23:45:57.259985
order_004963,cust_00964,shipped,2017-05-07 00:00:27,2017-05-16 14:28:35.037917,
order_004964,cust_01216,delivered,2018-05-26 09:29:08,2018-06-03 05:40:27.026339,2018-06-03 18:01:37.622521
order_004965,cust_01000,delivered,2017-02-27 08:24:31,2017-03-06 06:14:29.201628,2017-03-06 20:54:57.647652
order_004966,cust_01976,delivered,2017-05-02 22:24:17,2017-05-11 16:50:06.002222,2017-05-12 12:52:59.468701
order_004967,cust_01036,delivered,2017-07-02 08:47:15,2017-07-11 06:59:37.992060,2017-07-12 00:44:12.342128
order_004968,cust_01400,delivered,2017-01-21 00:44:08,2017-01-28 04:20:38.333121,2017-01-28 04:52:11.355854
order_004969,cust_02900,delivered,2018-03-17 21:12:43,2018-03-26 19:17:19.799517,2018-03-27 14:36:35.366585
order_004970,cust_00429,delivered,2018-04-07 06:14:47,2018-04-15 00:31:46.368554,2018-04-13 22:30:19.609180
order_004971,cust_01371,delivered,2017-07-27 21:54:07,2017-08-06 05:48:55.678058,2017-08-02 10:50:21.584392
order_004972,cust_02882,delivered,2018-03-28 18:35:12,2018-04-06 03:09:59.916001,2018-04-02 21:16:50.829781
order_004973,cust_02630,delivered,2018-02-22 21:07:57,2018-03-04 08:01:03.624122,2018-03-02 13:43:18.071495
order_004974,cust_02142,delivered,2018-03-09 19:40:23,2018-03-19 06:48:43.314623,2018-03-16 07:11:24.982601
order_004975,cust_02478,delivered,2018-03-10 03:26:10,2018-03-19 06:09:57.673009,2018-03-20 02:36:18.803273
order_004976,cust_00837,delivered,2017-11-06 15:01:42,2017-11-14 17:45:38.335826,2017-11-12 07:53:54.706359
order_004977,cust_02675,delivered,2017-03-01 09:53:25,2017-03-10 08:36:14.618281,2017-03-06 23:55:35.955349
order_004978,cust_00247,delivered,2018-05-14 15:05:26,2018-05-22 10:45:58.216049,2018-05-25 06:23:00.382179
order_004979,cust_02123,delivered,2017-11-25 17:54:04,2017-12-03 02:37:04.334534,2017-12-02 22:19:50.036264
order_004980,cust_02004,delivered,2018-05-02 12:01:22,2018-05-12 04:23:20.824566,2018-05-14 21:07:03.453504
order_004981,cust_01623,delivered,2018-06-02 07:30:09,2018-06-11 20:37:37.427476,2018-06-10 02:25:36.919809
order_004982,cust_00163,delivered,2017-04-12 21:59:31,2017-04-22 11:56:20.620561,2017-04-18 07:13:36.150617
order_004983,cust_02128,delivered,2017-08-06 15:55:03,2017-08-15 15:31:33.370648,2017-08-17 01:46:19.376912
order_004984,cust_01582,delivered,2017-04-14 21:15:10,2017-04-22 12:37:38.359368,2017-04-20 14:44:31.025228
order_004985,cust_01834,delivered,2017-01-28 05:41:29,2017-02-07 03:42:09.983959,2017-02-04 07:23:38.742801
order_004986,cust_02596,delivered,2018-06-06 20:07:05,2018-06-16 09:53:02.147361,2018-06-13 09:42:23.004049
order_004987,cust_00459,delivered,2018-05-14 07:45:43,2018-05-21 19:19:24.773991,2018-05-22 04:37:48.209987
order_004988,cust_02063,delivered,2018-05-19 11:03:06,2018-05-28 11:19:50.849725,2018-05-26 12:17:24.542647
order_004989,cust_01942,delivered,2018-04-23 20:39:01,2018-05-03 01:55:28.485978,2018-05-02 08:02:06.935401
order_004990,cust_02002,delivered,2017-12-17 08:30:47,2017-12-26 09:24:06.430136,2017-12-25 09:55:12.689983
order_004991,cust_01672,delivered,2017-10-09 06:00:43,2017-10-18 17:46:38.668343,2017-10-16 09:23:41.727018
order_004992,cust_00931,delivered,2018-06-20 21:58:23,2018-06-29 22:34:06.480787,2018-06-28 09:59:08.176194
order_004993,cust_02904,delivered,2017-10-26 23:08:37,2017-11-02 19:17:54.554020,2017-11-02 18:14:07.759775
order_004994,cust_01612,delivered,2017-12-13 07:27:57,2017-12-22 04:17:35.026589,2017-12-22 03:12:49.724980
order_004995,cust_02256,delivered,2017-04-25 07:21:00,2017-05-02 13:35:23.749846,2017-05-01 07:00:05.832511
order_004996,cust_00013,delivered,2018-02-08 05:27:50,2018-02-18 12:52:20.459337,2018-02-15 10:11:56.261961
order_004997,cust_02753,delivered,2018-03-19 00:33:52,2018-03-27 08:56:07.138323,2018-03-26 15:17:52.079394
order_004998,cust_02521,delivered,2018-01-02 13:16:09,2018-01-10 16:47:23.605342,2018-01-05 20:40:07.325588
order_004999,cust_00797,delivered,2017-09-27 06:07:03,2017-10-07 17:19:42.438402,2017-10-04 07:28:19.504532
order_005000,cust_01597,delivered,2017-04-17 20:22:40,2017-04-27 22:49:16.976392,2017-04-24 13:12:08.637408
order_005001,cust_02958,delivered,2017-01-19 04:06:32,2017-01-28 00:14:48.712598,2017-01-26 19:46:44.101030
order_005002,cust_01609,delivered,2017-12-05 15:14:47,2017-12-14 05:52:32.330567,2017-12-14 02:14:20.032494
order_005003,cust_00462,shipped,2018-01-04 12:09:49,2018-01-12 14:31:24.524221,
order_005004,cust_00369,delivered,2018-02-22 14:41:10,2018-03-02 17:51:58.008900,2018-02-28 09:20:47.510601
order_005005,cust_02791,delivered,2018-05-29 02:42:18,2018-06-07 07:22:58.397668,2018-06-03 02:55:04.458719
order_005006,cust_01396,delivered,2017-09-26 11:11:50,2017-10-04 12:30:30.449708,2017-10-01 18:00:21.172512
order_005007,cust_01834,delivered,2018-03-24 15:01:30,2018-04-01 12:14:59.954405,2018-04-01 15:03:59.317322
order_005008,cust_01906,delivered,2018-01-22 08:10:57,2018-01-30 20:39:49.744884,2018-01-27 02:16:39.773374
order_005009,cust_02745,delivered,2017-05-30 20:59:51,2017-06-09 00:16:32.432798,2017-06-07 13:41:51.506811
order_005010,cust_01298,delivered,2018-04-02 12:42:31,2018-04-12 03:40:52.482608,2018-04-07 08:08:30.819705
order_005011,cust_00088,delivered,2017-01-29 08:42:01,2017-02-06 01:50:57.241489,2017-02-09 15:19:20.666639
order_005012,cust_00133,delivered,2017-11-20 00:44:22,2017-11-29 15:43:22.467305,2017-11-25 18:33:18.622588
order_005013,cust_01325,delivered,2018-05-23 04:02:37,2018-05-31 16:40:05.132228,2018-05-26 02:40:20.769089
order_005014,cust_01899,delivered,2017-12-22 11:26:17,2017-12-30 16:09:12.921271,2017-12-30 10:37:33.106349
order_005015,cust_01888,delivered,2018-05-22 09:36:02,2018-05-31 05:19:50.457008,2018-05-27 22:45:50.794208
order_005016,cust_00387,delivered,2017-01-31 20:54:58,2017-02-08 21:42:22.069392,2017-02-08 23:18:33.572676
order_005017,cust_00627,delivered,2017-10-15 18:51:47,2017-10-25 19:18:15.989128,2017-10-27 05:49:08.530511
order_005018,cust_02234,delivered,2018-02-26 03:48:55,2018-03-06 20:39:37.601422,2018-03-03 16:41:10.648717
order_005019,cust_01708,delivered,2017-12-13 14:11:44,2017-12-22 05:29:27.282115,2017-12-20 11:05:19.728214
order_005020,cust_01131,shipped,2018-04-21 10:54:20,2018-04-30 14:50:45.213748,
order_005021,cust_00791,delivered,2017-09-07 02:25:38,2017-09-16 00:17:35.959421,2017-09-16 08:40:43.107719
order_005022,cust_00461,delivered,2018-01-04 15:58:54,2018-01-12 05:15:19.668673,2018-01-11 02:05:08.516317
order_005023,cust_01790,delivered,2017-08-15 12:53:32,2017-08-24 22:59:54.918555,2017-08-20 17:36:54.939690
order_005024,cust_01673,delivered,2018-04-16 02:05:56,2018-04-23 14:28:13.409981,2018-04-23 23:16:03.800232
order_005025,cust_00125,delivered,2017-03-06 11:14:02,2017-03-15 06:22:47.504697,2017-03-13 22:35:15.677043
order_005026,cust_01070,delivered,2017-05-18 17:33:36,2017-05-27 12:01:43.675027,2017-05-26 07:33:31.226402
order_005027,cust_01640,delivered,2017-02-22 07:51:02,2017-03-02 03:38:09.320210,2017-02-28 09:11:34.859874
order_005028,cust_02690,delivered,2018-01-15 08:33:55,2018-01-23 13:56:28.234157,2018-01-20 14:23:21.457293
order_005029,cust_02005,delivered,2017-05-06 02:38:37,2017-05-13 09:31:37.420273,2017-05-14 12:01:11.266995
order_005030,cust_01738,delivered,2017-06-21 04:54:14,2017-06-30 10:37:48.918322,2017-06-29 01:03:25.050823
order_005031,cust_00854,delivered,2018-03-28 23:32:48,2018-04-05 18:19:59.321794,2018-04-04 05:21:13.097838
order_005032,cust_01370,delivered,2017-07-14 14:53:57,2017-07-24 12:32:29.855167,2017-07-24 17:09:12.293623
order_005033,cust_01642,delivered,2017-03-20 04:13:30,2017-03-29 03:26:49.905534,2017-03-24 21:59:54.080568
order_005034,cust_01477,delivered,2017-01-12 11:35:09,2017-01-21 03:52:40.375052,2017-01-18 11:13:18.335723
order_005035,cust_02314,delivered,2017-05-03 04:37:32,2017-05-11 22:16:37.318044,2017-05-14 09:34:28.637566
order_005036,cust_02434,delivered,2018-05-09 10:37:32,2018-05-19 12:08:37.574544,2018-05-16 18:14:30.221856
order_005037,cust_02232,delivered,2017-10-24 03:29:38,2017-11-02 11:19:29.550363,2017-10-30 02:31:16.473047
order_005038,cust_01718,delivered,2018-06-22 14:51:04,2018-07-01 15:13:12.656938,2018-07-01 00:52:13.963338
order_005039,cust_01182,delivered,2017-04-27 13:41:04,2017-05-05 15:31:21.186561,2017-05-07 01:40:08.299207
order_005040,cust_02817,delivered,2017-07-09 15:12:08,2017-07-18 10:28:09.928316,2017-07-20 11:43:25.853336
order_005041,cust_00229,delivered,2017-03-30 10:38:53,2017-04-08 05:51:50.810866,2017-04-07 15:38:19.026689
order_005042,cust_00266,delivered,2017-08-04 06:51:48,2017-08-12 21:53:20.402942,2017-08-11 21:36:16.163196
order_005043,cust_01641,delivered,2017-11-01 05:59:21,2017-11-11 19:30:39.333643,2017-11-11 14:54:26.931375
order_005044,cust_02435,delivered,2018-03-13 05:09:48,2018-03-21 07:10:40.433041,2018-03-24 00:06:08.373892
order_005045,cust_01869,delivered,2017-07-18 10:18:22,2017-07-28 09:02:09.297191,2017-07-28 19:20:56.326234
order_005046,cust_01778,delivered,2018-02-21 10:50:06,2018-03-04 15:05:34.423825,2018-03-03 23:30:55.105458
order_005047,cust_01981,delivered,2017-12-05 16:09:52,2017-12-14 18:54:54.535755,2017-12-11 15:18:39.198741
order_005048,cust_02699,delivered,2017-06-07 01:15:30,2017-06-15 23:13:03.293265,2017-06-15 05:09:13.700214
order_005049,cust_01362,delivered,2018-05-08 06:45:38,2018-05-18 13:40:04.870292,2018-05-20 11:53:09.462373
order_005050,cust_01376,delivered,2017-08-23 20:27:46,2017-09-02 05:11:27.008251,2017-09-04 16:26:10.962396
order_005051,cust_00315,delivered,2017-03-23 21:57:57,2017-04-01 13:16:18.057779,2017-03-30 14:01:51.279230
order_005052,cust_01148,delivered,2018-06-04 22:20:30,2018-06-14 23:45:59.745818,2018-06-13 06:39:52.475570
order_005053,cust_02923,delivered,2018-05-09 07:21:08,2018-05-18 12:22:19.986195,2018-05-18 04:53:38.496934
order_005054,cust_02925,delivered,2017-01-27 03:17:28,2017-02-05 00:37:53.137010,2017-01-31 01:01:10.722550
order_005055,cust_01645,delivered,2018-05-03 04:45:22,2018-05-12 09:01:38.794379,2018-05-09 05:58:36.655315
order_005056,cust_00807,delivered,2018-05-27 03:09:53,2018-06-05 02:22:22.558764,2018-06-04 05:22:43.682172
order_005057,cust_01089,delivered,2018-03-24 22:54:34,2018-03-31 14:35:10.852659,2018-04-06 23:46:33.047778
order_005058,cust_02223,delivered,2017-05-18 21:12:04,2017-05-27 14:06:13.957461,2017-05-31 23:20:37.868609
order_005059,cust_02874,delivered,2017-12-07 19:27:12,2017-12-17 03:03:05.690632,2017-12-12 12:06:17.332969
order_005060,cust_00317,delivered,2017-10-18 17:30:54,2017-10-27 05:37:43.605137,2017-10-27 20:37:03.832985
order_005061,cust_01471,delivered,2017-12-01 08:14:07,2017-12-09 17:12:56.427494,2017-12-08 10:42:20.301184
order_005062,cust_02238,delivered,2017-11-29 11:24:59,2017-12-08 16:17:38.994004,2017-12-08 01:56:05.448611
order_005063,cust_02087,delivered,2017-12-12 20:11:39,2017-12-22 02:04:10.566127,2017-12-20 04:13:04.326261
order_005064,cust_00245,delivered,2017-10-05 19:32:41,2017-10-14 07:52:52.866943,2017-10-11 11:21:29.391256
order_005065,cust_00151,delivered,2018-01-08 12:27:05,2018-01-17 23:31:57.576835,2018-01-15 17:30:28.520924
order_005066,cust_02344,delivered,2017-10-12 20:06:05,2017-10-21 10:23:13.179946,2017-10-19 20:10:13.121750
order_005067,cust_01463,delivered,2017-01-09 08:19:19,2017-01-18 14:36:25.184197,2017-01-17 04:37:27.714900
order_005068,cust_02908,delivered,2017-01-20 09:55:26,2017-01-29 12:36:49.110315,2017-01-28 00:08:01.946985
order_005069,cust_01092,delivered,2018-06-02 20:09:02,2018-06-10 05:59:40.306833,2018-06-14 00:45:49.750145
order_005070,cust_01726,delivered,2018-05-06 09:02:03,2018-05-16 09:22:09.269983,2018-05-15 21:34:50.496223
order_005071,cust_00218,delivered,2017-11-13 18:03:07,2017-11-25 15:55:07.663918,2017-11-18 18:29:43.102065
order_005072,cust_02911,delivered,2017-04-05 10:52:43,2017-04-14 14:55:29.969668,2017-04-10 19:37:46.892574
order_005073,cust_01005,delivered,2018-02-26 07:08:56,2018-03-08 22:19:09.279267,2018-03-05 00:56:12.390234
order_005074,cust_00367,delivered,2017-03-19 05:15:07,2017-03-28 06:18:33.246572,2017-03-27 01:57:19.359373
order_005075,cust_02333,delivered,2017-07-23 14:33:37,2017-08-01 01:35:47.868621,2017-07-29 07:38:25.096619
order_005076,cust_02384,delivered,2017-06-28 11:30:42,2017-07-08 22:42:20.552029,2017-07-03 11:24:59.035877
order_005077,cust_00577,delivered,2017-01-07 08:51:55,2017-01-16 08:49:16.612746,2017-01-18 05:45:25.117490
order_005078,cust_00704,delivered,2018-03-12 17:50:08,2018-03-20 03:07:07.756973,2018-03-19 16:37:36.204948
order_005079,cust_02396,delivered,2017-10-03 00:01:30,2017-10-08 20:34:53.156802,2017-10-11 08:21:42.659369
order_005080,cust_01825,delivered,2017-06-20 02:12:45,2017-06-30 10:26:40.723695,2017-06-23 07:45:35.841129
order_005081,cust_02848,delivered,2017-10-01 23:05:00,2017-10-11 13:50:47.249309,2017-10-12 03:26:15.159632
order_005082,cust_02469,delivered,2017-01-01 15:55:28,2017-01-10 22:09:26.895280,2017-01-11 11:59:12.540613
order_005083,cust_02642,delivered,2017-08-24 13:11:27,2017-09-03 06:10:04.998337,2017-09-18 13:03:28.493836
order_005084,cust_01185,delivered,2017-10-08 00:21:13,2017-10-17 20:29:00.251338,2017-10-19 11:28:04.201285
order_005085,cust_02197,delivered,2017-07-03 14:21:44,2017-07-12 04:14:39.457207,2017-07-10 12:42:20.654375
order_005086,cust_01510,delivered,2018-03-25 10:26:06,2018-04-03 00:22:31.015257,2018-04-08 07:59:51.030163
order_005087,cust_02553,delivered,2017-05-15 14:23:50,2017-05-25 00:34:22.664872,2017-05-25 03:31:53.775638
order_005088,cust_00698,delivered,2017-03-16 00:59:02,2017-03-25 08:14:37.713204,2017-03-26 11:35:12.287874
order_005089,cust_01499,delivered,2017-10-12 13:12:55,2017-10-21 02:48:06.758080,2017-10-19 11:49:00.099829
order_005090,cust_01456,delivered,2018-04-25 13:52:07,2018-05-04 12:04:11.515090,2018-05-02 11:11:11.761746
order_005091,cust_01885,delivered,2017-07-22 06:57:40,2017-08-01 09:17:15.577163,2017-07-30 16:48:56.564381
order_005092,cust_01315,delivered,2017-01-26 01:18:29,2017-02-04 07:17:37.915626,2017-02-04 17:31:30.505579
order_005093,cust_00896,delivered,2018-06-08 23:19:04,2018-06-17 06:49:26.692629,2018-06-13 10:33:33.779399
order_005094,cust_02303,delivered,2017-08-28 17:01:30,2017-09-07 19:43:46.972704,2017-09-06 09:05:32.396879
order_005095,cust_02039,delivered,2017-04-04 14:55:12,2017-04-14 09:53:29.634873,2017-04-28 08:15:40.717171
order_005096,cust_00397,delivered,2017-11-29 18:24:36,2017-12-09 15:04:34.425853,2017-12-04 04:07:32.298451
order_005097,cust_00909,delivered,2017-06-22 16:06:07,2017-07-02 04:15:14.039595,2017-06-30 22:04:42.233958
order_005098,cust_01908,canceled,2018-05-22 03:13:31,2018-05-31 05:37:18.922139,
order_005099,cust_02104,delivered,2017-06-08 10:54:54,2017-06-18 06:19:48.627673,2017-06-14 09:14:00.911890
order_005100,cust_01341,delivered,2017-10-25 21:19:41,2017-11-04 00:22:22.505307,2017-10-31 20:39:47.096478
order_005101,cust_01440,delivered,2017-10-21 06:54:31,2017-10-29 21:07:23.221246,2017-10-31 06:03:06.502152
order_005102,cust_02388,delivered,2017-05-11 23:19:58,2017-05-20 02:00:07.167980,2017-05-19 04:43:30.808976
order_005103,cust_02853,delivered,2017-09-27 01:32:39,2017-10-07 02:10:20.973579,2017-10-03 18:33:10.333208
order_005104,cust_02137,delivered,2017-02-28 07:56:14,2017-03-08 13:14:51.414247,2017-03-09 05:33:15.329676
order_005105,cust_00107,delivered,2017-12-14 08:24:19,2017-12-21 07:53:37.040975,2017-12-21 02:19:52.348324
order_005106,cust_00615,delivered,2018-02-14 14:49:04,2018-02-23 08:39:10.295434,2018-02-21 12:34:21.410192
order_005107,cust_02831,delivered,2018-05-29 04:13:34,2018-06-06 21:04:05.021867,2018-06-07 07:17:36.787566
order_005108,cust_02244,delivered,2017-06-25 05:29:57,2017-07-04 19:00:53.138499,2017-07-01 09:15:59.033281
order_005109,cust_02608,delivered,2017-06-04 15:53:24,2017-06-12 09:36:25.238347,2017-06-14 06:33:39.638895
order_005110,cust_00607,delivered,2017-10-24 06:49:52,2017-11-02 00:28:50.270921,2017-10-30 15:01:24.247382
order_005111,cust_02460,delivered,2018-01-10 21:05:45,2018-01-21 16:17:33.118634,2018-01-18 03:31:29.886322
order_005112,cust_02588,delivered,2018-06-20 20:53:04,2018-06-30 22:16:22.300931,2018-06-29 00:03:17.351075
order_005113,cust_02075,delivered,2017-01-14 07:15:58,2017-01-25 04:30:17.726702,2017-01-27 01:05:40.695321
order_005114,cust_01937,delivered,2017-05-09 13:26:19,2017-05-17 08:55:19.427844,2017-05-14 10:04:01.177593
order_005115,cust_01531,delivered,2017-05-22 07:59:21,2017-05-31 04:21:59.323154,2017-05-31 16:40:52.304929
order_005116,cust_00305,delivered,2017-05-18 08:16:36,2017-05-27 11:33:33.633208,2017-05-26 14:59:14.129659
order_005117,cust_00887,delivered,2017-09-08 16:05:19,2017-09-18 10:06:46.075118,2017-09-13 02:01:40.402977
order_005118,cust_02914,delivered,2018-04-17 07:02:06,2018-04-26 20:12:24.815699,2018-04-22 08:21:06.355908
order_005119,cust_00087,delivered,2017-01-17 03:34:57,2017-01-27 17:32:54.917809,2017-01-22 19:30:57.078419
order_005120,cust_02199,delivered,2018-03-17 06:13:07,2018-03-28 00:59:41.879936,2018-03-27 21:52:25.638632
order_005121,cust_02064,delivered,2017-11-30 22:18:23,2017-12-10 08:42:27.465036,2017-12-09 22:58:02.132065
order_005122,cust_02587,delivered,2017-11-29 06:13:25,2017-12-09 08:09:03.585234,2017-12-13 14:16:11.390777
order_005123,cust_00795,delivered,2018-01-02 08:43:56,2018-01-12 04:06:51.583053,2018-01-09 10:46:57.993933
order_005124,cust_00565,delivered,2017-03-04 15:05:29,2017-03-14 01:14:49.765146,2017-03-12 01:47:15.305990
order_005125,cust_01305,delivered,2018-02-08 02:25:43,2018-02-18 14:40:59.737888,2018-02-16 09:40:22.847982
order_005126,cust_02580,delivered,2017-05-14 06:26:34,2017-05-25 03:45:23.700898,2017-05-19 23:03:40.269985
order_005127,cust_02236,delivered,2017-10-06 04:11:32,2017-10-14 19:04:31.278940,2017-10-13 22:10:52.333609
order_005128,cust_01651,delivered,2018-01-01 22:11:04,2018-01-11 07:20:09.381581,2018-01-15 04:41:12.700868
order_005129,cust_02206,delivered,2017-11-23 22:23:09,2017-12-02 04:19:50.448769,2017-12-04 21:30:34.594209
order_005130,cust_01596,delivered,2017-06-24 18:08:15,2017-07-04 20:21:47.999880,2017-07-05 04:37:51.433557
order_005131,cust_00073,delivered,2017-08-02 05:55:51,2017-08-09 10:57:19.724419,2017-08-09 08:08:06.336415
order_005132,cust_02436,delivered,2017-09-15 14:47:38,2017-09-24 14:17:22.578028,2017-09-22 13:25:17.907017
order_005133,cust_01367,delivered,2017-01-23 15:53:40,2017-02-03 03:56:50.125746,2017-01-31 08:21:50.300896
order_005134,cust_01693,delivered,2018-01-28 20:51:54,2018-02-07 02:53:41.292119,2018-02-05 11:44:08.676810
order_005135,cust_02704,delivered,2017-02-23 03:44:52,2017-03-04 09:04:50.803516,2017-03-01 09:42:56.521323
order_005136,cust_02704,delivered,2017-09-05 17:40:12,2017-09-14 00:08:54.557152,2017-09-12 02:54:16.123261
order_005137,cust_00933,delivered,2017-12-20 04:39:30,2017-12-28 14:53:42.311849,2017-12-25 20:26:24.768393
order_005138,cust_01295,delivered,2017-02-13 13:38:55,2017-02-21 06:08:53.088989,2017-02-21 19:08:21.661669
order_005139,cust_01607,delivered,2018-06-22 21:06:06,2018-07-01 21:36:43.400940,2018-06-30 08:38:25.435334
order_005140,cust_02497,delivered,2017-07-23 01:29:23,2017-08-01 15:45:45.338950,2017-08-02 09:39:05.893715
order_005141,cust_01735,delivered,2017-01-09 03:33:10,2017-01-17 18:41:33.252368,2017-01-18 08:31:46.629165
order_005142,cust_02427,delivered,2017-12-22 19:30:54,2017-12-31 19:01:29.464300,2017-12-30 23:59:17.925684
order_005143,cust_00461,delivered,2017-10-29 00:27:00,2017-11-08 07:49:37.983595,2017-11-07 07:39:43.826035
order_005144,cust_00065,delivered,2017-12-12 16:26:34,2017-12-22 18:40:59.644690,2017-12-19 07:51:18.414254
order_005145,cust_02150,delivered,2018-02-10 12:01:46,2018-02-19 09:13:37.229282,2018-02-18 15:47:44.813322
order_005146,cust_00405,delivered,2017-09-14 08:19:06,2017-09-24 06:46:28.817065,2017-09-22 14:47:46.843377
order_005147,cust_01305,delivered,2018-03-23 20:42:19,2018-04-02 02:49:57.169847,2018-03-31 07:07:48.385084
order_005148,cust_02312,delivered,2017-07-19 20:22:30,2017-07-30 15:38:55.163065,2017-07-29 08:54:02.828936
order_005149,cust_00970,delivered,2017-10-22 07:49:25,2017-11-01 01:44:47.408183,2017-11-01 06:05:47.142847
order_005150,cust_02963,delivered,2017-03-27 00:06:22,2017-04-06 06:59:09.108887,2017-04-02 01:16:05.364908
order_005151,cust_00689,delivered,2017-12-01 03:04:33,2017-12-10 19:08:13.556840,2017-12-06 16:09:18.184950
order_005152,cust_02261,delivered,2017-05-22 02:34:36,2017-05-29 15:57:12.416559,2017-05-30 13:00:20.386863
order_005153,cust_01149,delivered,2018-01-12 23:34:24,2018-01-21 10:35:59.761350,2018-01-19 12:48:36.468671
order_005154,cust_01668,delivered,2018-03-09 14:19:31,2018-03-19 07:50:22.709046,2018-03-18 16:06:46.167566
order_005155,cust_02332,delivered,2018-04-09 16:14:30,2018-04-17 13:21:58.603801,2018-04-14 19:49:21.252521
order_005156,cust_02830,delivered,2018-05-17 05:32:30,2018-05-26 01:01:27.740178,2018-05-22 21:51:09.907121
order_005157,cust_00312,shipped,2017-03-08 20:24:59,2017-03-16 11:21:59.009326,
order_005158,cust_02808,delivered,2017-03-16 17:20:38,2017-03-25 13:20:04.711587,2017-04-01 02:05:24.362644
order_005159,cust_00801,delivered,2018-05-16 18:03:04,2018-05-24 20:09:01.053198,2018-05-26 22:23:02.232768
order_005160,cust_00451,delivered,2017-07-25 11:14:16,2017-08-02 09:20:40.343539,2017-08-02 09:41:52.000254
order_005161,cust_01836,delivered,2017-01-15 16:45:28,2017-01-26 11:34:18.691530,2017-01-23 08:07:13.123338
order_005162,cust_01676,delivered,2017-06-04 13:03:26,2017-06-14 17:35:07.835008,2017-06-12 04:12:26.619683
order_005163,cust_01188,delivered,2018-03-28 09:13:46,2018-04-07 03:06:07.172959,2018-04-02 00:52:08.480467
order_005164,cust_01078,delivered,2017-07-11 14:16:04,2017-07-20 08:41:25.647804,2017-07-19 20:19:56.123764
order_005165,cust_01397,delivered,2017-02-11 07:47:02,2017-02-21 05:51:17.730053,2017-02-17 23:16:19.969604
order_005166,cust_01256,delivered,2018-01-25 22:52:05,2018-02-03 00:02:39.544946,2018-02-03 13:10:23.168346
order_005167,cust_01043,delivered,2017-04-16 17:12:25,2017-04-25 09:51:31.285530,2017-04-25 09:35:27.670286
order_005168,cust_01193,delivered,2017-07-10 17:44:08,2017-07-18 04:01:55.078653,2017-07-22 22:25:12.519674
order_005169,cust_02536,delivered,2017-01-03 17:12:04,2017-01-13 01:17:31.624962,2017-01-09 18:45:43.010857
order_005170,cust_02885,delivered,2017-11-22 10:45:36,2017-12-01 16:38:55.483861,2017-12-01 01:31:58.796006
order_005171,cust_01605,delivered,2017-08-29 22:48:50,2017-09-07 21:02:44.384470,2017-09-04 08:12:13.561799
order_005172,cust_00714,delivered,2018-04-14 04:59:19,2018-04-23 23:27:31.919681,2018-04-22 22:48:21.205359
order_005173,cust_02873,delivered,2017-06-30 13:38:52,2017-07-11 02:50:13.577333,2017-07-08 10:43:12.379114
order_005174,cust_01282,delivered,2017-04-21 01:39:57,2017-04-29 05:57:28.403476,2017-04-26 19:07:26.323127
order_005175,cust_02478,delivered,2017-03-31 07:04:15,2017-04-07 18:12:25.039928,2017-04-03 15:02:33.428473
order_005176,cust_01661,delivered,2017-04-19 13:47:20,2017-04-29 06:00:04.358425,2017-04-25 22:38:44.636377
order_005177,cust_01885,delivered,2017-09-01 11:44:55,2017-09-09 08:40:14.546138,2017-09-06 20:18:53.082227
order_005178,cust_00276,delivered,2017-02-17 22:35:16,2017-02-26 15:28:10.217041,2017-02-27 09:42:48.497042
order_005179,cust_00500,canceled,2017-08-06 14:43:44,2017-08-15 19:21:22.807531,
order_005180,cust_00560,delivered,2018-04-07 09:52:31,2018-04-17 01:18:43.461967,2018-04-14 10:44:20.506420
order_005181,cust_01464,delivered,2018-02-19 10:14:29,2018-02-27 12:07:49.116512,2018-03-01 16:30:34.464127
order_005182,cust_02947,delivered,2017-12-11 14:40:41,2017-12-21 18:41:12.577760,2017-12-20 06:15:24.554390
order_005183,cust_01778,delivered,2018-04-28 18:59:13,2018-05-07 19:07:26.193995,2018-05-06 09:25:36.739786
order_005184,cust_00158,delivered,2018-02-26 06:38:12,2018-03-06 08:18:31.566186,2018-03-02 12:32:06.948037
order_005185,cust_01443,delivered,2017-12-19 14:01:50,2017-12-29 23:28:19.805414,2017-12-25 11:56:15.933252
order_005186,cust_02747,delivered,2018-04-12 13:47:36,2018-04-20 14:10:53.221806,2018-04-18 11:47:38.119379
order_005187,cust_02704,delivered,2017-03-09 00:13:35,2017-03-16 22:45:42.173636,2017-03-18 23:03:59.383020
order_005188,cust_02424,delivered,2018-03-18 21:54:23,2018-03-28 07:25:52.383442,2018-03-26 10:31:25.953650
order_005189,cust_00512,delivered,2017-06-09 13:40:34,2017-06-18 15:49:31.789209,2017-06-15 22:16:08.701199
order_005190,cust_01213,delivered,2018-01-31 05:48:35,2018-02-09 13:59:56.651514,2018-02-13 04:08:55.979359
order_005191,cust_01083,delivered,2018-05-09 15:12:23,2018-05-18 18:58:20.807134,2018-05-14 02:00:37.149525
order_005192,cust_01902,delivered,2017-09-25 16:16:03,2017-10-02 23:23:11.543363,2017-10-04 13:23:57.852723
order_005193,cust_00193,delivered,2017-02-17 21:57:58,2017-02-27 01:30:31.792881,2017-02-23 02:22:21.987628
order_005194,cust_01916,delivered,2017-07-19 00:49:04,2017-07-28 13:01:22.237259,2017-07-25 07:44:47.122868
order_005195,cust_01664,delivered,2017-08-08 09:55:45,2017-08-16 18:42:20.605489,2017-08-11 11:22:42.855576
order_005196,cust_00403,delivered,2018-05-21 04:19:25,2018-05-28 22:47:18.802240,2018-05-26 18:20:39.273134
order_005197,cust_00117,delivered,2018-05-24 13:47:14,2018-06-01 16:25:21.569686,2018-05-30 06:38:22.103564
order_005198,cust_00952,delivered,2017-11-03 12:02:18,2017-11-12 06:46:30.021870,2017-11-09 13:21:25.550830
order_005199,cust_00938,delivered,2018-05-29 11:23:59,2018-06-07 16:18:59.820595,2018-06-07 12:53:49.823968
order_005200,cust_01048,delivered,2017-08-24 23:34:07,2017-09-03 11:37:01.263648,2017-08-29 20:47:53.150910
order_005201,cust_01621,delivered,2017-08-11 12:45:35,2017-08-19 22:27:11.548290,2017-08-18 04:48:56.598597
order_005202,cust_01554,delivered,2018-03-28 09:51:51,2018-04-07 02:12:20.546070,2018-04-03 16:16:13.514646
order_005203,cust_01282,delivered,2017-12-27 01:36:55,2018-01-04 16:43:52.742916,2018-01-02 03:46:16.123556
order_005204,cust_00574,delivered,2017-10-10 06:57:02,2017-10-19 10:06:46.799432,2017-10-30 14:25:00.184915
order_005205,cust_01117,delivered,2017-09-04 21:32:05,2017-09-14 06:51:59.585416,2017-09-13 22:15:53.416372
order_005206,cust_00099,delivered,2018-01-17 10:50:24,2018-01-27 22:22:48.823905,2018-01-25 22:27:07.644956
order_005207,cust_01397,delivered,2018-02-11 21:50:59,2018-02-21 21:21:14.969055,2018-02-18 10:13:44.041225
order_005208,cust_00989,delivered,2017-09-22 12:46:59,2017-10-02 03:26:58.482074,2017-09-29 02:57:11.776764
order_005209,cust_01084,delivered,2017-01-18 13:09:12,2017-01-28 17:15:38.215818,2017-01-25 08:56:44.392040
order_005210,cust_02081,delivered,2017-02-24 10:19:01,2017-03-04 16:00:58.947837,2017-03-01 07:33:07.554494
order_005211,cust_01199,delivered,2017-03-19 13:21:26,2017-03-29 05:01:18.251453,2017-03-29 00:39:34.944819
order_005212,cust_00674,delivered,2017-09-07 01:36:01,2017-09-16 12:59:56.995970,2017-09-13 23:15:39.730838
order_005213,cust_01701,delivered,2017-11-28 01:22:52,2017-12-07 11:54:05.012084,2017-12-03 22:34:39.236633
order_005214,cust_00844,delivered,2018-03-11 11:25:06,2018-03-20 07:24:39.502952,2018-03-18 02:44:05.744805
order_005215,cust_00698,delivered,2017-05-06 14:21:02,2017-05-16 00:54:10.069549,2017-05-17 14:02:59.781254
order_005216,cust_00487,delivered,2018-03-01 13:13:14,2018-03-10 06:09:40.380879,2018-03-08 11:47:19.453960
order_005217,cust_00664,delivered,2017-12-26 10:17:58,2018-01-04 09:40:42.985156,2018-01-06 16:23:55.426155
order_005218,cust_02913,delivered,2017-01-28 07:03:23,2017-02-06 05:35:16.536692,2017-02-03 21:00:36.248113
order_005219,cust_01657,delivered,2017-07-09 17:01:01,2017-07-19 02:17:30.652775,2017-07-17 13:30:36.858935
order_005220,cust_01378,delivered,2017-06-13 14:30:47,2017-06-22 07:05:38.309961,2017-06-20 03:42:15.585722
order_005221,cust_00901,delivered,2018-04-24 01:07:51,2018-05-03 07:45:49.711680,2018-05-03 04:10:03.893769
order_005222,cust_00959,delivered,2018-05-13 10:51:25,2018-05-22 14:17:28.925543,2018-05-22 20:01:14.024496
order_005223,cust_02877,delivered,2018-03-19 17:03:40,2018-03-27 02:24:43.073388,2018-03-27 04:21:05.021234
order_005224,cust_00650,delivered,2017-10-13 18:49:12,2017-10-22 22:12:45.551726,2017-10-20 05:57:19.334297
order_005225,cust_01058,delivered,2017-09-24 06:53:07,2017-10-02 19:11:34.226352,2017-09-30 18:58:13.341092
order_005226,cust_02448,delivered,2017-06-18 22:11:57,2017-06-29 15:35:14.835955,2017-07-08 10:32:45.161398
order_005227,cust_01622,delivered,2018-02-22 15:38:27,2018-03-04 04:50:18.344355,2018-03-02 12:31:39.573985
order_005228,cust_00227,delivered,2017-02-16 10:30:14,2017-02-25 15:54:15.809502,2017-02-23 07:33:22.917326
order_005229,cust_02232,delivered,2017-05-27 15:03:03,2017-06-06 01:14:24.293439,2017-06-05 23:51:50.098801
order_005230,cust_02098,delivered,2017-03-15 20:54:59,2017-03-25 00:03:59.648602,2017-03-28 02:18:46.459491
order_005231,cust_00596,delivered,2017-09-24 05:26:39,2017-10-04 10:49:45.217587,2017-10-01 17:10:07.667093
order_005232,cust_00630,delivered,2017-06-11 03:36:31,2017-06-20 07:34:45.573622,2017-06-20 08:21:05.990903
order_005233,cust_02108,delivered,2017-04-17 10:34:15,2017-04-28 18:20:42.287876,2017-04-26 03:34:54.758097
order_005234,cust_02414,delivered,2017-07-23 02:00:51,2017-07-29 19:28:39.143744,2017-07-29 16:01:35.120969
order_005235,cust_01181,delivered,2018-04-10 20:03:18,2018-04-20 11:03:53.944869,2018-04-17 08:25:24.870779
order_005236,cust_01070,delivered,2017-10-29 23:17:26,2017-11-08 23:45:21.501564,2017-11-14 21:59:33.391678
order_005237,cust_01256,delivered,2018-03-21 14:32:03,2018-03-30 05:48:49.400476,2018-03-27 17:22:18.361034
order_005238,cust_02154,canceled,2018-05-09 23:30:59,2018-05-20 02:45:02.694552,
order_005239,cust_02508,delivered,2018-05-03 01:38:58,2018-05-12 17:57:55.748138,2018-05-13 00:29:35.747534
order_005240,cust_01489,delivered,2017-07-09 15:10:51,2017-07-19 16:38:03.977860,2017-07-18 08:12:40.031336
order_005241,cust_00650,canceled,2018-04-19 10:37:47,2018-04-29 02:55:38.905864,
order_005242,cust_01440,delivered,2018-05-07 06:39:24,2018-05-18 19:15:00.493133,2018-05-15 03:14:00.813326
order_005243,cust_02181,delivered,2018-06-03 07:28:57,2018-06-12 02:18:57.640333,2018-06-12 17:56:33.261086
order_005244,cust_01299,delivered,2017-07-09 13:05:03,2017-07-20 01:34:17.862962,2017-07-17 00:26:38.149158
order_005245,cust_01097,delivered,2017-05-04 15:23:58,2017-05-15 01:18:21.940451,2017-05-11 23:19:45.236774
order_005246,cust_01577,delivered,2017-11-12 03:56:10,2017-11-21 03:42:24.741500,2017-11-23 11:08:19.411545
order_005247,cust_02367,delivered,2018-05-19 14:44:58,2018-05-27 21:26:54.978997,2018-05-28 19:27:44.085445
order_005248,cust_01218,delivered,2018-05-02 22:14:13,2018-05-11 01:01:23.823854,2018-05-09 09:55:04.083568
order_005249,cust_02361,delivered,2017-11-05 00:14:58,2017-11-14 19:01:44.852365,2017-11-12 05:50:22.838347
order_005250,cust_00709,delivered,2017-03-22 21:04:50,2017-04-01 16:25:10.985765,2017-04-01 04:00:01.735900
order_005251,cust_00838,delivered,2017-08-17 14:35:04,2017-08-27 11:39:23.541435,2017-08-23 17:36:15.677517
order_005252,cust_02454,delivered,2018-01-21 08:12:47,2018-01-30 09:55:25.746743,2018-01-29 07:10:14.325614
order_005253,cust_02504,delivered,2017-10-30 17:38:11,2017-11-08 12:51:07.964266,2017-11-07 07:55:30.043361
order_005254,cust_02864,delivered,2017-07-06 14:49:36,2017-07-15 21:42:30.788547,2017-07-16 20:12:11.089696
order_005255,cust_02061,delivered,2017-07-05 18:26:58,2017-07-14 01:23:07.123567,2017-07-14 19:33:10.640351
order_005256,cust_02823,delivered,2017-02-02 01:57:03,2017-02-11 12:30:32.446794,2017-02-11 07:34:49.948488
order_005257,cust_02054,delivered,2017-06-05 01:24:55,2017-06-14 10:22:06.873301,2017-06-10 20:14:04.984723
order_005258,cust_01965,delivered,2017-12-28 15:24:30,2018-01-05 18:09:11.875564,2018-01-02 23:27:32.551811
order_005259,cust_02137,delivered,2017-05-11 07:17:16,2017-05-20 03:19:27.440480,2017-05-18 14:55:03.926974
order_005260,cust_02075,delivered,2018-06-21 05:43:06,2018-06-28 19:00:18.480029,2018-06-26 00:27:03.742466
order_005261,cust_00841,delivered,2017-02-14 10:06:38,2017-02-22 03:43:48.155888,2017-02-20 23:19:20.252883
order_005262,cust_00267,delivered,2017-11-14 17:24:18,2017-11-23 08:25:55.443615,2017-11-23 01:08:22.818940
order_005263,cust_01934,delivered,2017-09-26 04:18:52,2017-10-04 14:52:27.456976,2017-10-04 12:12:55.124076
order_005264,cust_01506,delivered,2018-03-26 23:21:24,2018-04-04 12:42:29.927984,2018-04-02 17:43:36.248688
order_005265,cust_00756,delivered,2018-04-25 10:05:51,2018-05-03 22:45:51.940100,2018-04-29 04:27:49.527064
order_005266,cust_01281,delivered,2017-10-21 03:36:50,2017-10-30 18:49:04.565802,2017-10-28 18:17:30.321077
order_005267,cust_02996,delivered,2017-12-07 01:42:25,2017-12-15 13:49:01.231395,2017-12-14 17:26:54.947859
order_005268,cust_02446,delivered,2018-01-13 20:34:27,2018-01-24 05:39:41.559216,2018-01-22 03:07:20.945394
order_005269,cust_00518,delivered,2017-10-09 02:43:01,2017-10-20 13:21:35.020704,2017-10-15 18:31:38.821103
order_005270,cust_02622,delivered,2017-04-10 10:03:18,2017-04-18 09:21:53.125983,2017-04-17 21:50:35.392274
order_005271,cust_02225,delivered,2017-08-20 16:02:55,2017-08-29 16:52:59.120469,2017-08-28 10:36:11.735330
order_005272,cust_02569,delivered,2017-05-11 12:18:51,2017-05-20 09:24:47.152701,2017-05-18 04:19:38.552320
order_005273,cust_00666,delivered,2017-09-08 06:18:06,2017-09-17 09:56:39.628105,2017-09-16 16:34:06.204500
order_005274,cust_00768,delivered,2017-11-29 02:35:24,2017-12-08 23:24:15.481849,2017-12-04 14:26:47.433575
order_005275,cust_01321,delivered,2017-04-24 17:04:25,2017-05-02 21:03:04.824860,2017-05-03 09:28:05.647253
order_005276,cust_02542,delivered,2017-05-15 11:46:00,2017-05-23 17:34:41.124268,2017-05-28 01:41:34.212381
order_005277,cust_00784,delivered,2018-03-21 01:09:16,2018-03-30 06:35:21.457736,2018-03-27 16:43:28.110547
order_005278,cust_01869,delivered,2017-07-23 04:20:55,2017-08-02 00:39:24.081975,2017-07-30 22:51:35.140672
order_005279,cust_00378,delivered,2017-04-18 13:30:17,2017-04-28 20:26:43.726989,2017-04-24 19:41:24.201942
order_005280,cust_02978,delivered,2018-01-21 04:02:28,2018-01-31 01:49:40.279038,2018-01-28 18:10:26.130735
order_005281,cust_02114,delivered,2018-01-22 09:23:41,2018-01-29 23:43:42.136936,2018-01-27 09:57:46.040972
order_005282,cust_01311,delivered,2018-03-23 02:59:18,2018-04-01 04:58:57.026414,2018-03-29 17:09:39.671441
order_005283,cust_01101,delivered,2018-02-15 19:07:38,2018-02-24 07:22:11.711189,2018-02-21 16:57:29.022796
order_005284,cust_01665,delivered,2018-06-20 15:07:47,2018-06-29 20:34:23.627407,2018-06-27 04:53:27.748882
order_005285,cust_00406,delivered,2017-11-07 18:48:53,2017-11-16 17:52:46.750374,2017-11-16 12:07:43.552105
order_005286,cust_01016,canceled,2017-06-04 01:15:31,2017-06-13 03:45:27.794762,
order_005287,cust_01247,delivered,2018-04-11 09:00:48,2018-04-22 02:03:32.984471,2018-04-18 02:11:41.010208
order_005288,cust_02521,delivered,2017-05-24 06:25:22,2017-06-05 07:33:37.668230,2017-05-30 16:01:08.500908
order_005289,cust_00517,delivered,2017-06-07 14:56:42,2017-06-16 13:54:57.214975,2017-06-21 21:49:25.834854
order_005290,cust_01028,delivered,2018-03-24 19:42:57,2018-04-04 05:13:26.959603,2018-04-02 15:16:58.163215
order_005291,cust_01126,delivered,2018-04-22 05:27:40,2018-05-01 20:09:38.517532,2018-05-02 08:20:32.311376
order_005292,cust_01942,delivered,2017-07-03 18:28:25,2017-07-12 21:26:59.487896,2017-07-10 06:28:12.481724
order_005293,cust_01214,delivered,2018-01-29 13:55:47,2018-02-08 09:53:36.858267,2018-02-13 04:46:47.476340
order_005294,cust_00169,delivered,2018-05-14 19:46:38,2018-05-24 22:02:26.742650,2018-05-20 03:29:32.444031
order_005295,cust_02816,delivered,2018-03-08 01:57:01,2018-03-16 02:40:53.365310,2018-03-13 05:38:06.709212
order_005296,cust_02311,delivered,2017-01-03 23:46:55,2017-01-12 18:36:10.568715,2017-01-10 04:42:51.373107
order_005297,cust_01984,delivered,2017-12-25 10:25:49,2018-01-04 08:34:14.850053,2018-01-02 04:50:20.814538
order_005298,cust_01259,delivered,2017-04-02 06:43:19,2017-04-10 13:30:39.840747,2017-04-10 14:33:24.613254
order_005299,cust_00873,delivered,2018-04-03 04:23:07,2018-04-13 10:06:34.049585,2018-04-12 08:06:37.184366
order_005300,cust_02723,delivered,2017-02-06 23:38:16,2017-02-17 03:16:20.915331,2017-02-18 06:06:22.825580
order_005301,cust_02109,delivered,2018-06-21 21:12:04,2018-07-01 14:16:13.521484,2018-06-27 17:17:22.235826
order_005302,cust_02804,delivered,2017-04-06 03:08:54,2017-04-16 08:10:25.243751,2017-04-13 09:31:52.076025
order_005303,cust_01025,delivered,2017-08-15 10:40:39,2017-08-24 18:01:59.762960,2017-08-22 11:18:46.042224
order_005304,cust_00566,delivered,2017-05-07 17:36:17,2017-05-17 02:16:49.885283,2017-05-15 10:34:29.941898
order_005305,cust_00874,delivered,2018-03-16 14:10:42,2018-03-26 00:47:37.206359,2018-03-23 02:49:34.827826
order_005306,cust_00250,delivered,2017-08-01 04:32:12,2017-08-09 15:05:54.053507,2017-08-08 17:45:28.715653
order_005307,cust_02873,delivered,2018-02-07 08:38:56,2018-02-16 14:11:33.881933,2018-02-16 15:53:23.010488
order_005308,cust_00558,delivered,2017-02-06 08:50:07,2017-02-16 03:58:52.056099,2017-02-12 15:22:19.807172
order_005309,cust_00005,delivered,2017-09-02 06:55:47,2017-09-10 10:35:56.577460,2017-09-09 17:48:13.933167
order_005310,cust_02499,delivered,2018-05-07 23:03:24,2018-05-16 08:02:14.478657,2018-05-12 21:52:27.121078
order_005311,cust_02866,delivered,2018-05-16 04:52:12,2018-05-25 05:33:24.044005,2018-05-22 02:35:38.049523
order_005312,cust_01701,delivered,2017-04-23 16:57:31,2017-05-04 06:04:06.648372,2017-05-03 07:35:15.824332
order_005313,cust_00658,delivered,2017-08-01 21:53:05,2017-08-11 02:06:31.013946,2017-08-08 13:59:31.652417
order_005314,cust_00554,delivered,2017-08-09 19:04:31,2017-08-18 20:19:21.746032,2017-08-17 05:27:02.347028
order_005315,cust_02429,delivered,2017-11-02 19:11:13,2017-11-10 18:45:09.344358,2017-11-08 07:26:27.581929
order_005316,cust_00686,delivered,2017-10-18 03:48:41,2017-10-27 01:00:33.324811,2017-10-23 07:57:31.648457
order_005317,cust_02395,delivered,2017-02-27 03:11:53,2017-03-09 12:37:36.571403,2017-03-07 00:15:24.494856
order_005318,cust_01114,delivered,2018-02-16 18:47:24,2018-02-26 22:06:16.924648,2018-02-26 02:21:26.506189
order_005319,cust_00959,delivered,2017-05-02 17:55:17,2017-05-11 01:02:21.263645,2017-05-09 14:23:13.066832
order_005320,cust_02178,delivered,2017-06-20 17:48:19,2017-07-01 13:21:23.979228,2017-06-25 10:43:56.836063
order_005321,cust_00636,delivered,2018-03-30 10:02:41,2018-04-07 18:06:30.722801,2018-04-10 03:55:38.676466
order_005322,cust_02040,delivered,2018-01-08 12:33:45,2018-01-18 13:38:08.740594,2018-01-15 03:41:21.077891
order_005323,cust_02580,delivered,2017-08-03 00:22:10,2017-08-11 09:03:15.426116,2017-08-11 23:00:49.199999
order_005324,cust_00644,delivered,2018-05-08 06:59:04,2018-05-17 04:50:01.447919,2018-05-17 08:49:28.154953
order_005325,cust_00242,delivered,2017-08-01 12:40:50,2017-08-10 16:14:36.088505,2017-08-06 04:48:02.607439
order_005326,cust_02982,delivered,2017-11-02 03:01:02,2017-11-12 00:13:28.160842,2017-11-07 22:31:37.913154
order_005327,cust_02806,canceled,2017-05-13 03:07:16,2017-05-21 07:02:40.075257,
order_005328,cust_01269,delivered,2017-04-09 01:05:06,2017-04-16 21:03:09.333685,2017-04-20 02:53:23.852939
order_005329,cust_01206,delivered,2017-09-23 05:02:18,2017-10-02 22:32:33.932461,2017-10-01 04:57:46.676871
order_005330,cust_01070,delivered,2017-11-01 23:49:44,2017-11-08 14:26:32.926409,2017-11-09 00:39:26.498675
order_005331,cust_02779,delivered,2018-03-12 16:42:17,2018-03-21 14:29:57.094818,2018-03-19 21:11:27.432090
order_005332,cust_00771,delivered,2017-07-31 22:45:29,2017-08-10 03:45:05.093854,2017-08-07 19:06:43.950673
order_005333,cust_01744,delivered,2018-04-29 06:10:17,2018-05-07 20:58:03.868552,2018-05-05 14:49:56.496649
order_005334,cust_02469,delivered,2017-11-24 14:22:20,2017-11-30 19:29:36.679708,2017-11-30 08:17:42.693611
order_005335,cust_02642,delivered,2017-02-07 21:24:19,2017-02-16 16:14:22.100878,2017-02-21 13:17:10.430897
order_005336,cust_01333,delivered,2018-02-04 08:26:55,2018-02-14 00:46:06.338359,2018-02-12 20:24:17.150292
order_005337,cust_01194,delivered,2017-11-07 15:46:19,2017-11-16 03:56:27.024522,2017-11-15 16:03:14.073503
order_005338,cust_02762,delivered,2017-07-30 16:37:40,2017-08-08 07:27:17.486867,2017-08-07 20:05:10.922978
order_005339,cust_01992,delivered,2017-09-10 19:58:29,2017-09-19 19:20:11.737197,2017-09-19 13:31:29.822176
order_005340,cust_00770,delivered,2017-06-12 23:16:02,2017-06-21 09:57:50.719778,2017-06-20 16:35:23.917317
order_005341,cust_00587,delivered,2017-11-28 14:45:52,2017-12-07 13:39:25.228276,2017-12-04 03:22:33.216339
order_005342,cust_00856,delivered,2017-11-03 13:58:50,2017-11-12 01:43:20.605820,2017-11-09 06:05:28.476028
order_005343,cust_02551,delivered,2017-08-30 20:51:08,2017-09-08 20:56:14.580306,2017-09-08 02:59:29.721006
order_005344,cust_01688,delivered,2017-06-04 16:25:42,2017-06-12 15:11:04.385363,2017-06-12 23:48:53.843615
order_005345,cust_00861,delivered,2017-08-04 08:40:49,2017-08-14 14:47:19.129517,2017-08-08 17:55:53.720766
order_005346,cust_02709,delivered,2017-09-26 15:07:23,2017-10-08 00:01:53.333816,2017-09-30 22:29:53.727118
order_005347,cust_00390,delivered,2017-09-12 13:10:45,2017-09-19 19:47:47.162979,2017-09-19 01:45:48.767311
order_005348,cust_01786,delivered,2017-06-17 05:29:24,2017-06-26 00:35:14.928110,2017-06-27 00:02:34.954133
order_005349,cust_00196,delivered,2017-11-11 12:22:52,2017-11-20 09:06:04.264008,2017-11-20 11:32:31.474237
order_005350,cust_01045,delivered,2017-05-03 14:57:56,2017-05-13 01:50:02.474902,2017-05-08 02:51:20.400450
order_005351,cust_00858,delivered,2017-09-28 21:41:27,2017-10-09 04:22:53.413799,2017-10-11 15:21:20.077269
order_005352,cust_01813,delivered,2017-03-07 13:55:52,2017-03-16 06:13:03.444811,2017-03-13 08:19:57.258515
order_005353,cust_00896,delivered,2017-09-12 03:57:28,2017-09-21 00:45:09.996759,2017-09-25 21:15:44.572114
order_005354,cust_01114,delivered,2018-02-28 23:42:12,2018-03-09 03:31:38.737147,2018-03-06 22:10:47.553904
order_005355,cust_02681,delivered,2018-03-18 13:52:24,2018-03-24 19:55:42.695340,2018-03-26 20:19:29.726530
order_005356,cust_00898,delivered,2018-01-11 06:53:25,2018-01-20 05:47:55.389967,2018-01-17 18:03:06.256734
order_005357,cust_00337,delivered,2018-02-07 18:06:22,2018-02-15 18:30:48.344385,2018-02-17 07:38:49.240795
order_005358,cust_00619,delivered,2017-02-05 09:13:58,2017-02-14 23:29:12.073082,2017-02-15 17:46:15.513203
order_005359,cust_00469,delivered,2017-07-04 08:52:52,2017-07-13 01:03:14.564890,2017-07-10 03:27:24.388440
order_005360,cust_00778,delivered,2017-12-20 20:08:47,2017-12-29 15:15:10.873340,2017-12-29 03:01:38.744985
order_005361,cust_02750,delivered,2018-03-09 20:49:19,2018-03-19 07:20:06.372931,2018-03-16 02:09:33.029651
order_005362,cust_02178,delivered,2017-11-11 12:34:27,2017-11-19 18:53:57.418076,2017-11-19 04:38:52.677580
order_005363,cust_01949,delivered,2018-04-06 08:57:08,2018-04-14 12:11:52.031123,2018-04-13 13:03:48.728681
order_005364,cust_00627,delivered,2017-05-28 20:43:07,2017-06-04 21:52:00.119117,2017-06-08 22:27:17.023646
order_005365,cust_02091,delivered,2017-03-24 04:09:33,2017-04-02 05:35:34.904633,2017-03-30 04:38:23.017197
order_005366,cust_00934,delivered,2017-02-16 17:55:57,2017-02-24 08:58:32.048589,2017-02-23 07:50:33.833050
order_005367,cust_00324,delivered,2017-11-11 14:01:01,2017-11-20 00:59:16.901119,2017-11-18 19:05:47.801325
order_005368,cust_00653,delivered,2017-12-26 20:29:50,2018-01-05 08:30:38.198851,2018-01-03 17:28:47.756448
order_005369,cust_00512,delivered,2017-06-04 10:05:37,2017-06-13 02:25:35.330748,2017-06-13 22:39:19.777100
order_005370,cust_01468,delivered,2018-02-28 19:58:07,2018-03-09 04:15:02.732122,2018-03-08 09:16:50.492213
order_005371,cust_02286,delivered,2018-02-04 00:21:52,2018-02-11 17:35:58.421669,2018-02-12 11:19:46.101872
order_005372,cust_02702,delivered,2017-07-14 18:11:54,2017-07-24 21:03:50.218510,2017-07-29 11:09:12.639752
order_005373,cust_00918,delivered,2017-05-09 01:40:34,2017-05-18 11:28:19.626076,2017-05-17 16:43:20.835986
order_005374,cust_01213,delivered,2018-02-05 15:25:03,2018-02-13 18:37:58.619430,2018-02-13 14:23:10.278591
order_005375,cust_00667,delivered,2017-12-29 04:41:11,2018-01-04 18:19:10.674667,2018-01-06 23:35:06.281464
order_005376,cust_02793,delivered,2017-04-03 23:07:23,2017-04-12 14:00:42.740491,2017-04-13 22:55:02.725851
order_005377,cust_02569,delivered,2017-05-18 18:27:50,2017-05-27 06:16:59.156306,2017-05-28 08:46:16.599992
order_005378,cust_02275,delivered,2017-09-20 02:30:38,2017-09-30 12:31:18.917387,2017-09-26 11:28:21.259065
order_005379,cust_00534,delivered,2017-10-04 21:24:32,2017-10-14 09:21:56.344945,2017-10-08 20:47:13.564683
order_005380,cust_00639,delivered,2017-03-31 06:02:47,2017-04-10 03:16:27.904633,2017-04-05 23:56:51.272546
order_005381,cust_02088,delivered,2018-05-28 13:05:43,2018-06-06 18:04:57.973892,2018-06-04 14:34:29.617798
order_005382,cust_00384,delivered,2017-07-29 02:02:47,2017-08-05 20:56:29.976891,2017-08-04 03:17:20.701255
order_005383,cust_01322,delivered,2017-07-25 02:32:00,2017-08-01 08:40:02.323089,2017-07-31 14:47:35.250083
order_005384,cust_02176,delivered,2017-02-02 05:47:29,2017-02-12 22:10:39.617377,2017-02-10 08:58:03.047812
order_005385,cust_02546,delivered,2018-04-18 12:49:33,2018-04-27 00:05:05.141117,2018-04-25 01:23:39.642355
order_005386,cust_02551,delivered,2017-05-07 13:01:46,2017-05-16 08:27:35.859890,2017-05-16 06:13:16.801700
order_005387,cust_02935,delivered,2018-06-17 20:32:04,2018-06-25 17:52:33.797722,2018-06-24 10:33:31.397474
order_005388,cust_02567,delivered,2017-09-25 03:57:48,2017-10-05 01:34:28.052410,2017-10-04 00:01:57.698882
order_005389,cust_00616,delivered,2018-04-18 17:59:14,2018-04-26 12:28:57.499770,2018-04-25 20:15:23.879986
order_005390,cust_00341,delivered,2017-04-07 00:08:28,2017-04-16 03:07:24.631332,2017-04-17 11:57:45.862392
order_005391,cust_01528,delivered,2017-03-31 06:59:10,2017-04-06 23:47:41.300712,2017-04-08 21:40:43.406003
order_005392,cust_00527,delivered,2018-03-09 04:12:00,2018-03-17 19:03:59.374649,2018-03-12 22:13:43.055726
order_005393,cust_01216,delivered,2018-03-19 02:58:24,2018-03-30 14:22:33.874828,2018-03-27 21:06:20.827383
order_005394,cust_01985,delivered,2017-10-21 14:01:42,2017-10-31 06:53:17.570465,2017-10-29 14:02:00.612419
order_005395,cust_00321,delivered,2017-01-18 21:36:58,2017-01-28 04:50:36.365549,2017-01-26 08:51:54.684762
order_005396,cust_00104,delivered,2018-05-25 16:00:26,2018-06-01 13:59:52.705962,2018-05-31 22:20:39.746589
order_005397,cust_01652,delivered,2017-08-01 20:29:53,2017-08-09 12:11:26.706993,2017-08-07 16:44:58.997328
order_005398,cust_00270,delivered,2018-05-21 14:11:40,2018-05-29 19:36:36.763717,2018-05-25 14:51:35.753679
order_005399,cust_02621,delivered,2018-04-16 01:17:21,2018-04-26 11:20:31.562778,2018-04-23 04:58:24.986898
order_005400,cust_02166,delivered,2018-04-05 08:18:13,2018-04-14 09:37:53.122310,2018-04-08 03:16:45.677126
order_005401,cust_02095,delivered,2018-01-07 19:46:05,2018-01-18 17:46:30.487686,2018-01-16 02:55:07.038011
order_005402,cust_01433,delivered,2017-12-30 01:03:39,2018-01-07 15:17:48.877043,2018-01-06 16:09:46.129694
order_005403,cust_00860,delivered,2017-10-15 02:19:59,2017-10-24 01:35:19.109542,2017-10-23 05:18:40.780979
order_005404,cust_02757,delivered,2017-01-14 20:00:40,2017-01-24 16:37:32.616442,2017-01-22 14:20:59.132830
order_005405,cust_02913,delivered,2017-07-29 01:31:07,2017-08-07 16:46:13.367597,2017-08-08 10:20:13.662636
order_005406,cust_00993,delivered,2018-01-30 23:01:35,2018-02-09 12:13:58.946375,2018-02-06 21:19:17.433791
order_005407,cust_01797,delivered,2018-03-15 18:12:23,2018-03-23 22:41:30.229141,2018-03-22 10:42:37.801684
order_005408,cust_02936,delivered,2017-10-30 15:57:45,2017-11-08 20:53:27.753515,2017-11-24 09:21:10.604204
order_005409,cust_00244,delivered,2018-01-19 12:52:17,2018-01-29 00:56:56.438202,2018-01-26 09:09:26.607493
order_005410,cust_00341,delivered,2017-01-12 02:08:38,2017-01-19 13:04:15.118364,2017-01-20 00:01:40.378147
order_005411,cust_00903,delivered,2017-09-10 09:56:56,2017-09-19 21:14:49.145096,2017-09-20 20:18:42.086600
order_005412,cust_00427,delivered,2017-10-02 19:23:10,2017-10-11 19:24:10.143992,2017-10-08 01:01:09.230923
order_005413,cust_02572,delivered,2018-04-27 21:41:33,2018-05-06 11:28:51.214115,2018-05-04 01:53:35.700633
order_005414,cust_01682,delivered,2017-06-17 10:43:39,2017-06-24 19:50:15.565308,2017-06-24 23:36:04.888888
order_005415,cust_00542,delivered,2017-05-05 20:08:35,2017-05-15 07:26:54.481531,2017-05-13 03:49:13.365364
order_005416,cust_01699,delivered,2017-07-10 18:38:17,2017-07-20 10:28:26.662768,2017-07-16 11:02:09.184866
order_005417,cust_02307,delivered,2017-04-03 01:22:58,2017-04-11 06:07:37.058968,2017-04-12 03:23:02.778613
order_005418,cust_02843,delivered,2017-10-29 14:53:03,2017-11-08 17:15:49.110825,2017-11-12 09:53:28.929774
order_005419,cust_00035,delivered,2017-12-14 14:47:09,2017-12-23 17:03:15.575922,2017-12-23 22:52:36.855269
order_005420,cust_00028,delivered,2018-03-09 13:01:44,2018-03-19 08:47:30.855752,2018-03-16 17:56:20.197840
order_005421,cust_02731,delivered,2018-06-09 18:32:03,2018-06-20 01:21:24.453732,2018-06-19 12:36:51.984061
order_005422,cust_02219,delivered,2017-02-09 21:20:52,2017-02-19 00:27:37.022488,2017-02-14 05:42:59.018400
order_005423,cust_01136,delivered,2017-05-14 13:12:42,2017-05-22 23:10:47.454478,2017-05-22 18:47:42.516466
order_005424,cust_01216,delivered,2017-06-12 07:41:21,2017-06-21 18:12:58.067750,2017-06-25 11:10:42.026820
order_005425,cust_02236,delivered,2017-05-15 23:35:31,2017-05-22 16:58:47.524839,2017-05-22 21:04:40.203486
order_005426,cust_00768,delivered,2018-03-23 23:07:37,2018-04-01 14:10:49.026612,2018-03-29 07:29:33.927853
order_005427,cust_01983,delivered,2017-03-17 16:27:54,2017-03-27 04:44:12.411234,2017-03-29 04:29:27.170537
order_005428,cust_00730,delivered,2017-01-17 15:22:31,2017-01-27 23:57:49.328616,2017-02-03 13:27:19.024971
order_005429,cust_00364,delivered,2018-04-10 02:29:57,2018-04-20 02:58:51.757373,2018-04-18 12:29:01.214651
order_005430,cust_02622,delivered,2018-06-04 09:38:19,2018-06-14 14:17:28.790177,2018-06-13 04:28:21.493775
order_005431,cust_02689,delivered,2017-05-03 04:45:32,2017-05-14 04:53:25.461996,2017-05-08 17:50:51.096808
order_005432,cust_02218,shipped,2017-06-29 12:21:26,2017-07-11 07:12:32.069996,
order_005433,cust_01988,delivered,2017-09-29 19:49:47,2017-10-10 23:31:44.433753,2017-10-09 16:21:54.684745
order_005434,cust_01210,delivered,2017-10-12 05:23:19,2017-10-20 17:57:27.661023,2017-10-18 05:53:14.173454
order_005435,cust_02472,delivered,2018-06-20 23:55:19,2018-07-01 02:15:49.842098,2018-06-30 02:07:25.406771
order_005436,cust_02420,delivered,2017-08-07 03:06:31,2017-08-15 23:20:03.524933,2017-08-13 19:42:47.370606
order_005437,cust_01737,delivered,2017-01-07 02:21:36,2017-01-14 13:36:17.173537,2017-01-15 13:47:16.018546
order_005438,cust_00158,delivered,2017-08-17 23:23:14,2017-08-28 21:08:37.657648,2017-08-26 20:20:35.134390
order_005439,cust_02078,delivered,2017-10-28 02:24:28,2017-11-06 15:31:22.206699,2017-11-04 18:15:40.993377
order_005440,cust_01790,delivered,2017-10-07 17:38:39,2017-10-17 00:54:24.365616,2017-10-17 16:49:57.332046
order_005441,cust_02789,delivered,2017-10-04 18:19:16,2017-10-11 13:27:04.681748,2017-10-11 06:11:15.924771
order_005442,cust_01439,delivered,2018-05-14 07:55:21,2018-05-22 12:07:43.278839,2018-05-22 21:38:23.010845
order_005443,cust_02572,delivered,2018-03-13 01:32:40,2018-03-20 17:23:22.685335,2018-03-23 21:47:20.929128
order_005444,cust_01313,delivered,2017-05-16 07:24:13,2017-05-24 20:29:06.201011,2017-05-21 17:41:34.916549
order_005445,cust_00418,delivered,2017-07-11 01:38:43,2017-07-19 14:20:57.503790,2017-07-15 04:20:48.645175
order_005446,cust_02375,delivered,2017-12-27 16:08:01,2018-01-04 20:09:37.187891,2018-01-05 00:54:02.758627
order_005447,cust_02289,delivered,2017-08-10 21:19:53,2017-08-19 01:55:13.722693,2017-08-17 20:16:23.228773
order_005448,cust_02833,delivered,2017-08-20 23:55:48,2017-08-29 19:03:14.248415,2017-08-28 19:45:49.365835
order_005449,cust_00141,delivered,2017-04-01 19:12:38,2017-04-10 06:57:05.592588,2017-04-13 14:38:26.697736
order_005450,cust_00474,delivered,2017-05-18 18:35:28,2017-05-26 10:57:03.991082,2017-05-27 22:39:38.359712
order_005451,cust_01509,delivered,2018-02-05 21:09:27,2018-02-16 16:11:26.821308,2018-02-11 12:57:26.495358
order_005452,cust_01730,delivered,2018-04-01 18:28:37,2018-04-10 04:05:20.218754,2018-04-12 17:17:35.114766
order_005453,cust_02945,delivered,2018-02-28 15:36:44,2018-03-09 05:15:59.913697,2018-03-05 21:24:21.738225
order_005454,cust_00013,delivered,2017-06-16 23:54:36,2017-06-26 23:43:08.953607,2017-06-20 17:46:34.875669
order_005455,cust_02483,delivered,2017-03-15 07:44:27,2017-03-25 00:22:45.948051,2017-03-21 21:02:57.008713
order_005456,cust_00221,delivered,2017-03-28 09:54:22,2017-04-05 15:36:43.123823,2017-04-05 12:00:07.799398
order_005457,cust_00527,delivered,2017-08-01 21:45:05,2017-08-10 12:01:55.389655,2017-08-09 18:55:46.631388
order_005458,cust_01657,delivered,2017-10-07 07:27:52,2017-10-16 10:16:34.473484,2017-10-18 01:47:55.941641
order_005459,cust_01476,delivered,2018-04-28 07:10:09,2018-05-07 01:06:16.675698,2018-05-07 08:33:12.280282
order_005460,cust_02210,delivered,2018-05-01 03:39:00,2018-05-09 15:07:58.521081,2018-05-08 06:56:52.849735
order_005461,cust_01302,delivered,2017-01-02 06:36:44,2017-01-13 03:28:10.248306,2017-01-07 23:37:43.262546
order_005462,cust_02122,delivered,2018-01-18 14:14:50,2018-01-26 16:23:17.306704,2018-01-24 02:12:21.348257
order_005463,cust_01550,delivered,2017-06-11 21:16:24,2017-06-21 05:49:56.773790,2017-06-20 14:56:48.737724
order_005464,cust_02590,delivered,2017-04-17 03:16:13,2017-04-25 08:46:24.128773,2017-04-23 16:10:05.971072
order_005465,cust_01452,delivered,2017-10-27 16:20:23,2017-11-04 23:53:33.638543,2017-11-03 16:49:03.042120
order_005466,cust_01242,delivered,2017-01-19 18:23:31,2017-01-28 17:51:44.059673,2017-01-26 22:35:49.312913
order_005467,cust_02525,delivered,2017-06-30 21:29:46,2017-07-09 22:53:20.947181,2017-07-08 00:40:17.869173
order_005468,cust_02012,delivered,2017-10-26 18:00:04,2017-11-04 18:22:23.074266,2017-11-04 01:20:51.385657
order_005469,cust_02481,delivered,2017-05-27 03:44:29,2017-06-05 21:44:34.135073,2017-06-05 11:53:58.352970
order_005470,cust_01686,delivered,2017-11-17 11:44:02,2017-11-26 10:12:53.392587,2017-11-24 04:08:34.192452
order_005471,cust_01419,delivered,2017-09-06 22:51:18,2017-09-14 11:09:36.583286,2017-09-11 23:50:15.686327
order_005472,cust_02486,delivered,2018-03-08 21:48:06,2018-03-19 00:07:39.630558,2018-03-17 15:56:20.027962
order_005473,cust_01199,delivered,2017-04-09 14:42:20,2017-04-17 10:43:26.942899,2017-04-17 12:06:58.859541
order_005474,cust_01810,delivered,2017-01-31 23:06:59,2017-02-09 20:28:58.343541,2017-02-08 10:12:08.719353
order_005475,cust_01876,delivered,2017-10-13 16:01:58,2017-10-23 14:12:27.300274,2017-10-20 19:53:27.743907
order_005476,cust_01170,delivered,2017-05-19 01:33:26,2017-05-29 08:59:58.177837,2017-05-29 19:36:27.437670
order_005477,cust_02195,delivered,2018-01-17 21:56:14,2018-01-27 03:59:20.624195,2018-01-22 06:48:02.500602
order_005478,cust_00537,delivered,2017-02-20 04:02:07,2017-03-01 23:44:22.147563,2017-03-02 16:51:07.377219
order_005479,cust_00908,delivered,2017-11-07 09:08:17,2017-11-17 12:22:25.120315,2017-11-12 13:38:39.482019
order_005480,cust_01827,delivered,2018-06-19 05:42:51,2018-06-26 02:52:15.999894,2018-07-01 04:41:54.782873
order_005481,cust_00500,delivered,2017-02-20 17:16:11,2017-03-01 12:41:20.939090,2017-02-28 18:09:00.504767
order_005482,cust_02585,delivered,2017-06-12 00:43:10,2017-06-22 14:21:27.896613,2017-06-19 10:55:37.847638
order_005483,cust_01454,delivered,2018-04-01 15:22:05,2018-04-10 13:16:30.742759,2018-04-09 07:52:25.547342
order_005484,cust_01268,delivered,2017-10-16 20:44:42,2017-10-25 06:51:11.175100,2017-10-25 17:01:40.212014
order_005485,cust_00783,delivered,2017-04-05 18:54:21,2017-04-14 22:57:08.387793,2017-04-10 17:18:31.908258
order_005486,cust_01345,delivered,2017-04-26 07:22:04,2017-05-03 22:27:08.428838,2017-05-03 10:07:43.366216
order_005487,cust_01033,delivered,2018-02-17 21:31:35,2018-02-25 23:41:48.428312,2018-02-26 13:57:11.510003
order_005488,cust_02834,delivered,2018-04-10 08:41:20,2018-04-19 06:04:26.349205,2018-04-21 01:34:26.404818
order_005489,cust_01883,delivered,2017-07-14 16:19:17,2017-07-25 02:52:15.430874,2017-07-22 05:11:02.544420
order_005490,cust_02400,delivered,2017-09-13 12:09:36,2017-09-25 06:34:53.982123,2017-09-21 07:38:15.452286
order_005491,cust_01200,delivered,2018-02-27 01:37:24,2018-03-08 20:57:47.289680,2018-03-06 20:12:39.897112
order_005492,cust_00848,delivered,2017-04-06 00:04:13,2017-04-15 10:38:25.038605,2017-04-14 18:40:39.355765
order_005493,cust_00474,delivered,2017-04-22 04:23:43,2017-04-30 00:54:21.461829,2017-05-05 01:12:28.177524
order_005494,cust_02805,delivered,2018-02-23 22:25:54,2018-03-03 19:37:45.384754,2018-03-03 18:15:57.893692
order_005495,cust_00774,delivered,2017-04-11 22:53:43,2017-04-20 15:29:23.969412,2017-04-20 12:10:24.914430
order_005496,cust_00650,delivered,2018-02-21 09:50:33,2018-03-01 13:18:13.231124,2018-02-25 09:57:58.283747
order_005497,cust_01436,delivered,2017-09-26 23:14:51,2017-10-04 16:51:28.541566,2017-10-04 17:01:48.110937
order_005498,cust_01689,canceled,2018-06-19 01:11:12,2018-06-29 13:29:20.888110,
order_005499,cust_01853,delivered,2017-01-18 23:13:04,2017-01-29 13:32:21.708222,2017-01-27 13:42:42.023211
order_005500,cust_02599,delivered,2018-05-26 05:32:31,2018-06-02 19:31:28.823256,2018-06-04 22:10:54.170364
order_005501,cust_01698,delivered,2017-05-02 00:52:59,2017-05-12 02:43:36.736762,2017-05-07 21:58:49.956294
order_005502,cust_02312,delivered,2017-01-19 18:11:19,2017-01-28 20:58:33.827321,2017-01-23 16:18:16.842155
order_005503,cust_01388,delivered,2018-01-26 09:10:43,2018-02-04 06:22:34.726192,2018-02-02 18:09:43.410855
order_005504,cust_01962,delivered,2017-10-15 07:00:57,2017-10-25 05:51:23.602480,2017-10-24 02:10:49.760472
order_005505,cust_02667,delivered,2018-03-29 18:13:55,2018-04-09 00:18:19.470745,2018-04-03 20:01:50.193699
order_005506,cust_01812,delivered,2017-02-28 07:59:36,2017-03-10 12:45:27.464450,2017-03-11 19:37:33.834305
order_005507,cust_01849,delivered,2017-02-13 18:04:09,2017-02-22 17:02:01.194519,2017-02-21 17:43:41.019876
order_005508,cust_00156,delivered,2017-11-03 04:41:09,2017-11-13 03:40:09.308996,2017-11-10 20:48:23.187572
order_005509,cust_02971,delivered,2018-04-22 02:03:42,2018-04-30 19:03:14.025815,2018-04-30 20:12:14.376978
order_005510,cust_01503,delivered,2017-08-08 07:47:53,2017-08-18 08:23:10.355837,2017-08-17 06:15:19.083901
order_005511,cust_01937,delivered,2018-03-07 14:37:39,2018-03-16 10:27:51.834525,2018-03-21 02:33:21.804605
order_005512,cust_01177,delivered,2018-05-05 05:23:58,2018-05-14 11:19:53.368956,2018-05-14 08:36:22.726197
order_005513,cust_02351,delivered,2018-04-15 03:25:43,2018-04-23 12:44:27.703879,2018-04-24 03:54:20.767327
order_005514,cust_02869,delivered,2017-10-02 17:58:46,2017-10-12 18:15:14.536674,2017-10-11 14:06:07.796611
order_005515,cust_00461,delivered,2018-01-13 11:50:13,2018-01-21 23:46:36.382391,2018-01-22 07:50:28.667736
order_005516,cust_00129,delivered,2017-10-11 10:21:17,2017-10-19 18:46:40.437048,2017-10-17 14:56:06.335697
order_005517,cust_01714,delivered,2017-12-31 05:45:08,2018-01-09 09:23:10.459605,2018-01-10 17:28:34.015350
order_005518,cust_00543,delivered,2017-11-03 00:25:28,2017-11-11 15:18:09.137369,2017-11-07 02:21:52.331073
order_005519,cust_01077,delivered,2017-10-11 01:16:33,2017-10-20 15:46:18.374795,2017-10-16 16:22:36.854340
order_005520,cust_01663,delivered,2017-08-24 16:21:21,2017-09-03 10:57:30.672445,2017-09-03 02:27:24.702676
order_005521,cust_01896,delivered,2017-12-19 01:55:13,2017-12-29 05:45:39.939234,2017-12-24 15:32:17.195012
order_005522,cust_01869,delivered,2018-02-10 05:55:34,2018-02-20 06:49:01.901487,2018-02-17 06:35:13.890269
order_005523,cust_02437,delivered,2018-05-12 21:51:41,2018-05-24 19:12:01.545260,2018-05-21 10:24:07.456843
order_005524,cust_01298,delivered,2017-11-28 08:15:19,2017-12-06 04:45:07.655514,2017-12-02 19:59:33.339239
order_005525,cust_00133,delivered,2017-02-24 17:52:17,2017-03-06 03:44:19.950005,2017-03-04 07:44:05.734888
order_005526,cust_01683,delivered,2017-11-14 08:14:23,2017-11-23 06:50:29.668944,2017-11-25 07:59:49.670420
order_005527,cust_00316,delivered,2017-06-20 22:21:49,2017-06-29 04:13:05.379037,2017-06-26 05:57:48.488950
order_005528,cust_00987,delivered,2017-01-15 19:43:28,2017-01-25 05:24:12.728481,2017-01-25 02:01:09.753894
order_005529,cust_02783,delivered,2017-02-09 11:16:47,2017-02-19 17:28:31.423129,2017-03-02 18:26:22.299942
order_005530,cust_01573,delivered,2017-11-16 16:25:32,2017-11-23 21:53:05.132276,2017-12-05 15:48:38.998045
order_005531,cust_01655,delivered,2018-05-26 09:55:08,2018-06-03 17:47:33.602490,2018-06-03 01:59:29.492732
order_005532,cust_00023,delivered,2017-10-01 22:39:56,2017-10-10 06:01:44.192013,2017-10-10 01:44:07.616927
order_005533,cust_01904,delivered,2017-08-29 08:36:06,2017-09-06 22:28:17.995996,2017-09-06 23:06:33.466469
order_005534,cust_00387,delivered,2017-02-17 20:04:29,2017-02-26 20:18:58.587803,2017-02-23 06:32:25.378634
order_005535,cust_02145,delivered,2017-12-31 14:47:28,2018-01-10 01:05:46.668093,2018-01-16 01:18:04.045506
order_005536,cust_00806,delivered,2017-01-30 15:26:54,2017-02-07 06:34:00.153630,2017-02-04 21:20:00.263073
order_005537,cust_02020,delivered,2018-03-31 08:26:14,2018-04-08 23:17:35.334984,2018-04-08 17:33:15.417465
order_005538,cust_01218,delivered,2018-03-17 19:59:20,2018-03-28 09:06:30.803689,2018-03-24 22:29:32.249330
order_005539,cust_02399,delivered,2018-06-20 17:54:38,2018-06-29 04:51:25.968977,2018-06-27 16:30:25.355343
order_005540,cust_01701,delivered,2017-06-03 19:34:01,2017-06-11 02:00:42.613117,2017-06-14 02:20:21.069224
order_005541,cust_01673,delivered,2017-03-29 19:13:53,2017-04-07 13:17:59.420014,2017-04-04 16:41:25.884739
order_005542,cust_00001,delivered,2017-06-11 03:46:57,2017-06-19 12:02:54.858501,2017-06-17 23:45:53.318598
order_005543,cust_00901,delivered,2018-03-08 21:01:12,2018-03-18 07:11:14.117637,2018-03-18 18:17:55.214191
order_005544,cust_00205,delivered,2017-04-29 20:12:15,2017-05-07 22:54:31.872299,2017-05-09 00:06:16.883322
order_005545,cust_01202,delivered,2018-04-25 05:49:38,2018-05-04 05:38:12.913835,2018-04-30 21:14:41.979817
order_005546,cust_01900,delivered,2017-03-25 23:33:34,2017-04-02 17:15:29.536103,2017-04-04 14:47:30.059205
order_005547,cust_00264,delivered,2017-01-27 12:38:54,2017-02-05 12:43:29.192988,2017-02-06 04:08:42.349250
order_005548,cust_01785,delivered,2017-04-29 07:43:33,2017-05-08 02:07:53.443980,2017-05-14 14:29:05.273703
order_005549,cust_01056,delivered,2018-02-12 05:21:45,2018-02-20 09:37:45.762989,2018-02-19 02:48:13.732348
order_005550,cust_00398,delivered,2017-11-22 08:45:11,2017-11-30 19:14:24.093359,2017-12-02 00:21:18.475068
order_005551,cust_02885,delivered,2017-07-11 00:54:04,2017-07-19 02:11:55.331215,2017-07-18 21:44:42.550924
order_005552,cust_02000,delivered,2017-12-21 16:34:36,2017-12-30 14:42:42.730508,2017-12-30 13:41:48.834878
order_005553,cust_02603,delivered,2017-12-17 16:59:16,2017-12-25 07:34:40.900337,2017-12-26 12:01:15.452387
order_005554,cust_00812,delivered,2017-10-27 16:01:36,2017-11-07 03:31:37.685128,2017-11-03 22:13:06.450207
order_005555,cust_01683,delivered,2017-10-05 13:10:31,2017-10-14 20:26:37.435663,2017-10-14 19:21:16.999620
order_005556,cust_02782,delivered,2017-02-24 08:42:21,2017-03-05 22:27:08.093138,2017-03-03 21:50:07.741980
order_005557,cust_02020,delivered,2017-05-21 17:22:27,2017-05-30 22:31:47.549685,2017-05-31 02:09:19.255343
order_005558,cust_02069,delivered,2017-10-12 20:54:47,2017-10-22 05:50:45.953351,2017-10-19 12:02:07.419026
order_005559,cust_02059,delivered,2017-03-15 02:06:10,2017-03-24 22:50:25.449704,2017-03-24 02:12:06.054752
order_005560,cust_00817,delivered,2017-09-14 09:11:20,2017-09-26 00:31:54.122327,2017-09-21 09:36:24.738383
order_005561,cust_02527,delivered,2017-03-05 23:53:33,2017-03-15 12:19:37.274267,2017-03-14 22:54:55.828180
order_005562,cust_00791,delivered,2018-03-02 20:41:14,2018-03-12 18:51:31.337724,2018-03-06 19:42:11.223401
order_005563,cust_01195,delivered,2017-02-25 23:51:51,2017-03-08 05:56:22.199873,2017-03-10 07:22:48.139420
order_005564,cust_00275,delivered,2017-02-19 04:23:56,2017-02-26 10:04:20.081796,2017-03-06 14:21:35.297448
order_005565,cust_02100,delivered,2017-12-11 11:09:35,2017-12-21 00:55:29.501268,2017-12-22 01:00:26.516265
order_005566,cust_00329,delivered,2017-04-30 03:07:42,2017-05-08 04:10:07.041284,2017-05-08 16:55:17.631121
order_005567,cust_01394,delivered,2017-07-09 20:47:07,2017-07-18 10:34:04.378691,2017-07-19 15:03:39.777958
order_005568,cust_02995,delivered,2017-06-19 12:27:05,2017-06-28 07:41:50.842498,2017-06-25 13:15:45.735973
order_005569,cust_00916,delivered,2017-04-27 05:50:44,2017-05-05 13:04:53.290927,2017-05-03 11:15:18.271064
order_005570,cust_02018,delivered,2018-02-16 02:10:03,2018-02-23 04:02:04.482821,2018-02-22 01:06:06.287809
order_005571,cust_00902,delivered,2018-01-09 17:42:05,2018-01-17 18:35:17.141422,2018-01-15 06:24:52.714565
order_005572,cust_02251,delivered,2017-05-09 19:29:03,2017-05-18 04:20:51.545045,2017-05-16 14:31:43.478986
order_005573,cust_02564,canceled,2018-01-06 21:06:05,2018-01-16 12:38:13.748513,
order_005574,cust_01333,delivered,2018-01-21 23:18:47,2018-01-31 18:05:49.865067,2018-01-30 03:34:50.651872
order_005575,cust_01902,delivered,2017-10-19 19:33:07,2017-10-27 15:05:06.222624,2017-10-28 10:56:57.741999
order_005576,cust_00267,delivered,2017-11-09 18:52:17,2017-11-18 16:52:38.787952,2017-11-17 03:09:51.642090
order_005577,cust_01882,delivered,2018-05-20 19:28:57,2018-05-29 08:06:28.613335,2018-05-28 02:49:27.610545
order_005578,cust_01545,delivered,2017-09-03 23:58:07,2017-09-14 19:11:23.779756,2017-09-10 14:12:59.388967
order_005579,cust_02918,canceled,2017-07-28 11:06:45,2017-08-05 21:34:27.810794,
order_005580,cust_00632,delivered,2017-10-19 18:12:21,2017-10-26 20:11:47.961414,2017-10-24 04:08:13.217537
order_005581,cust_01084,delivered,2018-03-28 19:40:47,2018-04-06 23:39:04.402550,2018-04-03 18:36:23.611752
order_005582,cust_02071,delivered,2018-01-19 02:47:26,2018-01-28 18:27:57.270631,2018-01-23 21:36:36.897973
order_005583,cust_01922,delivered,2017-02-10 16:34:36,2017-02-18 11:40:29.222236,2017-02-18 23:10:45.601568
order_005584,cust_00604,delivered,2017-09-06 08:07:55,2017-09-17 07:31:44.238060,2017-09-13 08:04:25.295751
order_005585,cust_00011,delivered,2018-02-04 03:10:43,2018-02-14 12:09:39.430204,2018-02-16 10:07:03.126631
order_005586,cust_01539,delivered,2017-05-01 04:05:19,2017-05-09 21:54:51.765761,2017-05-08 11:51:19.472565
order_005587,cust_00219,delivered,2018-06-18 02:44:25,2018-06-28 02:06:41.294278,2018-06-25 02:41:52.480367
order_005588,cust_02847,delivered,2018-03-13 21:32:45,2018-03-22 15:10:14.440478,2018-03-20 08:12:39.656184
order_005589,cust_00653,delivered,2018-04-03 18:31:34,2018-04-13 09:33:07.348967,2018-04-09 10:05:16.934091
order_005590,cust_00599,delivered,2017-02-14 02:27:05,2017-02-22 22:53:35.371009,2017-02-22 01:51:46.843678
order_005591,cust_01917,delivered,2017-11-10 15:00:40,2017-11-19 12:28:53.331153,2017-11-17 23:10:31.869866
order_005592,cust_02783,delivered,2017-10-13 15:51:01,2017-10-22 15:19:15.140255,2017-10-21 04:05:09.135331
order_005593,cust_00831,delivered,2017-12-05 12:27:54,2017-12-14 03:07:16.720608,2017-12-13 14:03:36.887773
order_005594,cust_00449,delivered,2018-04-05 14:32:47,2018-04-13 15:33:25.047584,2018-04-12 12:18:41.107274
order_005595,cust_00894,delivered,2017-07-10 21:46:27,2017-07-20 23:37:24.028309,2017-07-20 00:47:30.420242
order_005596,cust_02555,delivered,2017-10-16 12:27:08,2017-10-25 05:01:02.828593,2017-10-24 12:47:25.662658
order_005597,cust_02305,delivered,2018-01-02 15:49:48,2018-01-11 15:33:01.812169,2018-01-08 23:51:25.908937
order_005598,cust_02879,delivered,2018-02-11 13:42:22,2018-02-20 18:52:28.481263,2018-02-17 07:22:20.771107
order_005599,cust_02207,delivered,2018-02-21 09:30:27,2018-03-02 19:53:14.064874,2018-03-01 04:58:11.330650
order_005600,cust_00750,delivered,2017-07-01 21:22:49,2017-07-11 08:45:12.515920,2017-07-13 20:33:59.180128
order_005601,cust_00855,delivered,2018-06-24 09:56:03,2018-07-03 11:08:33.198087,2018-07-04 11:08:13.100784
order_005602,cust_02705,delivered,2017-01-06 19:11:55,2017-01-15 10:52:38.807833,2017-01-12 23:24:36.900058
order_005603,cust_01898,delivered,2017-09-23 14:31:33,2017-10-02 00:18:37.821179,2017-09-30 10:03:01.321882
order_005604,cust_01615,delivered,2017-11-25 16:26:20,2017-12-05 16:11:58.819197,2017-12-03 09:56:30.579369
order_005605,cust_01381,delivered,2017-02-03 18:14:47,2017-02-12 08:46:07.128767,2017-02-09 22:36:46.852285
order_005606,cust_00623,delivered,2017-09-01 17:39:45,2017-09-10 20:02:25.860893,2017-09-07 15:58:41.917761
order_005607,cust_00906,delivered,2017-11-18 13:32:40,2017-11-27 02:28:46.726338,2017-11-26 22:39:18.070668
order_005608,cust_01434,delivered,2017-11-25 14:46:17,2017-12-05 09:23:34.676035,2017-12-03 22:56:27.591413
order_005609,cust_00267,delivered,2017-03-06 12:12:36,2017-03-15 21:12:42.085323,2017-03-13 08:36:51.278943
order_005610,cust_00604,delivered,2017-05-30 08:08:20,2017-06-08 12:37:30.515497,2017-06-04 15:26:25.382047
order_005611,cust_01461,delivered,2017-05-13 17:26:44,2017-05-21 19:57:37.788818,2017-05-21 18:24:13.030917
order_005612,cust_01421,delivered,2017-12-12 21:05:35,2017-12-22 17:34:37.390812,2017-12-19 19:08:52.285855
order_005613,cust_01670,delivered,2017-06-27 16:55:34,2017-07-08 21:13:42.718016,2017-07-08 14:26:37.059854
order_005614,cust_00233,delivered,2017-11-05 18:31:55,2017-11-14 10:51:11.428470,2017-11-15 17:11:34.509147
order_005615,cust_00442,delivered,2018-01-30 19:55:41,2018-02-08 01:20:31.560760,2018-02-05 10:18:21.894288
order_005616,cust_00492,delivered,2018-03-07 08:48:59,2018-03-15 15:18:48.821982,2018-03-13 19:04:33.063083
order_005617,cust_00523,delivered,2017-04-10 01:30:04,2017-04-19 10:07:10.949711,2017-04-15 11:20:17.177010
order_005618,cust_00986,delivered,2018-05-03 08:06:06,2018-05-10 15:17:25.394038,2018-05-10 01:48:11.714747
order_005619,cust_02254,delivered,2017-03-31 18:07:07,2017-04-09 19:59:24.391762,2017-04-06 12:20:15.292676
order_005620,cust_01376,delivered,2017-01-12 19:34:38,2017-01-22 11:34:08.247153,2017-01-22 00:18:22.854580
order_005621,cust_00043,delivered,2017-01-25 12:19:48,2017-02-02 19:05:50.321702,2017-02-01 23:01:48.733604
order_005622,cust_01147,delivered,2017-04-19 18:41:10,2017-04-28 09:19:52.604287,2017-04-26 09:22:00.407088
order_005623,cust_01636,delivered,2018-04-17 01:47:33,2018-04-25 20:31:44.943723,2018-04-21 12:10:43.045962
order_005624,cust_01237,delivered,2017-04-23 15:27:32,2017-05-03 03:14:22.066332,2017-05-04 20:20:04.283968
order_005625,cust_01199,delivered,2018-01-10 16:17:46,2018-01-21 00:28:22.185334,2018-01-17 22:12:24.296067
order_005626,cust_01086,delivered,2017-08-14 12:11:17,2017-08-22 16:20:43.225181,2017-08-23 12:22:23.325134
order_005627,cust_01522,delivered,2017-01-22 17:11:49,2017-02-01 04:56:22.417664,2017-01-31 08:57:54.359300
order_005628,cust_02898,delivered,2017-08-28 11:47:42,2017-09-06 17:01:15.666172,2017-09-05 17:04:44.826166
order_005629,cust_02196,delivered,2017-01-16 12:34:01,2017-01-25 10:41:47.084665,2017-01-22 17:23:22.439339
order_005630,cust_02066,delivered,2017-09-15 14:29:42,2017-09-24 04:46:56.220260,2017-09-22 07:22:39.042845
order_005631,cust_01603,delivered,2017-10-29 19:03:04,2017-11-07 20:41:37.300568,2017-11-07 05:48:06.584575
order_005632,cust_00458,delivered,2017-10-09 05:58:08,2017-10-19 00:17:34.338837,2017-10-21 11:25:17.871519
order_005633,cust_02463,delivered,2017-06-02 07:12:21,2017-06-08 23:24:54.914314,2017-06-08 17:13:54.159702
order_005634,cust_01018,shipped,2018-02-18 10:03:08,2018-02-28 14:06:54.534269,
order_005635,cust_02650,delivered,2017-11-19 04:50:44,2017-11-27 11:45:54.808383,2017-11-25 01:18:50.544832
order_005636,cust_02706,delivered,2017-05-18 08:01:16,2017-05-28 07:34:21.244346,2017-05-23 11:50:05.602302
order_005637,cust_00648,delivered,2017-08-23 08:25:03,2017-08-31 21:24:57.549826,2017-08-28 23:07:02.434498
order_005638,cust_00524,delivered,2017-02-28 07:32:30,2017-03-08 16:37:37.010572,2017-03-08 14:33:22.362150
order_005639,cust_02447,delivered,2018-05-14 09:50:28,2018-05-24 12:37:51.802384,2018-05-22 10:40:21.523624
order_005640,cust_00473,delivered,2018-02-11 12:06:53,2018-02-21 12:14:18.281696,2018-02-19 02:09:46.626387
order_005641,cust_00802,delivered,2017-06-05 16:42:08,2017-06-13 11:21:26.091516,2017-06-14 21:46:59.836406
order_005642,cust_01699,delivered,2017-12-31 07:16:14,2018-01-08 15:33:57.553749,2018-01-07 11:17:25.491900
order_005643,cust_01494,delivered,2018-01-02 20:17:32,2018-01-11 03:58:11.076140,2018-01-08 11:27:52.563644
order_005644,cust_02111,delivered,2017-11-26 11:30:22,2017-12-06 07:41:58.383592,2017-12-04 03:38:04.940871
order_005645,cust_02792,delivered,2017-01-30 17:18:07,2017-02-09 04:12:20.907636,2017-02-11 10:55:39.879623
order_005646,cust_01533,delivered,2018-04-20 02:45:19,2018-04-30 18:31:11.478615,2018-04-26 19:27:41.431927
order_005647,cust_01357,delivered,2018-06-01 04:10:32,2018-06-09 14:14:24.790410,2018-06-08 04:55:29.090092
order_005648,cust_00640,delivered,2018-06-11 10:53:07,2018-06-19 15:45:20.412642,2018-06-18 06:13:12.320892
order_005649,cust_01045,delivered,2018-06-14 08:47:21,2018-06-22 13:04:28.354512,2018-06-22 02:06:15.011228
order_005650,cust_02201,delivered,2018-05-17 11:54:24,2018-05-27 21:30:02.280045,2018-05-23 23:33:16.749659
order_005651,cust_02881,delivered,2018-02-04 03:48:06,2018-02-14 02:05:40.564719,2018-02-11 21:32:46.826525
order_005652,cust_00300,delivered,2017-01-31 11:21:59,2017-02-10 15:22:02.691240,2017-02-06 22:36:16.327305
order_005653,cust_01990,delivered,2017-09-09 16:28:52,2017-09-18 17:43:27.871553,2017-09-18 20:05:45.570862
order_005654,cust_01649,canceled,2017-05-13 17:28:58,2017-05-23 08:32:47.826958,
order_005655,cust_02452,delivered,2017-04-29 05:57:22,2017-05-08 04:52:49.812998,2017-05-08 02:24:35.648926
order_005656,cust_02062,delivered,2018-03-25 08:15:58,2018-04-04 22:55:39.550950,2018-04-02 05:26:07.942643
order_005657,cust_01962,delivered,2018-03-15 12:36:33,2018-03-24 23:21:58.318372,2018-03-19 23:55:43.150148
order_005658,cust_00070,canceled,2017-10-09 12:25:53,2017-10-17 16:13:12.012720,
order_005659,cust_02770,delivered,2018-02-02 19:00:14,2018-02-11 12:25:50.474625,2018-02-09 09:18:34.100274
order_005660,cust_01255,delivered,2017-03-11 09:22:01,2017-03-19 12:06:50.487506,2017-03-25 21:49:05.982800
order_005661,cust_00695,delivered,2017-04-30 16:06:09,2017-05-06 16:55:20.835721,2017-05-08 18:01:13.822960
order_005662,cust_01223,delivered,2018-04-10 21:12:36,2018-04-19 22:40:39.080489,2018-05-04 17:34:55.365194
order_005663,cust_02761,delivered,2017-09-01 07:09:39,2017-09-10 21:06:09.732926,2017-09-07 17:06:21.135756
order_005664,cust_02150,delivered,2017-10-23 19:45:04,2017-11-01 16:32:51.278553,2017-10-30 14:23:25.210771
order_005665,cust_02181,delivered,2017-09-07 07:59:19,2017-09-17 01:13:48.413774,2017-09-13 20:48:25.816718
order_005666,cust_01831,delivered,2017-04-20 08:01:31,2017-04-29 07:35:15.449518,2017-04-30 00:13:47.950004
order_005667,cust_00109,delivered,2018-03-23 15:40:50,2018-04-01 14:38:17.555352,2018-03-31 20:37:38.617769
order_005668,cust_00757,delivered,2018-02-14 14:55:22,2018-02-22 21:22:59.066135,2018-02-20 01:32:47.830166
order_005669,cust_02630,delivered,2018-01-05 13:11:14,2018-01-15 06:17:53.169615,2018-01-10 23:40:16.152416
order_005670,cust_00821,delivered,2017-07-10 05:32:57,2017-07-19 06:46:57.005541,2017-07-16 07:04:56.353845
order_005671,cust_01412,delivered,2017-12-14 02:18:48,2017-12-23 07:10:45.356500,2017-12-23 07:05:42.014277
order_005672,cust_00855,canceled,2018-05-30 21:48:52,2018-06-09 12:34:57.011579,
order_005673,cust_01647,delivered,2017-12-17 20:58:32,2017-12-26 19:33:26.262003,2017-12-27 11:13:05.682159
order_005674,cust_00631,delivered,2017-09-24 21:16:48,2017-10-03 05:05:50.280952,2017-10-04 08:35:11.800668
order_005675,cust_00976,delivered,2017-05-27 12:18:09,2017-06-05 07:37:57.824797,2017-06-07 19:56:00.732471
order_005676,cust_02981,delivered,2017-10-10 21:13:44,2017-10-20 07:15:05.360109,2017-10-19 05:02:31.647100
order_005677,cust_01093,delivered,2017-07-20 11:21:38,2017-07-30 12:21:56.384165,2017-07-29 07:40:56.377387
order_005678,cust_02212,delivered,2017-11-27 01:48:43,2017-12-05 15:32:23.021502,2017-12-05 11:19:57.899352
order_005679,cust_02145,delivered,2017-01-25 04:45:45,2017-02-01 20:54:42.020518,2017-02-02 10:35:40.452022
order_005680,cust_01397,delivered,2017-04-13 06:32:32,2017-04-22 13:16:30.418819,2017-04-20 03:52:44.602807
order_005681,cust_00154,delivered,2018-03-01 09:02:52,2018-03-09 06:44:05.840329,2018-03-09 07:14:11.947909
order_005682,cust_01550,delivered,2017-07-25 22:32:14,2017-08-04 15:11:54.259745,2017-08-02 16:02:22.354324
order_005683,cust_01613,delivered,2017-08-22 07:59:16,2017-09-01 01:09:40.623055,2017-08-30 03:53:28.425553
order_005684,cust_02715,delivered,2017-10-21 14:42:10,2017-10-30 16:13:15.072398,2017-10-29 11:56:45.580550
order_005685,cust_00351,delivered,2017-08-25 06:29:51,2017-09-03 00:22:37.688438,2017-09-01 01:25:13.906296
order_005686,cust_01002,delivered,2018-02-14 15:26:18,2018-02-22 09:42:29.183409,2018-02-23 14:25:50.265304
order_005687,cust_01073,delivered,2017-05-13 13:37:03,2017-05-23 06:42:17.968016,2017-05-23 05:01:10.858007
order_005688,cust_00662,delivered,2018-02-14 03:36:37,2018-02-23 13:09:00.962712,2018-02-21 06:28:11.581018
order_005689,cust_01587,delivered,2017-04-24 11:05:40,2017-05-02 08:16:58.625903,2017-05-01 05:13:40.130811
order_005690,cust_02410,delivered,2017-07-20 02:31:46,2017-07-29 17:21:26.374051,2017-07-24 07:32:20.948933
order_005691,cust_01648,delivered,2017-11-14 21:20:26,2017-11-24 03:05:47.167900,2017-11-17 21:04:46.358887
order_005692,cust_01856,delivered,2018-04-24 16:53:56,2018-05-02 14:38:44.757890,2018-04-29 04:10:52.605417
order_005693,cust_01211,delivered,2017-05-06 22:35:32,2017-05-15 12:02:30.641547,2017-05-15 13:37:36.248207
order_005694,cust_00536,delivered,2017-11-14 21:00:53,2017-11-25 03:44:41.512386,2017-11-23 00:11:01.596613
order_005695,cust_02472,delivered,2017-02-04 05:16:02,2017-02-12 20:03:29.806530,2017-02-22 02:27:55.146330
order_005696,cust_01672,delivered,2017-02-10 16:58:24,2017-02-20 00:29:43.574560,2017-02-17 11:38:43.745547
order_005697,cust_00913,delivered,2018-02-19 02:24:09,2018-02-28 04:47:52.109781,2018-02-26 17:24:05.947334
order_005698,cust_00948,delivered,2018-01-24 23:03:15,2018-02-01 23:30:16.742483,2018-02-03 22:48:47.297865
order_005699,cust_01327,delivered,2017-07-23 18:50:53,2017-07-31 21:59:22.446187,2017-08-02 14:43:51.584575
order_005700,cust_01971,delivered,2017-12-03 16:19:53,2017-12-11 17:34:49.426160,2017-12-10 09:37:25.910821
order_005701,cust_02576,delivered,2017-07-25 23:52:36,2017-08-03 09:31:14.202550,2017-08-05 05:13:01.208196
order_005702,cust_02815,delivered,2017-05-30 20:19:32,2017-06-09 12:20:15.274074,2017-06-09 17:30:15.263019
order_005703,cust_02351,delivered,2017-08-21 20:43:35,2017-08-31 06:33:35.539858,2017-08-31 18:16:19.429334
order_005704,cust_01481,delivered,2017-06-18 02:24:10,2017-06-26 20:11:12.039261,2017-06-25 20:31:12.144880
order_005705,cust_02583,canceled,2018-03-17 00:34:07,2018-03-27 23:20:46.249334,
order_005706,cust_02171,canceled,2017-08-11 23:03:59,2017-08-20 05:03:42.552638,
order_005707,cust_02030,delivered,2017-06-23 06:01:49,2017-06-30 13:26:41.274350,2017-06-29 09:10:47.134767
order_005708,cust_01338,delivered,2017-10-17 10:14:01,2017-10-25 04:53:45.901587,2017-10-25 22:55:18.824634
order_005709,cust_01706,delivered,2018-02-14 01:02:24,2018-02-22 08:38:17.499385,2018-02-23 09:56:15.450717
order_005710,cust_02237,canceled,2017-05-28 14:57:12,2017-06-04 22:36:15.912265,
order_005711,cust_01252,delivered,2018-05-23 19:41:55,2018-06-01 07:11:38.038626,2018-06-01 06:32:44.169039
order_005712,cust_00469,delivered,2017-09-08 20:12:06,2017-09-17 17:21:49.947939,2017-09-14 11:55:06.439938
order_005713,cust_02050,delivered,2017-12-23 13:57:13,2017-12-31 19:19:50.248324,2017-12-31 08:13:46.418338
order_005714,cust_02751,delivered,2018-06-01 15:52:18,2018-06-12 16:06:03.856673,2018-06-09 08:40:44.618902
order_005715,cust_01400,delivered,2017-08-22 12:19:45,2017-08-31 13:22:17.138118,2017-08-27 19:27:59.588697
order_005716,cust_01044,delivered,2017-04-18 10:42:26,2017-04-25 21:59:27.282206,2017-04-23 23:59:48.628962
order_005717,cust_01596,delivered,2018-02-08 13:18:24,2018-02-19 07:51:27.079405,2018-02-14 11:01:46.428642
order_005718,cust_00811,delivered,2017-01-04 22:27:41,2017-01-12 05:31:35.552833,2017-01-10 13:14:39.573667
order_005719,cust_02376,delivered,2017-09-05 06:03:31,2017-09-14 21:43:14.136582,2017-09-14 03:12:56.578193
order_005720,cust_00161,delivered,2018-06-14 11:17:04,2018-06-23 19:52:51.050228,2018-06-27 04:18:19.454277
order_005721,cust_01455,delivered,2017-08-12 14:26:21,2017-08-20 23:29:36.842625,2017-08-22 18:58:08.414773
order_005722,cust_02955,delivered,2018-01-05 13:41:00,2018-01-14 18:51:21.850775,2018-01-12 03:13:53.386026
order_005723,cust_02272,delivered,2017-10-11 00:44:09,2017-10-19 07:51:11.411778,2017-10-17 03:19:23.849926
order_005724,cust_00658,delivered,2017-04-26 06:53:45,2017-05-04 13:31:52.036706,2017-05-06 22:32:08.182853
order_005725,cust_00203,delivered,2017-06-21 15:30:15,2017-06-30 17:03:34.104655,2017-06-29 04:26:16.705243
order_005726,cust_02683,delivered,2017-10-10 16:39:29,2017-10-20 02:16:21.967967,2017-10-18 15:17:58.474611
order_005727,cust_01560,delivered,2017-02-26 17:37:35,2017-03-06 20:32:49.178137,2017-03-10 10:52:45.637007
order_005728,cust_02385,delivered,2017-08-13 23:47:34,2017-08-21 09:04:03.025665,2017-08-21 12:39:49.720285
order_005729,cust_01443,delivered,2017-08-13 16:09:09,2017-08-23 15:48:36.923553,2017-08-23 11:50:06.592355
order_005730,cust_02528,delivered,2018-03-27 13:54:43,2018-04-05 07:18:27.058023,2018-04-02 10:34:21.123174
order_005731,cust_00478,canceled,2017-03-08 07:58:14,2017-03-18 11:07:27.364220,
order_005732,cust_02756,delivered,2018-04-01 08:53:24,2018-04-11 03:36:51.050470,2018-04-08 04:29:57.516702
order_005733,cust_02877,delivered,2017-08-10 19:49:49,2017-08-20 10:21:41.969054,2017-08-20 15:35:41.625668
order_005734,cust_00494,delivered,2017-12-18 11:14:56,2017-12-26 23:21:51.009403,2017-12-25 15:26:13.616943
order_005735,cust_00777,delivered,2017-10-28 17:10:23,2017-11-06 12:17:30.340305,2017-11-05 15:37:52.094497
order_005736,cust_01350,delivered,2017-06-11 02:58:44,2017-06-19 02:56:10.653647,2017-06-20 02:09:59.122953
order_005737,cust_00361,delivered,2018-05-18 03:04:44,2018-05-25 13:51:30.976098,2018-05-24 10:36:55.761454
order_005738,cust_01972,delivered,2017-05-02 05:10:17,2017-05-10 17:41:12.977343,2017-05-12 12:20:55.801082
order_005739,cust_00608,delivered,2017-01-20 04:41:00,2017-01-28 05:42:39.794268,2017-01-26 12:51:24.252969
order_005740,cust_01497,delivered,2018-02-10 14:34:03,2018-02-20 05:34:09.298173,2018-02-18 03:15:34.971321
order_005741,cust_00057,delivered,2017-12-02 15:17:26,2017-12-12 03:00:05.265574,2017-12-09 21:37:32.154177
order_005742,cust_02253,delivered,2018-04-26 13:23:22,2018-05-05 16:15:33.157494,2018-05-05 05:56:05.629976
order_005743,cust_01595,delivered,2017-09-05 06:56:45,2017-09-15 03:00:01.187167,2017-09-12 07:40:11.053209
order_005744,cust_00479,delivered,2017-01-10 13:50:24,2017-01-21 23:26:45.202644,2017-01-22 19:21:02.441379
order_005745,cust_00505,delivered,2017-01-11 02:51:59,2017-01-20 01:02:17.096404,2017-01-16 21:13:14.787258
order_005746,cust_00880,delivered,2017-08-22 11:20:52,2017-08-31 21:24:01.513840,2017-08-31 23:27:09.017511
order_005747,cust_01746,delivered,2017-05-15 03:43:09,2017-05-22 09:34:05.954655,2017-05-19 08:57:29.054034
order_005748,cust_01251,delivered,2018-05-13 01:50:31,2018-05-24 03:18:59.218161,2018-05-24 15:52:57.458374
order_005749,cust_02265,delivered,2017-03-05 03:58:29,2017-03-14 07:25:12.292733,2017-03-13 07:31:15.127591
order_005750,cust_01273,delivered,2018-04-21 02:40:02,2018-05-01 17:56:45.450286,2018-04-28 08:59:58.461908
order_005751,cust_00989,delivered,2017-04-28 11:28:01,2017-05-06 18:13:36.040307,2017-05-05 17:34:20.872415
order_005752,cust_02137,delivered,2017-03-06 13:05:59,2017-03-16 12:49:37.530713,2017-03-15 09:48:09.675767
order_005753,cust_02262,delivered,2017-05-29 14:34:38,2017-06-08 09:02:22.926439,2017-06-10 09:04:45.232627
order_005754,cust_00490,delivered,2017-03-19 10:33:11,2017-03-29 06:09:23.927495,2017-03-25 11:31:41.539340
order_005755,cust_01667,delivered,2017-08-05 04:14:01,2017-08-12 20:39:35.808488,2017-08-14 15:15:58.898616
order_005756,cust_01405,delivered,2017-06-28 00:30:04,2017-07-05 21:20:05.847570,2017-07-06 03:25:26.971122
order_005757,cust_02458,delivered,2017-10-13 17:05:59,2017-10-24 03:33:56.037591,2017-10-21 16:37:48.708423
order_005758,cust_01647,delivered,2017-10-18 23:35:09,2017-10-28 05:39:15.575093,2017-10-25 11:04:29.957931
order_005759,cust_02485,delivered,2017-01-01 06:44:39,2017-01-11 01:48:18.795241,2017-01-12 04:18:55.944752
order_005760,cust_01727,delivered,2017-03-09 04:54:46,2017-03-19 13:22:24.048627,2017-03-19 13:55:02.247200
order_005761,cust_00329,delivered,2017-03-29 07:28:38,2017-04-06 15:47:38.841150,2017-04-04 13:55:19.666244
order_005762,cust_02334,delivered,2017-04-16 05:08:43,2017-04-25 12:08:42.375467,2017-04-28 16:36:10.912416
order_005763,cust_01432,delivered,2017-02-20 05:21:50,2017-02-28 14:20:23.432510,2017-02-26 19:21:18.135559
order_005764,cust_01408,delivered,2017-06-19 11:52:07,2017-06-27 20:40:38.340731,2017-06-23 21:15:29.892960
order_005765,cust_00173,delivered,2017-10-24 18:50:41,2017-11-01 23:26:58.472868,2017-11-02 00:54:19.351324
order_005766,cust_01458,delivered,2017-06-16 17:05:42,2017-06-25 12:16:52.935893,2017-06-25 15:32:06.826133
order_005767,cust_00922,delivered,2017-06-27 23:02:07,2017-07-07 10:09:47.285512,2017-07-05 23:45:08.829411
order_005768,cust_00818,delivered,2017-09-11 08:34:35,2017-09-20 05:27:26.279955,2017-09-21 03:07:10.829946
order_005769,cust_01275,delivered,2017-10-24 11:49:11,2017-11-02 15:05:42.878316,2017-10-28 08:18:48.443786
order_005770,cust_00455,delivered,2017-06-28 09:07:38,2017-07-08 00:09:33.847626,2017-07-05 04:02:56.679753
order_005771,cust_00689,delivered,2017-04-30 01:00:31,2017-05-08 05:04:33.820456,2017-05-13 00:02:37.331175
order_005772,cust_00497,delivered,2017-08-10 09:19:25,2017-08-19 08:35:52.972487,2017-08-18 18:10:31.623580
order_005773,cust_01937,delivered,2017-01-14 06:15:13,2017-01-22 16:39:04.985941,2017-01-23 16:24:14.340880
order_005774,cust_01105,delivered,2017-09-23 11:29:21,2017-10-02 05:42:24.759892,2017-09-30 01:06:59.121215
order_005775,cust_00852,delivered,2018-05-24 03:47:35,2018-06-01 11:22:49.423287,2018-05-31 12:38:34.167894
order_005776,cust_01699,delivered,2017-08-03 17:47:58,2017-08-12 04:02:12.335758,2017-08-09 18:23:38.089000
order_005777,cust_00305,delivered,2017-02-28 20:13:34,2017-03-09 18:24:47.819583,2017-03-14 10:24:24.571520
order_005778,cust_00916,delivered,2018-01-17 23:03:34,2018-01-27 04:50:24.237260,2018-02-07 14:58:49.088102
order_005779,cust_01312,delivered,2017-03-10 02:02:11,2017-03-19 21:04:55.822799,2017-03-15 17:20:53.567814
order_005780,cust_01342,delivered,2017-04-15 02:49:23,2017-04-24 11:02:29.184501,2017-04-24 16:22:01.072107
order_005781,cust_01248,delivered,2017-03-21 23:11:43,2017-04-01 04:22:02.188343,2017-03-28 21:09:47.018040
order_005782,cust_02160,delivered,2018-04-23 20:21:26,2018-05-02 08:12:21.782262,2018-04-27 06:07:22.217311
order_005783,cust_00218,delivered,2018-06-14 14:07:27,2018-06-22 01:10:05.713245,2018-06-21 07:41:45.254249
order_005784,cust_00517,delivered,2017-11-04 07:43:00,2017-11-12 17:53:50.919238,2017-12-08 15:04:21.952332
order_005785,cust_00685,delivered,2017-11-30 12:25:32,2017-12-08 15:08:35.107233,2017-12-07 21:31:39.281521
order_005786,cust_00883,delivered,2017-12-15 12:51:20,2017-12-25 07:20:14.179244,2017-12-22 06:50:40.447856
order_005787,cust_02501,delivered,2017-11-26 20:20:11,2017-12-07 11:39:08.022898,2017-12-04 21:44:19.142595
order_005788,cust_00726,delivered,2017-10-21 12:42:19,2017-10-29 08:23:14.577100,2017-10-30 19:07:02.440323
order_005789,cust_01347,delivered,2018-06-17 00:39:40,2018-06-24 18:58:20.257779,2018-06-27 10:15:28.077455
order_005790,cust_02053,delivered,2018-01-31 16:47:24,2018-02-10 07:20:34.631288,2018-02-07 04:32:47.095331
order_005791,cust_02522,delivered,2017-02-17 18:39:05,2017-02-26 05:50:28.528172,2017-02-19 19:19:08.463031
order_005792,cust_02524,delivered,2017-07-31 07:09:13,2017-08-09 01:14:45.759534,2017-08-06 03:09:57.854378
order_005793,cust_00493,delivered,2018-06-11 02:47:54,2018-06-19 17:18:26.150620,2018-06-19 09:06:09.668863
order_005794,cust_01979,delivered,2017-08-06 03:24:46,2017-08-14 22:19:45.054321,2017-08-18 17:15:59.019912
order_005795,cust_02221,delivered,2017-04-21 20:10:43,2017-05-01 04:42:06.934288,2017-04-28 16:57:34.952840
order_005796,cust_00305,delivered,2018-04-14 10:44:27,2018-04-23 04:19:00.611440,2018-04-25 16:31:11.953268
order_005797,cust_01407,delivered,2017-12-03 12:42:00,2017-12-11 15:10:40.170548,2017-12-11 21:37:40.804570
order_005798,cust_00921,delivered,2017-10-31 23:03:17,2017-11-09 22:52:10.498914,2017-11-12 00:41:18.608868
order_005799,cust_01415,delivered,2017-08-15 01:28:01,2017-08-24 23:20:43.555189,2017-08-21 16:19:33.469199
order_005800,cust_01877,delivered,2017-03-09 04:56:33,2017-03-16 01:47:51.704118,2017-03-12 08:53:40.960382
order_005801,cust_01591,delivered,2017-07-27 19:59:52,2017-08-05 03:37:24.140700,2017-08-09 16:04:31.829861
order_005802,cust_00376,canceled,2017-08-25 12:57:48,2017-09-04 20:13:49.600095,
order_005803,cust_02733,delivered,2018-05-18 00:39:19,2018-05-24 22:06:15.548451,2018-05-27 14:01:48.461882
order_005804,cust_00535,delivered,2017-06-15 16:52:09,2017-06-25 07:56:06.223883,2017-06-24 02:52:14.722716
order_005805,cust_00647,delivered,2017-03-22 03:19:15,2017-04-02 00:02:00.764524,2017-04-03 08:41:36.063701
order_005806,cust_02392,delivered,2017-08-19 18:46:17,2017-08-28 22:53:53.208390,2017-08-30 02:44:34.787121
order_005807,cust_02061,delivered,2018-06-23 19:08:52,2018-07-02 13:49:10.655004,2018-07-04 13:47:19.928658
order_005808,cust_02901,delivered,2017-09-18 19:47:08,2017-09-28 02:26:41.897542,2017-09-24 18:56:25.852967
order_005809,cust_02766,delivered,2017-07-24 11:09:24,2017-08-04 19:01:35.141617,2017-08-01 05:49:17.576555
order_005810,cust_02778,delivered,2017-12-27 06:25:39,2018-01-04 05:14:11.786629,2018-01-03 22:17:38.771618
order_005811,cust_02510,shipped,2017-12-17 21:09:11,2017-12-27 06:33:27.410944,
order_005812,cust_01478,delivered,2017-06-11 13:24:37,2017-06-20 09:10:57.303357,2017-06-19 19:55:46.732957
order_005813,cust_00368,delivered,2018-06-07 15:15:01,2018-06-16 17:45:09.040010,2018-06-13 20:12:09.695610
order_005814,cust_02891,delivered,2017-11-17 03:16:35,2017-11-24 18:38:32.583627,2017-11-24 10:54:10.245398
order_005815,cust_02946,delivered,2017-02-01 14:57:52,2017-02-10 21:52:23.399826,2017-02-05 23:59:35.100248
order_005816,cust_01021,delivered,2017-08-09 13:55:20,2017-08-20 01:25:51.492000,2017-08-18 13:39:33.131017
order_005817,cust_02097,delivered,2018-05-14 07:00:49,2018-05-22 12:16:41.371031,2018-05-21 12:11:42.159761
order_005818,cust_00961,delivered,2017-08-01 18:24:16,2017-08-12 11:01:26.137879,2017-08-07 06:52:22.771822
order_005819,cust_00137,delivered,2017-11-03 03:12:29,2017-11-11 19:59:45.241893,2017-11-10 07:51:19.036476
order_005820,cust_00390,delivered,2017-11-27 17:15:54,2017-12-05 23:47:02.642677,2017-12-08 10:29:33.728354
order_005821,cust_01942,delivered,2018-01-16 23:04:05,2018-01-26 19:43:27.809329,2018-01-24 11:59:44.779366
order_005822,cust_01837,delivered,2018-04-17 13:36:50,2018-04-27 20:34:02.496614,2018-04-26 04:33:24.823757
order_005823,cust_01876,delivered,2017-03-22 02:30:54,2017-03-31 23:49:51.964816,2017-03-28 13:41:18.710937
order_005824,cust_02598,delivered,2017-10-07 13:16:45,2017-10-18 06:34:45.921412,2017-10-17 13:21:20.752328
order_005825,cust_02071,delivered,2017-10-16 12:41:46,2017-10-25 07:57:22.472422,2017-10-22 19:52:42.316479
order_005826,cust_02915,delivered,2017-03-24 13:15:08,2017-04-01 12:35:20.071088,2017-03-30 02:10:30.433451
order_005827,cust_02200,delivered,2017-12-30 06:32:29,2018-01-07 23:20:56.385604,2018-01-07 04:49:15.546240
order_005828,cust_00244,delivered,2017-03-05 15:01:33,2017-03-15 03:28:50.298495,2017-03-12 21:22:06.400255
order_005829,cust_00404,delivered,2017-09-04 06:20:21,2017-09-12 01:28:48.016196,2017-09-11 07:36:32.886270
order_005830,cust_01496,delivered,2017-06-28 13:23:19,2017-07-07 16:26:14.329443,2017-07-05 21:59:58.222320
order_005831,cust_00561,delivered,2017-03-25 14:16:12,2017-04-03 00:30:16.529325,2017-04-04 21:06:29.734018
order_005832,cust_01388,delivered,2018-03-21 15:30:03,2018-03-31 06:23:56.084493,2018-03-29 05:26:51.189222
order_005833,cust_01069,delivered,2017-05-12 19:09:01,2017-05-21 13:49:00.993872,2017-05-18 17:46:53.505100
order_005834,cust_01083,delivered,2017-05-18 21:10:51,2017-05-28 15:32:03.110942,2017-05-26 05:45:54.195950
order_005835,cust_02907,delivered,2018-04-07 18:39:08,2018-04-16 11:42:28.527926,2018-04-18 02:14:45.014101
order_005836,cust_00498,delivered,2018-04-19 19:06:03,2018-04-28 22:28:13.645780,2018-04-24 10:14:33.058494
order_005837,cust_00925,delivered,2017-01-19 20:51:04,2017-01-28 11:26:41.245854,2017-01-27 01:15:00.335298
order_005838,cust_02317,delivered,2017-05-31 05:49:09,2017-06-09 09:36:22.264841,2017-06-07 14:16:24.365859
order_005839,cust_00514,delivered,2018-01-18 07:01:46,2018-01-27 04:14:04.254446,2018-01-26 07:16:10.200548
order_005840,cust_00481,delivered,2018-02-25 12:47:35,2018-03-05 18:12:27.536376,2018-03-04 02:43:44.784471
order_005841,cust_00972,delivered,2018-06-24 11:10:40,2018-07-03 07:53:50.795719,2018-06-30 01:36:57.732484
order_005842,cust_02913,delivered,2017-10-27 16:51:03,2017-11-07 06:50:29.510821,2017-11-04 07:21:03.359578
order_005843,cust_02604,delivered,2017-01-05 00:13:26,2017-01-14 02:29:03.101908,2017-01-12 07:47:44.126489
order_005844,cust_02353,delivered,2018-04-17 03:20:08,2018-04-25 22:51:29.807242,2018-04-19 20:33:42.880158
order_005845,cust_02869,delivered,2017-03-28 17:55:28,2017-04-08 10:24:54.830301,2017-04-08 19:38:36.201076
order_005846,cust_01264,delivered,2017-03-07 19:43:37,2017-03-15 16:25:31.913915,2017-03-19 05:57:24.196129
order_005847,cust_02780,delivered,2017-12-31 07:15:22,2018-01-09 07:19:59.151656,2018-01-09 08:23:26.038464
order_005848,cust_00458,delivered,2017-11-23 07:27:45,2017-12-02 17:37:52.315571,2017-11-28 11:24:49.605871
order_005849,cust_01621,delivered,2017-02-02 13:28:33,2017-02-10 04:26:18.936892,2017-02-09 16:02:29.942981
order_005850,cust_01013,delivered,2017-04-02 11:27:02,2017-04-10 21:51:36.870516,2017-04-11 09:52:43.483682
order_005851,cust_00649,delivered,2017-11-15 04:03:47,2017-11-24 19:06:10.041828,2017-11-24 14:35:07.578767
order_005852,cust_00717,delivered,2017-05-18 12:00:39,2017-05-26 14:58:05.065482,2017-05-26 06:04:27.923095
order_005853,cust_02474,delivered,2018-01-05 19:39:56,2018-01-15 22:20:57.296398,2018-01-13 11:31:22.679525
order_005854,cust_02446,delivered,2017-08-11 17:30:32,2017-08-21 10:26:39.202974,2017-09-01 22:11:22.764239
order_005855,cust_02433,delivered,2017-11-14 19:36:52,2017-11-21 20:02:59.464681,2017-11-20 14:09:46.008387
order_005856,cust_00373,delivered,2017-09-14 15:27:06,2017-09-23 11:46:11.503700,2017-09-23 07:16:18.376804
order_005857,cust_00887,delivered,2017-07-17 21:03:31,2017-07-26 07:01:40.678692,2017-07-28 08:11:53.333663
order_005858,cust_02149,delivered,2017-07-04 05:59:44,2017-07-14 00:34:57.049862,2017-07-11 14:35:13.734216
order_005859,cust_01615,delivered,2018-01-12 01:06:08,2018-01-19 15:25:12.876285,2018-01-21 18:32:27.725219
order_005860,cust_01381,delivered,2017-10-05 02:44:13,2017-10-13 23:04:30.750794,2017-10-13 07:09:58.134778
order_005861,cust_01314,delivered,2017-11-17 23:49:08,2017-11-26 10:17:59.301439,2017-11-23 12:50:28.936363
order_005862,cust_00023,delivered,2017-11-08 15:22:20,2017-11-19 13:20:49.367348,2017-11-15 12:26:44.657125
order_005863,cust_02808,delivered,2017-04-23 05:56:48,2017-05-01 15:34:08.628428,2017-05-03 22:22:21.359494
order_005864,cust_01118,delivered,2018-05-09 20:29:54,2018-05-19 18:22:20.765163,2018-05-18 07:33:59.990316
order_005865,cust_02581,delivered,2017-11-01 07:25:35,2017-11-11 06:25:47.359542,2017-11-11 07:02:21.645877
order_005866,cust_02638,delivered,2018-01-23 14:20:04,2018-01-31 23:38:00.958901,2018-02-02 00:46:50.702755
order_005867,cust_02519,delivered,2018-04-22 05:59:02,2018-04-30 22:07:08.470229,2018-05-01 00:55:14.075519
order_005868,cust_00759,delivered,2018-05-15 02:16:38,2018-05-25 02:43:51.877726,2018-05-23 18:23:05.445530
order_005869,cust_02052,delivered,2017-12-27 06:25:14,2018-01-05 17:16:47.301310,2018-01-01 23:48:05.937574
order_005870,cust_01018,delivered,2018-03-02 05:28:34,2018-03-11 01:16:33.872817,2018-03-08 20:09:02.389163
order_005871,cust_02803,delivered,2017-09-12 13:15:49,2017-09-20 09:46:59.182337,2017-09-22 04:22:42.637510
order_005872,cust_00148,delivered,2018-02-03 00:29:47,2018-02-12 21:02:24.341719,2018-02-11 00:01:36.706195
order_005873,cust_00727,delivered,2017-06-23 05:45:19,2017-07-01 20:48:36.106511,2017-06-29 11:27:52.830739
order_005874,cust_01349,delivered,2018-01-20 13:37:35,2018-01-31 12:11:54.424578,2018-01-30 04:34:22.310236
order_005875,cust_00799,delivered,2017-02-16 09:27:01,2017-02-25 18:36:16.491018,2017-02-22 12:38:50.201057
order_005876,cust_02030,delivered,2018-05-09 15:15:45,2018-05-17 10:11:25.939567,2018-05-17 15:09:05.226835
order_005877,cust_00212,delivered,2017-05-13 15:44:04,2017-05-23 07:28:54.401516,2017-05-21 08:20:42.707845
order_005878,cust_02043,delivered,2017-12-21 23:10:08,2017-12-31 04:38:19.353420,2017-12-30 15:09:36.867031
order_005879,cust_02506,delivered,2017-01-07 20:03:52,2017-01-16 13:48:32.874941,2017-01-19 03:05:27.354980
order_005880,cust_00338,delivered,2017-03-26 05:28:38,2017-04-03 12:17:57.468668,2017-04-05 01:20:21.424643
order_005881,cust_02452,delivered,2018-06-17 16:37:32,2018-06-28 04:10:19.723391,2018-06-26 21:37:32.716426
order_005882,cust_01173,delivered,2018-03-27 15:03:13,2018-04-05 19:16:10.292136,2018-04-03 07:51:16.488646
order_005883,cust_00233,delivered,2017-05-01 14:15:49,2017-05-09 09:25:46.049215,2017-05-06 16:03:00.609975
order_005884,cust_01010,delivered,2017-03-12 19:10:31,2017-03-22 04:50:30.373574,2017-03-20 09:23:08.318463
order_005885,cust_01373,delivered,2018-03-17 03:32:43,2018-03-27 08:39:13.629471,2018-03-26 12:20:37.627822
order_005886,cust_02885,delivered,2018-06-19 09:00:15,2018-06-29 07:09:55.781362,2018-06-25 04:35:51.816332
order_005887,cust_00513,delivered,2017-04-02 19:35:12,2017-04-12 08:02:00.837597,2017-04-12 01:36:23.911650
order_005888,cust_00583,delivered,2017-12-25 21:24:42,2018-01-02 22:56:29.478805,2018-01-01 19:03:06.097177
order_005889,cust_02406,delivered,2017-06-03 00:53:40,2017-06-12 17:05:13.237814,2017-06-10 08:58:49.118096
order_005890,cust_02708,delivered,2018-02-06 11:18:54,2018-02-14 21:52:56.385714,2018-02-10 23:15:46.859959
order_005891,cust_00152,delivered,2017-08-14 06:20:26,2017-08-22 23:56:14.467564,2017-08-22 02:43:19.379980
order_005892,cust_02371,delivered,2017-03-09 04:01:51,2017-03-18 20:47:35.336422,2017-03-17 12:05:40.430192
order_005893,cust_02533,delivered,2017-06-25 01:22:09,2017-07-03 10:31:47.219210,2017-06-29 21:28:50.771828
order_005894,cust_00284,shipped,2017-10-18 12:54:47,2017-10-26 14:06:44.337890,
order_005895,cust_00761,delivered,2018-03-08 16:01:05,2018-03-18 01:27:47.409362,2018-03-16 05:53:25.588239
order_005896,cust_02455,delivered,2017-01-12 12:45:00,2017-01-21 01:36:00.422475,2017-01-18 15:35:03.127253
order_005897,cust_00708,delivered,2018-06-02 08:50:27,2018-06-12 13:49:42.299368,2018-06-12 00:49:10.875464
order_005898,cust_01925,delivered,2017-12-17 18:30:41,2017-12-25 17:47:01.535372,2017-12-25 02:19:44.759792
order_005899,cust_00055,delivered,2018-04-18 15:38:56,2018-04-26 22:19:38.930294,2018-04-26 14:24:24.736129
order_005900,cust_02588,delivered,2018-05-18 21:48:08,2018-05-27 20:51:30.452514,2018-05-25 18:45:51.620460
order_005901,cust_02713,delivered,2017-03-24 08:19:43,2017-03-31 06:37:16.993614,2017-03-30 18:01:05.494827
order_005902,cust_01361,delivered,2017-02-20 05:44:06,2017-03-02 01:23:08.714348,2017-02-25 01:17:47.202805
order_005903,cust_02243,delivered,2018-02-24 10:56:15,2018-03-05 21:24:28.061326,2018-03-06 10:19:16.955356
order_005904,cust_01479,delivered,2017-04-12 12:09:53,2017-04-22 09:32:03.430009,2017-04-17 20:03:04.949859
order_005905,cust_01796,delivered,2017-03-21 10:59:27,2017-04-01 13:05:37.273363,2017-03-27 02:18:37.278615
order_005906,cust_00305,delivered,2017-09-10 19:58:39,2017-09-19 16:53:29.430080,2017-09-19 17:05:07.405342
order_005907,cust_00368,delivered,2018-05-09 01:05:38,2018-05-17 11:25:51.633883,2018-05-17 09:21:24.699091
order_005908,cust_01756,delivered,2018-03-06 12:39:59,2018-03-15 11:48:59.366645,2018-03-11 23:36:58.951993
order_005909,cust_02340,delivered,2017-10-07 10:19:31,2017-10-17 04:20:44.238099,2017-10-15 22:30:57.132132
order_005910,cust_02212,delivered,2017-04-17 05:03:38,2017-04-26 11:09:35.795170,2017-04-26 20:59:54.568900
order_005911,cust_01747,delivered,2017-07-01 15:23:07,2017-07-10 19:47:14.031466,2017-07-11 20:08:43.682377
order_005912,cust_01531,delivered,2018-01-07 19:13:55,2018-01-18 01:29:40.086976,2018-01-17 14:42:31.208409
order_005913,cust_02014,delivered,2017-03-26 13:06:18,2017-04-03 08:51:42.197646,2017-04-04 11:24:31.364534
order_005914,cust_02325,delivered,2017-10-11 02:02:19,2017-10-19 19:12:12.703034,2017-10-19 03:53:51.150151
order_005915,cust_02352,delivered,2017-01-07 01:48:24,2017-01-16 15:35:09.971864,2017-01-17 01:27:33.919597
order_005916,cust_01093,delivered,2017-06-25 10:07:08,2017-07-06 01:31:02.519702,2017-07-05 07:20:40.667503
order_005917,cust_02904,delivered,2017-05-14 16:02:00,2017-05-23 19:54:47.735559,2017-05-22 05:09:53.623988
order_005918,cust_02613,delivered,2018-01-03 07:31:27,2018-01-11 01:08:51.720253,2018-01-08 08:53:29.328813
order_005919,cust_01317,delivered,2018-05-09 07:24:45,2018-05-16 15:37:36.474091,2018-05-18 04:10:41.496704
order_005920,cust_00253,delivered,2017-03-21 20:38:33,2017-03-30 00:00:15.969562,2017-03-31 19:15:52.072925
order_005921,cust_02845,delivered,2018-03-07 00:20:47,2018-03-16 05:01:17.009222,2018-03-16 02:13:42.056583
order_005922,cust_02349,delivered,2017-12-21 01:54:49,2017-12-30 15:32:23.218149,2017-12-28 19:07:42.251736
order_005923,cust_01686,delivered,2018-06-08 03:44:03,2018-06-17 01:16:25.257160,2018-06-15 06:00:00.897556
order_005924,cust_01005,delivered,2018-05-08 23:36:22,2018-05-16 18:09:12.915817,2018-05-19 03:54:05.239684
order_005925,cust_02382,delivered,2017-02-24 11:56:29,2017-03-06 14:09:51.084641,2017-03-03 02:08:49.353261
order_005926,cust_00019,delivered,2018-02-06 03:47:56,2018-02-16 08:00:26.227197,2018-02-15 06:51:16.639447
order_005927,cust_02320,delivered,2017-11-16 07:26:58,2017-11-25 18:18:00.267765,2017-11-23 19:13:18.317736
order_005928,cust_02694,delivered,2017-03-03 23:15:57,2017-03-12 08:35:17.984487,2017-03-11 13:03:07.851082
order_005929,cust_00823,delivered,2017-05-19 16:39:54,2017-05-28 18:48:59.146182,2017-05-24 19:03:39.452683
order_005930,cust_00545,delivered,2018-05-16 05:22:07,2018-05-23 04:38:38.967404,2018-05-29 16:56:02.070978
order_005931,cust_00978,delivered,2017-10-21 05:46:32,2017-10-30 03:55:55.065054,2017-10-30 00:43:26.720892
order_005932,cust_02635,delivered,2017-07-02 01:47:56,2017-07-12 11:59:35.180807,2017-07-12 01:00:21.000685
order_005933,cust_01350,delivered,2017-06-23 18:32:49,2017-07-02 08:52:45.141781,2017-07-02 07:35:27.665427
order_005934,cust_01551,delivered,2018-03-29 03:17:51,2018-04-08 03:51:40.261957,2018-04-05 23:49:11.500933
order_005935,cust_01736,delivered,2017-06-03 06:52:31,2017-06-12 16:08:32.007065,2017-06-11 05:29:10.114004
order_005936,cust_02448,delivered,2017-03-27 08:21:39,2017-04-05 21:11:28.306179,2017-04-03 17:20:04.206513
order_005937,cust_02684,delivered,2017-11-06 14:54:02,2017-11-15 14:30:53.239449,2017-11-15 00:03:50.421944
order_005938,cust_02094,delivered,2018-06-20 14:33:05,2018-06-29 23:10:16.223526,2018-06-27 03:20:22.743824
order_005939,cust_01026,delivered,2017-04-09 19:10:52,2017-04-19 17:13:32.327238,2017-04-18 01:44:54.642929
order_005940,cust_01575,delivered,2017-05-18 07:08:04,2017-05-27 21:05:55.421620,2017-05-26 09:33:09.340198
order_005941,cust_00184,delivered,2017-09-11 09:15:12,2017-09-19 00:02:49.279902,2017-09-17 05:24:39.235500
order_005942,cust_02916,delivered,2017-04-18 09:19:37,2017-04-26 23:21:55.542587,2017-04-25 19:52:25.152885
order_005943,cust_01440,delivered,2017-12-18 01:07:23,2017-12-28 00:51:59.527750,2017-12-24 10:52:10.223457
order_005944,cust_02573,delivered,2017-05-17 17:42:06,2017-05-27 11:33:44.560370,2017-05-25 03:22:43.735352
order_005945,cust_01460,delivered,2017-03-11 12:51:02,2017-03-19 23:56:56.269037,2017-03-18 23:18:50.030135
order_005946,cust_00478,delivered,2017-05-22 11:24:58,2017-05-30 15:01:57.714947,2017-05-29 10:55:35.965537
order_005947,cust_00664,delivered,2018-05-18 23:53:23,2018-05-28 09:19:54.640923,2018-05-29 07:47:56.360503
order_005948,cust_00781,delivered,2018-05-20 04:17:32,2018-05-31 00:05:18.675051,2018-05-26 03:12:38.445127
order_005949,cust_01566,delivered,2017-10-01 23:15:20,2017-10-11 12:15:51.389786,2017-10-11 19:32:35.245670
order_005950,cust_01639,shipped,2017-08-05 16:19:44,2017-08-14 06:40:45.100108,
order_005951,cust_00076,delivered,2018-03-19 05:18:16,2018-03-28 04:38:59.010973,2018-03-24 19:51:36.823056
order_005952,cust_01578,delivered,2017-04-15 16:17:04,2017-04-25 14:18:32.648567,2017-04-29 18:25:51.156300
order_005953,cust_00305,delivered,2017-12-20 18:08:12,2017-12-27 08:27:05.345955,2017-12-28 02:44:10.113147
order_005954,cust_00420,delivered,2018-01-03 08:41:57,2018-01-12 22:13:16.541099,2018-01-15 02:05:54.752988
order_005955,cust_02618,delivered,2018-01-19 08:16:43,2018-01-26 23:12:42.778875,2018-01-24 20:15:27.291641
order_005956,cust_01163,delivered,2017-04-28 20:02:40,2017-05-06 17:36:03.400212,2017-05-04 21:42:54.947565
order_005957,cust_02227,delivered,2018-01-22 03:50:47,2018-01-31 18:06:20.266262,2018-01-28 22:28:50.304536
order_005958,cust_00970,delivered,2017-11-27 00:19:12,2017-12-05 17:35:00.103038,2017-12-03 05:36:43.974786
order_005959,cust_01091,delivered,2018-04-18 15:58:55,2018-04-28 12:32:44.586624,2018-04-26 05:09:00.032497
order_005960,cust_02390,delivered,2017-04-05 21:45:25,2017-04-16 06:56:15.828139,2017-04-16 13:10:16.237755
order_005961,cust_02788,delivered,2017-11-28 12:01:15,2017-12-07 00:50:17.423277,2017-12-07 11:38:20.577719
order_005962,cust_00068,delivered,2018-03-25 03:14:21,2018-04-03 03:48:28.377546,2018-04-02 08:23:10.577205
order_005963,cust_02264,delivered,2017-05-31 12:56:29,2017-06-10 22:19:50.935694,2017-06-12 07:51:58.840278
order_005964,cust_00333,delivered,2018-02-06 06:02:42,2018-02-15 03:41:13.487236,2018-02-14 03:06:08.849274
order_005965,cust_01923,delivered,2017-02-23 19:51:26,2017-03-03 13:44:51.419248,2017-03-04 19:50:26.608090
order_005966,cust_00203,delivered,2018-01-23 14:41:25,2018-02-01 19:31:05.358712,2018-02-03 05:09:40.465373
order_005967,cust_00321,delivered,2017-11-24 08:04:37,2017-12-02 18:00:16.842093,2017-12-02 07:30:15.981468
order_005968,cust_00952,delivered,2017-04-14 14:59:21,2017-04-23 04:38:16.694136,2017-04-25 16:01:22.070459
order_005969,cust_00487,delivered,2017-02-05 16:00:36,2017-02-14 13:33:49.892018,2017-02-16 02:17:30.956376
order_005970,cust_01217,delivered,2018-02-07 16:17:23,2018-02-17 10:22:16.833146,2018-02-15 00:55:18.041950
order_005971,cust_00373,delivered,2017-05-11 08:47:18,2017-05-21 00:18:11.908938,2017-05-18 03:56:49.316278
order_005972,cust_02167,delivered,2017-09-26 13:41:42,2017-10-03 23:23:26.836837,2017-10-02 19:19:21.441210
order_005973,cust_01706,delivered,2017-02-02 01:01:31,2017-02-10 23:06:00.942865,2017-02-09 05:22:47.394964
order_005974,cust_02439,delivered,2018-06-05 09:41:06,2018-06-13 13:54:30.283038,2018-06-13 05:09:33.810487
order_005975,cust_00087,delivered,2017-10-24 09:04:20,2017-10-31 17:55:45.814821,2017-11-02 06:59:14.903838
order_005976,cust_00954,delivered,2018-05-19 12:49:55,2018-05-26 13:32:06.704083,2018-05-23 09:17:07.444442
order_005977,cust_02954,delivered,2017-03-28 22:48:02,2017-04-05 05:25:27.563700,2017-04-05 05:24:11.484526
order_005978,cust_01096,delivered,2017-04-22 22:53:05,2017-05-01 06:34:48.262953,2017-05-01 02:23:22.819858
order_005979,cust_02620,delivered,2017-11-26 11:35:53,2017-12-05 16:47:30.054586,2017-12-05 17:18:49.071687
order_005980,cust_00213,delivered,2017-11-23 15:30:26,2017-12-02 23:18:47.663653,2017-11-29 21:28:20.072054
order_005981,cust_00993,delivered,2018-03-04 02:35:51,2018-03-12 01:42:25.473442,2018-03-13 23:06:14.544685
order_005982,cust_02795,delivered,2018-05-17 11:34:27,2018-05-25 17:37:47.909607,2018-05-22 14:39:58.516848
order_005983,cust_02133,delivered,2018-03-20 16:30:28,2018-03-30 08:43:58.439673,2018-03-26 21:25:05.713355
order_005984,cust_02980,delivered,2017-03-17 16:23:13,2017-03-28 17:26:09.956642,2017-03-27 01:01:04.988779
order_005985,cust_02737,delivered,2017-06-17 23:07:15,2017-06-25 00:09:29.097723,2017-06-24 04:19:57.735099
order_005986,cust_01667,delivered,2018-05-09 11:11:23,2018-05-19 10:22:20.235087,2018-05-16 09:12:56.331765
order_005987,cust_01646,delivered,2017-10-24 21:47:26,2017-11-02 23:16:10.671540,2017-10-30 17:38:41.270034
order_005988,cust_01045,delivered,2018-04-14 23:29:21,2018-04-22 15:04:14.495263,2018-04-20 22:37:30.019217
order_005989,cust_02811,delivered,2017-11-01 13:43:37,2017-11-10 22:16:31.153405,2017-11-13 04:57:51.216472
order_005990,cust_02190,delivered,2017-01-27 02:11:43,2017-02-05 12:01:02.082419,2017-02-02 07:08:12.366013
order_005991,cust_00762,delivered,2017-09-13 09:01:50,2017-09-24 03:33:16.266415,2017-09-18 12:12:07.243859
order_005992,cust_02410,delivered,2018-03-22 18:21:11,2018-04-02 03:35:14.029414,2018-03-31 01:00:53.089671
order_005993,cust_00263,delivered,2017-12-20 13:56:10,2017-12-30 03:49:01.227048,2017-12-27 11:07:50.495400
order_005994,cust_02447,delivered,2017-03-13 22:28:17,2017-03-23 16:48:07.762065,2017-03-19 21:07:50.261936
order_005995,cust_00734,delivered,2017-04-24 19:34:56,2017-05-04 09:22:11.009211,2017-05-01 06:12:24.141708
order_005996,cust_01735,delivered,2018-04-07 01:31:02,2018-04-16 13:29:27.457928,2018-04-13 05:18:29.177819
order_005997,cust_02240,delivered,2018-06-13 20:40:10,2018-06-25 04:03:15.234426,2018-06-20 14:54:00.742777
order_005998,cust_00448,delivered,2018-02-11 08:34:36,2018-02-19 15:58:40.632563,2018-02-16 08:24:53.715658
order_005999,cust_01071,delivered,2017-02-22 19:39:08,2017-03-04 12:59:09.689826,2017-03-01 11:47:18.462559
