order_id,order_item_id,product_id,seller_id,price,freight_value
order_000000,1,prod_0189,seller_020,345.04,35.4
order_000000,1,prod_0391,seller_020,285.75,5.41
order_000001,1,prod_0351,seller_006,391.91,40.73
order_000001,1,prod_0474,seller_006,66.18,40.14
order_000002,1,prod_0211,seller_005,190.55,9.98
order_000003,1,prod_0110,seller_014,178.96,23.13
order_000003,1,prod_0398,seller_014,315.01,44.87
order_000004,1,prod_0215,seller_000,224.84,38.96
order_000004,1,prod_0385,seller_000,25.65,6.53
order_000005,1,prod_0201,seller_009,74.49,21.06
order_000005,1,prod_0414,seller_009,349.96,24.47
order_000006,1,prod_0006,seller_013,85.45,37.43
order_000007,1,prod_0086,seller_004,235.49,8.33
order_000008,1,prod_0033,seller_001,59.85,29.65
order_000008,1,prod_0066,seller_001,389.4,19.98
order_000009,1,prod_0098,seller_024,340.22,38.41
order_000009,1,prod_0361,seller_024,387.2,44.19
order_000010,1,prod_0130,seller_017,381.54,21.46
order_000011,1,prod_0066,seller_002,146.56,7.65
order_000012,1,prod_0320,seller_027,294.17,15.54
order_000013,1,prod_0345,seller_011,75.33,8.84
order_000014,1,prod_0459,seller_007,297.28,37.19
order_000014,1,prod_0144,seller_007,153.01,16.32
order_000015,1,prod_0076,seller_028,231.31,18.64
order_000015,1,prod_0344,seller_028,234.66,40.66
order_000016,1,prod_0197,seller_033,166.0,22.12
order_000016,1,prod_0212,seller_033,178.83,44.62
order_000017,1,prod_0193,seller_021,269.32,12.94
order_000017,1,prod_0405,seller_021,295.29,33.78
order_000018,1,prod_0268,seller_005,32.0,21.62
order_000019,1,prod_0249,seller_019,230.14,12.44
order_000020,1,prod_0260,seller_011,303.74,20.28
order_000020,1,prod_0016,seller_011,245.49,14.91
order_000021,1,prod_0457,seller_011,232.54,10.84
order_000022,1,prod_0216,seller_008,364.55,24.6
order_000023,1,prod_0042,seller_038,232.88,30.6
order_000023,1,prod_0419,seller_038,83.25,6.49
order_000024,1,prod_0119,seller_006,335.8,13.19
order_000024,1,prod_0189,seller_006,180.32,19.28
order_000025,1,prod_0047,seller_011,68.29,7.17
order_000026,1,prod_0018,seller_035,25.81,23.45
order_000027,1,prod_0095,seller_002,37.84,35.79
order_000027,1,prod_0374,seller_002,118.34,20.58
order_000028,1,prod_0185,seller_018,292.08,42.14
order_000029,1,prod_0322,seller_035,122.36,43.61
order_000029,1,prod_0408,seller_035,207.34,25.86
order_000030,1,prod_0174,seller_008,288.13,11.27
order_000031,1,prod_0175,seller_012,203.17,29.01
order_000031,1,prod_0353,seller_012,103.9,20.14
order_000032,1,prod_0130,seller_029,111.18,22.47
order_000032,1,prod_0201,seller_029,383.68,25.37
order_000033,1,prod_0291,seller_018,351.12,41.22
order_000034,1,prod_0363,seller_028,205.52,32.55
order_000035,1,prod_0174,seller_036,377.96,25.32
order_000036,1,prod_0434,seller_013,153.22,22.3
order_000036,1,prod_0117,seller_013,228.06,33.08
order_000037,1,prod_0102,seller_008,128.99,40.03
order_000037,1,prod_0126,seller_008,193.19,33.23
order_000038,1,prod_0137,seller_011,64.43,44.05
order_000038,1,prod_0196,seller_011,67.61,30.04
order_000039,1,prod_0077,seller_008,229.39,37.55
order_000040,1,prod_0055,seller_035,264.9,13.47
order_000040,1,prod_0104,seller_035,21.93,35.34
order_000041,1,prod_0059,seller_021,281.0,18.65
order_000042,1,prod_0057,seller_035,167.07,23.67
order_000043,1,prod_0321,seller_037,210.16,17.57
order_000043,1,prod_0194,seller_037,343.92,28.0
order_000044,1,prod_0124,seller_029,195.43,32.35
order_000045,1,prod_0333,seller_027,302.49,23.88
order_000046,1,prod_0021,seller_003,344.29,14.98
order_000047,1,prod_0495,seller_022,233.85,9.6
order_000047,1,prod_0003,seller_022,319.27,21.95
order_000048,1,prod_0487,seller_001,357.07,15.18
order_000049,1,prod_0162,seller_000,19.71,22.68
order_000050,1,prod_0289,seller_033,352.82,35.92
order_000051,1,prod_0004,seller_007,84.06,35.08
order_000051,1,prod_0074,seller_007,72.56,23.78
order_000052,1,prod_0178,seller_025,99.54,18.7
order_000053,1,prod_0496,seller_001,286.29,7.03
order_000054,1,prod_0136,seller_020,109.97,41.92
order_000054,1,prod_0446,seller_020,214.43,15.35
order_000055,1,prod_0042,seller_002,45.24,11.4
order_000056,1,prod_0226,seller_033,150.8,9.73
order_000057,1,prod_0376,seller_021,284.24,26.3
order_000057,1,prod_0449,seller_021,263.4,29.26
order_000058,1,prod_0473,seller_014,303.49,12.12
order_000058,1,prod_0300,seller_014,199.42,15.29
order_000059,1,prod_0203,seller_022,324.29,44.98
order_000059,1,prod_0217,seller_022,149.4,14.78
order_000060,1,prod_0189,seller_035,296.88,9.22
order_000061,1,prod_0128,seller_006,211.16,9.46
order_000062,1,prod_0291,seller_007,120.24,5.11
order_000063,1,prod_0100,seller_032,284.48,32.09
order_000064,1,prod_0463,seller_024,320.64,20.44
order_000065,1,prod_0049,seller_028,42.72,6.03
order_000066,1,prod_0145,seller_037,160.11,28.99
order_000066,1,prod_0260,seller_037,384.13,36.52
order_000067,1,prod_0359,seller_010,325.39,24.08
order_000068,1,prod_0217,seller_028,277.98,10.49
order_000069,1,prod_0246,seller_013,332.43,13.91
order_000069,1,prod_0296,seller_013,150.83,42.69
order_000070,1,prod_0441,seller_032,190.66,16.18
order_000070,1,prod_0409,seller_032,147.02,9.93
order_000071,1,prod_0170,seller_019,205.25,11.67
order_000072,1,prod_0155,seller_018,257.68,30.07
order_000072,1,prod_0191,seller_018,299.86,38.62
order_000073,1,prod_0064,seller_033,178.22,20.58
order_000074,1,prod_0380,seller_012,321.49,8.93
order_000074,1,prod_0427,seller_012,391.15,5.59
order_000075,1,prod_0381,seller_036,51.52,8.94
order_000076,1,prod_0388,seller_000,365.34,22.53
order_000077,1,prod_0132,seller_033,365.3,32.12
order_000078,1,prod_0195,seller_023,149.17,28.32
order_000079,1,prod_0100,seller_035,293.32,20.23
order_000079,1,prod_0177,seller_035,162.9,29.68
order_000080,1,prod_0120,seller_011,159.3,18.08
order_000080,1,prod_0423,seller_011,290.02,28.27
order_000081,1,prod_0243,seller_005,270.64,24.72
order_000082,1,prod_0212,seller_016,318.41,11.72
order_000082,1,prod_0316,seller_016,145.16,9.23
order_000083,1,prod_0484,seller_011,268.42,42.46
order_000084,1,prod_0309,seller_012,301.71,24.76
order_000084,1,prod_0291,seller_012,114.13,43.95
order_000085,1,prod_0447,seller_024,285.31,44.62
order_000085,1,prod_0047,seller_024,145.61,29.05
order_000086,1,prod_0497,seller_028,157.81,33.37
order_000087,1,prod_0110,seller_018,98.71,41.23
order_000088,1,prod_0021,seller_004,264.7,27.54
order_000088,1,prod_0262,seller_004,233.39,22.52
order_000089,1,prod_0338,seller_027,56.86,7.52
order_000089,1,prod_0438,seller_027,168.14,37.07
order_000090,1,prod_0314,seller_026,254.6,17.87
order_000091,1,prod_0432,seller_039,379.78,19.4
order_000092,1,prod_0372,seller_024,326.25,44.49
order_000093,1,prod_0405,seller_026,149.49,31.14
order_000093,1,prod_0442,seller_026,122.91,28.78
order_000094,1,prod_0170,seller_024,366.17,17.36
order_000095,1,prod_0321,seller_010,287.1,41.22
order_000095,1,prod_0440,seller_010,41.12,15.83
order_000096,1,prod_0386,seller_022,293.56,33.57
order_000096,1,prod_0488,seller_022,357.79,28.82
order_000097,1,prod_0144,seller_028,226.76,19.59
order_000098,1,prod_0465,seller_009,222.07,11.93
order_000099,1,prod_0475,seller_022,231.07,6.09
order_000099,1,prod_0352,seller_022,90.75,36.44
order_000100,1,prod_0158,seller_032,257.24,28.91
order_000100,1,prod_0400,seller_032,16.99,7.31
order_000101,1,prod_0367,seller_002,165.68,39.55
order_000101,1,prod_0259,seller_002,301.11,41.06
order_000102,1,prod_0026,seller_029,15.5,26.13
order_000103,1,prod_0263,seller_021,25.37,27.13
order_000104,1,prod_0306,seller_001,361.38,5.04
order_000104,1,prod_0301,seller_001,95.82,9.96
order_000105,1,prod_0463,seller_009,269.17,12.9
order_000106,1,prod_0208,seller_016,127.3,44.19
order_000107,1,prod_0428,seller_020,69.04,28.36
order_000108,1,prod_0441,seller_012,379.74,22.08
order_000108,1,prod_0359,seller_012,287.5,31.61
order_000109,1,prod_0199,seller_031,383.02,37.36
order_000109,1,prod_0057,seller_031,337.97,36.8
order_000110,1,prod_0489,seller_035,199.74,27.95
order_000111,1,prod_0167,seller_013,105.45,5.41
order_000112,1,prod_0477,seller_033,233.75,18.5
order_000113,1,prod_0403,seller_025,360.11,20.31
order_000113,1,prod_0221,seller_025,103.51,31.07
order_000114,1,prod_0498,seller_027,137.09,23.35
order_000114,1,prod_0421,seller_027,132.27,23.02
order_000115,1,prod_0067,seller_034,104.6,33.46
order_000115,1,prod_0401,seller_034,177.48,33.52
order_000116,1,prod_0381,seller_006,295.4,29.04
order_000117,1,prod_0188,seller_008,382.49,12.72
order_000117,1,prod_0427,seller_008,78.7,28.45
order_000118,1,prod_0329,seller_014,220.8,5.87
order_000118,1,prod_0098,seller_014,208.94,26.81
order_000119,1,prod_0490,seller_006,140.16,15.35
order_000119,1,prod_0461,seller_006,183.02,32.6
order_000120,1,prod_0281,seller_014,217.75,15.83
order_000121,1,prod_0441,seller_026,286.35,32.7
order_000122,1,prod_0023,seller_003,81.86,29.93
order_000122,1,prod_0020,seller_003,212.99,36.48
order_000123,1,prod_0463,seller_037,90.33,13.55
order_000123,1,prod_0137,seller_037,91.28,25.95
order_000124,1,prod_0391,seller_031,131.65,13.88
order_000125,1,prod_0312,seller_039,200.59,38.86
order_000125,1,prod_0476,seller_039,126.61,33.14
order_000126,1,prod_0393,seller_022,246.37,26.39
order_000126,1,prod_0255,seller_022,343.56,29.43
order_000127,1,prod_0025,seller_020,355.34,38.07
order_000128,1,prod_0182,seller_037,152.75,39.4
order_000128,1,prod_0456,seller_037,368.57,5.84
order_000129,1,prod_0238,seller_035,291.68,8.43
order_000129,1,prod_0369,seller_035,75.93,10.31
order_000130,1,prod_0093,seller_005,117.83,38.16
order_000131,1,prod_0453,seller_014,262.59,23.25
order_000131,1,prod_0375,seller_014,353.43,24.09
order_000132,1,prod_0197,seller_026,163.93,16.2
order_000133,1,prod_0011,seller_004,140.9,6.9
order_000133,1,prod_0229,seller_004,29.19,20.72
order_000134,1,prod_0317,seller_038,96.44,40.43
order_000135,1,prod_0244,seller_017,65.88,41.08
order_000135,1,prod_0064,seller_017,124.75,40.12
order_000136,1,prod_0132,seller_021,65.08,6.47
order_000136,1,prod_0312,seller_021,381.88,28.02
order_000137,1,prod_0327,seller_006,199.44,35.8
order_000138,1,prod_0219,seller_028,371.3,16.93
order_000138,1,prod_0456,seller_028,338.53,26.45
order_000139,1,prod_0271,seller_002,160.89,42.8
order_000140,1,prod_0017,seller_014,101.33,15.43
order_000141,1,prod_0324,seller_008,399.95,35.77
order_000142,1,prod_0006,seller_012,384.37,28.02
order_000142,1,prod_0453,seller_012,96.42,35.6
order_000143,1,prod_0103,seller_023,352.89,23.46
order_000144,1,prod_0244,seller_008,397.17,11.46
order_000144,1,prod_0093,seller_008,245.76,42.16
order_000145,1,prod_0044,seller_037,152.73,13.95
order_000145,1,prod_0211,seller_037,353.82,37.76
order_000146,1,prod_0184,seller_036,196.98,24.57
order_000147,1,prod_0251,seller_021,325.7,9.54
order_000147,1,prod_0365,seller_021,266.45,24.28
order_000148,1,prod_0090,seller_006,315.8,28.92
order_000149,1,prod_0020,seller_013,120.71,21.98
order_000149,1,prod_0240,seller_013,364.71,25.12
order_000150,1,prod_0422,seller_010,76.88,5.87
order_000151,1,prod_0330,seller_000,24.26,25.06
order_000151,1,prod_0284,seller_000,87.47,22.75
order_000152,1,prod_0291,seller_029,247.23,26.81
order_000153,1,prod_0455,seller_012,22.58,7.37
order_000153,1,prod_0181,seller_012,150.44,23.48
order_000154,1,prod_0450,seller_037,57.7,8.49
order_000155,1,prod_0411,seller_006,64.77,15.72
order_000156,1,prod_0235,seller_018,36.04,9.49
order_000157,1,prod_0341,seller_021,369.02,16.97
order_000157,1,prod_0273,seller_021,343.88,40.74
order_000158,1,prod_0441,seller_012,29.1,30.36
order_000158,1,prod_0066,seller_012,391.02,31.01
order_000159,1,prod_0451,seller_036,25.8,5.73
order_000159,1,prod_0408,seller_036,114.54,38.88
order_000160,1,prod_0498,seller_014,252.92,22.58
order_000160,1,prod_0019,seller_014,363.71,37.85
order_000161,1,prod_0202,seller_014,246.0,44.93
order_000161,1,prod_0051,seller_014,212.36,27.95
order_000162,1,prod_0448,seller_039,310.82,34.69
order_000162,1,prod_0049,seller_039,174.88,21.13
order_000163,1,prod_0159,seller_026,300.63,9.26
order_000163,1,prod_0338,seller_026,175.67,7.21
order_000164,1,prod_0350,seller_005,356.47,28.08
order_000164,1,prod_0180,seller_005,15.99,24.88
order_000165,1,prod_0163,seller_004,286.34,32.77
order_000166,1,prod_0210,seller_003,30.63,13.57
order_000167,1,prod_0211,seller_021,396.72,31.16
order_000167,1,prod_0347,seller_021,70.96,23.03
order_000168,1,prod_0086,seller_037,375.11,21.06
order_000169,1,prod_0191,seller_013,272.87,23.07
order_000169,1,prod_0498,seller_013,342.53,5.95
order_000170,1,prod_0041,seller_027,172.22,13.99
order_000171,1,prod_0288,seller_016,76.62,26.13
order_000172,1,prod_0287,seller_039,271.46,22.39
order_000173,1,prod_0269,seller_014,334.89,35.76
order_000174,1,prod_0475,seller_018,60.38,15.64
order_000174,1,prod_0196,seller_018,246.01,11.08
order_000175,1,prod_0276,seller_031,184.54,8.67
order_000176,1,prod_0393,seller_029,239.37,26.66
order_000177,1,prod_0294,seller_034,178.43,41.36
order_000177,1,prod_0424,seller_034,61.37,6.12
order_000178,1,prod_0238,seller_011,16.49,34.1
order_000179,1,prod_0044,seller_025,381.76,32.36
order_000179,1,prod_0439,seller_025,92.19,39.95
order_000180,1,prod_0111,seller_017,160.89,43.61
order_000180,1,prod_0227,seller_017,340.95,26.62
order_000181,1,prod_0317,seller_027,298.1,14.73
order_000181,1,prod_0444,seller_027,161.13,15.85
order_000182,1,prod_0343,seller_035,315.7,18.58
order_000182,1,prod_0146,seller_035,26.79,10.32
order_000183,1,prod_0277,seller_037,268.84,43.91
order_000184,1,prod_0304,seller_027,319.26,10.86
order_000184,1,prod_0103,seller_027,324.68,12.43
order_000185,1,prod_0127,seller_006,291.72,34.65
order_000186,1,prod_0053,seller_010,121.52,25.29
order_000186,1,prod_0459,seller_010,97.77,33.13
order_000187,1,prod_0396,seller_011,90.8,14.69
order_000187,1,prod_0370,seller_011,300.36,29.51
order_000188,1,prod_0008,seller_033,85.94,28.55
order_000189,1,prod_0477,seller_027,264.56,36.09
order_000189,1,prod_0061,seller_027,388.65,42.94
order_000190,1,prod_0396,seller_005,99.45,33.25
order_000191,1,prod_0191,seller_011,267.51,28.36
order_000191,1,prod_0091,seller_011,383.99,17.2
order_000192,1,prod_0309,seller_002,334.12,25.36
order_000193,1,prod_0391,seller_006,355.67,7.04
order_000193,1,prod_0490,seller_006,372.96,22.13
order_000194,1,prod_0142,seller_022,184.55,5.19
order_000195,1,prod_0311,seller_007,132.68,13.59
order_000196,1,prod_0104,seller_030,244.95,15.04
order_000196,1,prod_0256,seller_030,374.1,21.56
order_000197,1,prod_0300,seller_035,275.98,19.4
order_000198,1,prod_0345,seller_033,288.41,11.43
order_000199,1,prod_0104,seller_005,217.11,5.56
order_000199,1,prod_0075,seller_005,315.27,40.98
order_000200,1,prod_0226,seller_032,389.54,35.73
order_000200,1,prod_0463,seller_032,92.77,42.8
order_000201,1,prod_0166,seller_026,36.37,18.56
order_000202,1,prod_0448,seller_034,122.05,6.04
order_000203,1,prod_0155,seller_032,292.09,32.08
order_000203,1,prod_0482,seller_032,154.15,5.09
order_000204,1,prod_0289,seller_023,379.75,21.53
order_000205,1,prod_0295,seller_010,242.59,19.59
order_000205,1,prod_0071,seller_010,137.94,5.04
order_000206,1,prod_0085,seller_022,173.09,38.61
order_000206,1,prod_0441,seller_022,373.49,13.37
order_000207,1,prod_0375,seller_018,364.92,33.12
order_000208,1,prod_0048,seller_030,104.72,26.76
order_000208,1,prod_0323,seller_030,306.04,42.57
order_000209,1,prod_0099,seller_014,102.43,22.97
order_000210,1,prod_0105,seller_021,251.88,8.08
order_000210,1,prod_0324,seller_021,63.48,37.75
order_000211,1,prod_0032,seller_023,116.85,44.61
order_000211,1,prod_0220,seller_023,345.7,8.1
order_000212,1,prod_0362,seller_001,284.18,6.05
order_000213,1,prod_0453,seller_030,295.19,10.07
order_000214,1,prod_0188,seller_037,237.82,33.42
order_000215,1,prod_0487,seller_035,265.15,41.11
order_000215,1,prod_0220,seller_035,323.11,37.97
order_000216,1,prod_0082,seller_032,114.83,16.34
order_000217,1,prod_0413,seller_011,50.7,25.51
order_000218,1,prod_0316,seller_008,107.86,18.79
order_000218,1,prod_0107,seller_008,165.73,27.12
order_000219,1,prod_0449,seller_007,166.25,43.59
order_000219,1,prod_0101,seller_007,280.65,28.69
order_000220,1,prod_0140,seller_007,113.05,35.21
order_000220,1,prod_0195,seller_007,211.18,6.36
order_000221,1,prod_0094,seller_021,342.27,9.56
order_000221,1,prod_0334,seller_021,370.97,41.16
order_000222,1,prod_0423,seller_005,243.35,17.01
order_000222,1,prod_0129,seller_005,157.69,20.91
order_000223,1,prod_0416,seller_026,106.28,7.52
order_000223,1,prod_0303,seller_026,342.99,27.96
order_000224,1,prod_0101,seller_004,67.96,32.92
order_000224,1,prod_0133,seller_004,77.7,42.97
order_000225,1,prod_0003,seller_017,371.28,25.8
order_000225,1,prod_0055,seller_017,272.34,19.92
order_000226,1,prod_0241,seller_035,43.15,20.65
order_000227,1,prod_0343,seller_006,92.19,35.67
order_000228,1,prod_0209,seller_024,271.38,43.58
order_000228,1,prod_0469,seller_024,374.63,12.78
order_000229,1,prod_0447,seller_026,158.02,21.9
order_000229,1,prod_0133,seller_026,302.8,42.03
order_000230,1,prod_0317,seller_031,169.42,41.6
order_000231,1,prod_0207,seller_006,274.35,16.11
order_000231,1,prod_0468,seller_006,147.63,33.19
order_000232,1,prod_0333,seller_000,157.73,43.81
order_000233,1,prod_0179,seller_033,350.08,17.23
order_000233,1,prod_0459,seller_033,180.01,6.46
order_000234,1,prod_0327,seller_001,198.13,12.67
order_000234,1,prod_0400,seller_001,261.34,8.21
order_000235,1,prod_0203,seller_028,78.03,27.66
order_000236,1,prod_0070,seller_029,23.92,7.03
order_000236,1,prod_0353,seller_029,354.82,37.3
order_000237,1,prod_0447,seller_036,76.86,11.87
order_000238,1,prod_0153,seller_028,143.72,9.68
order_000239,1,prod_0288,seller_030,293.42,38.46
order_000239,1,prod_0212,seller_030,177.84,24.87
order_000240,1,prod_0486,seller_016,239.35,22.18
order_000241,1,prod_0001,seller_023,225.72,35.27
order_000242,1,prod_0417,seller_021,373.98,38.01
order_000242,1,prod_0148,seller_021,289.34,40.21
order_000243,1,prod_0044,seller_007,333.67,42.73
order_000244,1,prod_0326,seller_037,146.93,27.06
order_000244,1,prod_0483,seller_037,319.16,14.36
order_000245,1,prod_0325,seller_022,176.88,36.94
order_000245,1,prod_0392,seller_022,375.95,11.89
order_000246,1,prod_0063,seller_028,276.82,9.42
order_000247,1,prod_0098,seller_017,45.39,43.09
order_000247,1,prod_0149,seller_017,267.45,27.06
order_000248,1,prod_0251,seller_035,165.04,25.13
order_000248,1,prod_0343,seller_035,153.92,22.92
order_000249,1,prod_0396,seller_020,187.98,16.21
order_000249,1,prod_0403,seller_020,22.4,11.97
order_000250,1,prod_0031,seller_032,322.71,33.35
order_000250,1,prod_0170,seller_032,373.71,21.17
order_000251,1,prod_0278,seller_008,17.35,5.73
order_000252,1,prod_0300,seller_034,379.33,39.41
order_000252,1,prod_0120,seller_034,125.9,26.15
order_000253,1,prod_0499,seller_031,55.68,29.7
order_000254,1,prod_0410,seller_022,282.52,34.95
order_000255,1,prod_0317,seller_029,57.88,42.96
order_000255,1,prod_0115,seller_029,58.19,15.28
order_000256,1,prod_0453,seller_002,301.28,31.47
order_000256,1,prod_0275,seller_002,249.3,30.99
order_000257,1,prod_0235,seller_010,351.71,17.19
order_000257,1,prod_0149,seller_010,108.88,39.68
order_000258,1,prod_0098,seller_006,256.74,42.75
order_000258,1,prod_0397,seller_006,323.97,21.01
order_000259,1,prod_0227,seller_017,154.22,26.38
order_000260,1,prod_0243,seller_023,260.4,25.98
order_000260,1,prod_0291,seller_023,350.53,23.26
order_000261,1,prod_0268,seller_001,34.48,16.96
order_000261,1,prod_0179,seller_001,269.94,21.76
order_000262,1,prod_0321,seller_039,41.88,9.6
order_000262,1,prod_0477,seller_039,234.88,32.44
order_000263,1,prod_0339,seller_025,147.09,6.97
order_000263,1,prod_0427,seller_025,363.65,21.45
order_000264,1,prod_0053,seller_012,199.32,15.41
order_000265,1,prod_0102,seller_029,161.06,32.39
order_000266,1,prod_0489,seller_012,61.07,18.75
order_000266,1,prod_0150,seller_012,86.91,24.64
order_000267,1,prod_0461,seller_008,44.22,31.26
order_000268,1,prod_0303,seller_016,85.18,10.09
order_000269,1,prod_0067,seller_039,249.17,36.08
order_000270,1,prod_0044,seller_012,209.81,18.07
order_000271,1,prod_0179,seller_033,78.64,9.52
order_000272,1,prod_0291,seller_016,29.96,6.42
order_000273,1,prod_0001,seller_005,25.3,12.8
order_000274,1,prod_0146,seller_023,210.1,42.01
order_000274,1,prod_0375,seller_023,396.24,19.37
order_000275,1,prod_0479,seller_004,120.5,26.5
order_000276,1,prod_0085,seller_030,293.92,27.69
order_000276,1,prod_0365,seller_030,282.22,39.26
order_000277,1,prod_0414,seller_016,67.86,14.52
order_000278,1,prod_0406,seller_008,271.23,20.94
order_000279,1,prod_0051,seller_010,387.87,32.17
order_000279,1,prod_0246,seller_010,275.17,12.18
order_000280,1,prod_0078,seller_030,383.94,15.09
order_000281,1,prod_0401,seller_019,344.2,18.23
order_000281,1,prod_0442,seller_019,301.57,27.38
order_000282,1,prod_0475,seller_015,64.21,13.5
order_000283,1,prod_0440,seller_011,331.86,44.69
order_000283,1,prod_0172,seller_011,385.6,42.95
order_000284,1,prod_0192,seller_023,169.02,30.6
order_000285,1,prod_0362,seller_030,39.71,27.22
order_000286,1,prod_0365,seller_038,82.06,32.78
order_000287,1,prod_0111,seller_000,321.97,44.06
order_000287,1,prod_0295,seller_000,165.52,11.0
order_000288,1,prod_0482,seller_010,94.65,13.56
order_000288,1,prod_0126,seller_010,164.16,39.13
order_000289,1,prod_0248,seller_016,226.54,39.99
order_000290,1,prod_0345,seller_025,81.22,24.63
order_000291,1,prod_0353,seller_005,245.43,36.08
order_000292,1,prod_0059,seller_001,106.97,17.11
order_000292,1,prod_0477,seller_001,82.39,12.55
order_000293,1,prod_0203,seller_012,328.21,22.72
order_000293,1,prod_0351,seller_012,156.89,25.03
order_000294,1,prod_0109,seller_009,349.0,34.89
order_000294,1,prod_0237,seller_009,302.68,5.28
order_000295,1,prod_0189,seller_016,149.98,29.42
order_000295,1,prod_0417,seller_016,69.42,43.46
order_000296,1,prod_0466,seller_011,68.26,9.69
order_000297,1,prod_0193,seller_012,75.79,16.81
order_000297,1,prod_0224,seller_012,207.94,18.19
order_000298,1,prod_0318,seller_007,108.85,20.01
order_000299,1,prod_0159,seller_024,366.48,26.37
order_000300,1,prod_0041,seller_019,368.76,33.67
order_000301,1,prod_0374,seller_001,123.18,44.07
order_000301,1,prod_0035,seller_001,163.83,40.28
order_000302,1,prod_0232,seller_001,389.6,30.69
order_000303,1,prod_0059,seller_029,225.91,32.84
order_000303,1,prod_0328,seller_029,187.77,32.37
order_000304,1,prod_0355,seller_001,329.23,17.13
order_000304,1,prod_0130,seller_001,364.82,24.42
order_000305,1,prod_0039,seller_039,144.54,41.7
order_000305,1,prod_0230,seller_039,356.69,23.5
order_000306,1,prod_0055,seller_015,68.63,19.59
order_000306,1,prod_0352,seller_015,133.42,7.62
order_000307,1,prod_0290,seller_024,369.06,36.47
order_000308,1,prod_0460,seller_011,367.93,24.13
order_000308,1,prod_0428,seller_011,318.29,12.8
order_000309,1,prod_0034,seller_014,270.62,32.07
order_000310,1,prod_0167,seller_012,194.68,19.42
order_000310,1,prod_0426,seller_012,94.83,5.98
order_000311,1,prod_0331,seller_004,223.48,10.26
order_000311,1,prod_0475,seller_004,100.67,29.0
order_000312,1,prod_0260,seller_008,199.94,33.67
order_000312,1,prod_0286,seller_008,295.69,13.06
order_000313,1,prod_0248,seller_029,197.69,22.35
order_000313,1,prod_0202,seller_029,74.78,27.71
order_000314,1,prod_0174,seller_033,346.06,43.34
order_000314,1,prod_0347,seller_033,249.93,16.27
order_000315,1,prod_0012,seller_010,282.74,24.84
order_000316,1,prod_0026,seller_032,34.19,33.72
order_000317,1,prod_0175,seller_027,216.01,43.89
order_000318,1,prod_0023,seller_029,348.34,32.15
order_000319,1,prod_0081,seller_013,131.7,11.85
order_000319,1,prod_0187,seller_013,24.54,11.41
order_000320,1,prod_0018,seller_027,179.4,8.99
order_000321,1,prod_0192,seller_024,268.75,23.56
order_000321,1,prod_0377,seller_024,127.63,25.81
order_000322,1,prod_0369,seller_025,77.57,43.5
order_000323,1,prod_0208,seller_019,109.53,34.81
order_000323,1,prod_0004,seller_019,161.61,10.4
order_000324,1,prod_0392,seller_037,77.44,44.11
order_000325,1,prod_0007,seller_035,315.95,20.61
order_000325,1,prod_0387,seller_035,40.38,36.71
order_000326,1,prod_0055,seller_031,384.99,16.82
order_000326,1,prod_0393,seller_031,205.05,6.16
order_000327,1,prod_0085,seller_030,108.05,18.72
order_000327,1,prod_0414,seller_030,286.4,36.12
order_000328,1,prod_0201,seller_012,58.53,33.22
order_000329,1,prod_0453,seller_039,350.91,7.58
order_000330,1,prod_0089,seller_029,135.7,42.03
order_000330,1,prod_0023,seller_029,380.65,44.68
order_000331,1,prod_0480,seller_017,45.62,21.21
order_000331,1,prod_0202,seller_017,348.48,33.14
order_000332,1,prod_0146,seller_003,156.84,14.79
order_000333,1,prod_0171,seller_031,262.34,14.07
order_000333,1,prod_0335,seller_031,112.8,27.85
order_000334,1,prod_0047,seller_022,300.04,16.3
order_000335,1,prod_0256,seller_017,246.45,29.95
order_000336,1,prod_0274,seller_002,237.75,17.48
order_000336,1,prod_0090,seller_002,16.63,38.45
order_000337,1,prod_0011,seller_002,314.03,25.28
order_000337,1,prod_0345,seller_002,294.85,32.44
order_000338,1,prod_0139,seller_013,187.08,30.23
order_000338,1,prod_0282,seller_013,308.77,15.5
order_000339,1,prod_0042,seller_020,283.42,43.75
order_000339,1,prod_0270,seller_020,98.67,44.95
order_000340,1,prod_0245,seller_022,372.27,24.13
order_000340,1,prod_0374,seller_022,356.37,37.71
order_000341,1,prod_0105,seller_020,300.42,31.78
order_000342,1,prod_0214,seller_013,193.61,33.38
order_000342,1,prod_0262,seller_013,250.04,24.6
order_000343,1,prod_0305,seller_028,346.18,27.44
order_000344,1,prod_0017,seller_038,233.92,13.13
order_000345,1,prod_0134,seller_011,94.37,28.43
order_000345,1,prod_0248,seller_011,189.99,35.88
order_000346,1,prod_0089,seller_007,286.62,16.95
order_000346,1,prod_0474,seller_007,288.69,16.3
order_000347,1,prod_0303,seller_005,271.94,26.31
order_000348,1,prod_0438,seller_032,24.72,15.95
order_000349,1,prod_0296,seller_007,273.09,8.88
order_000349,1,prod_0112,seller_007,22.46,8.3
order_000350,1,prod_0472,seller_036,152.74,44.96
order_000350,1,prod_0483,seller_036,260.79,34.94
order_000351,1,prod_0214,seller_039,355.65,28.62
order_000352,1,prod_0106,seller_037,280.98,30.46
order_000353,1,prod_0231,seller_023,43.2,28.65
order_000354,1,prod_0442,seller_028,153.83,17.21
order_000354,1,prod_0459,seller_028,367.79,30.1
order_000355,1,prod_0041,seller_005,329.11,15.49
order_000356,1,prod_0230,seller_015,105.79,33.3
order_000357,1,prod_0298,seller_034,120.89,31.98
order_000358,1,prod_0014,seller_035,71.25,5.82
order_000358,1,prod_0051,seller_035,154.9,30.58
order_000359,1,prod_0410,seller_006,229.33,14.83
order_000359,1,prod_0326,seller_006,327.14,8.03
order_000360,1,prod_0301,seller_000,277.72,9.8
order_000360,1,prod_0072,seller_000,43.33,33.52
order_000361,1,prod_0099,seller_008,312.74,10.48
order_000362,1,prod_0242,seller_021,84.82,18.84
order_000363,1,prod_0414,seller_027,378.36,25.27
order_000364,1,prod_0316,seller_007,105.25,7.07
order_000364,1,prod_0076,seller_007,18.92,7.84
order_000365,1,prod_0371,seller_017,317.12,33.03
order_000365,1,prod_0469,seller_017,153.94,42.97
order_000366,1,prod_0322,seller_008,24.38,27.85
order_000367,1,prod_0496,seller_026,347.44,24.91
order_000367,1,prod_0050,seller_026,180.03,25.03
order_000368,1,prod_0010,seller_009,330.61,22.03
order_000368,1,prod_0428,seller_009,33.52,42.25
order_000369,1,prod_0428,seller_021,386.83,44.83
order_000370,1,prod_0267,seller_029,169.8,9.37
order_000370,1,prod_0081,seller_029,284.71,21.16
order_000371,1,prod_0070,seller_023,17.11,39.28
order_000371,1,prod_0362,seller_023,51.69,11.09
order_000372,1,prod_0191,seller_034,194.0,21.99
order_000373,1,prod_0160,seller_002,305.74,41.97
order_000374,1,prod_0399,seller_005,15.66,24.51
order_000375,1,prod_0014,seller_009,157.93,29.23
order_000375,1,prod_0241,seller_009,324.81,14.61
order_000376,1,prod_0196,seller_010,44.63,28.59
order_000376,1,prod_0088,seller_010,24.34,12.22
order_000377,1,prod_0372,seller_013,320.21,31.59
order_000377,1,prod_0401,seller_013,359.28,38.52
order_000378,1,prod_0316,seller_024,303.58,25.98
order_000378,1,prod_0219,seller_024,44.45,14.79
order_000379,1,prod_0486,seller_020,266.0,32.74
order_000379,1,prod_0125,seller_020,47.75,19.96
order_000380,1,prod_0121,seller_022,281.93,37.58
order_000381,1,prod_0319,seller_026,97.56,20.02
order_000382,1,prod_0273,seller_015,249.16,5.71
order_000383,1,prod_0344,seller_007,296.56,13.97
order_000384,1,prod_0216,seller_007,257.4,7.22
order_000385,1,prod_0442,seller_015,330.61,41.48
order_000386,1,prod_0420,seller_028,213.34,36.77
order_000387,1,prod_0207,seller_018,342.46,43.6
order_000388,1,prod_0276,seller_018,336.4,20.59
order_000388,1,prod_0193,seller_018,28.91,15.16
order_000389,1,prod_0329,seller_015,250.86,25.74
order_000389,1,prod_0083,seller_015,73.96,25.02
order_000390,1,prod_0165,seller_020,371.09,6.76
order_000390,1,prod_0083,seller_020,331.0,31.27
order_000391,1,prod_0139,seller_010,106.43,9.91
order_000392,1,prod_0386,seller_014,30.09,41.61
order_000392,1,prod_0077,seller_014,208.96,5.42
order_000393,1,prod_0346,seller_022,369.57,14.02
order_000394,1,prod_0499,seller_013,137.76,39.36
order_000394,1,prod_0393,seller_013,56.46,30.36
order_000395,1,prod_0176,seller_037,358.15,13.19
order_000396,1,prod_0332,seller_004,27.92,36.77
order_000396,1,prod_0231,seller_004,43.95,32.23
order_000397,1,prod_0136,seller_020,310.47,33.24
order_000398,1,prod_0374,seller_024,107.81,30.27
order_000399,1,prod_0340,seller_032,198.49,34.78
order_000400,1,prod_0056,seller_008,20.96,5.4
order_000401,1,prod_0047,seller_039,394.0,18.47
order_000401,1,prod_0331,seller_039,57.63,33.38
order_000402,1,prod_0184,seller_025,248.92,43.36
order_000402,1,prod_0299,seller_025,335.33,37.57
order_000403,1,prod_0193,seller_025,187.0,17.37
order_000404,1,prod_0101,seller_014,29.11,17.15
order_000404,1,prod_0191,seller_014,167.38,44.17
order_000405,1,prod_0080,seller_006,375.07,9.13
order_000406,1,prod_0409,seller_039,398.63,13.58
order_000407,1,prod_0288,seller_012,304.27,34.04
order_000407,1,prod_0451,seller_012,399.79,42.68
order_000408,1,prod_0169,seller_004,268.6,18.29
order_000409,1,prod_0000,seller_024,23.96,32.61
order_000410,1,prod_0236,seller_032,355.21,24.36
order_000410,1,prod_0485,seller_032,327.93,7.81
order_000411,1,prod_0321,seller_011,364.29,17.45
order_000412,1,prod_0359,seller_020,289.8,25.62
order_000413,1,prod_0447,seller_039,77.56,24.88
order_000413,1,prod_0414,seller_039,271.84,9.14
order_000414,1,prod_0479,seller_006,104.54,44.0
order_000414,1,prod_0069,seller_006,311.85,42.46
order_000415,1,prod_0142,seller_036,158.71,16.91
order_000415,1,prod_0179,seller_036,140.56,39.43
order_000416,1,prod_0009,seller_017,101.43,8.62
order_000417,1,prod_0439,seller_002,56.03,24.34
order_000417,1,prod_0318,seller_002,229.43,13.41
order_000418,1,prod_0160,seller_033,68.04,25.74
order_000418,1,prod_0103,seller_033,18.27,7.25
order_000419,1,prod_0170,seller_036,150.27,18.61
order_000420,1,prod_0177,seller_011,222.6,9.31
order_000420,1,prod_0187,seller_011,382.08,41.25
order_000421,1,prod_0482,seller_018,99.68,32.47
order_000421,1,prod_0094,seller_018,49.23,34.29
order_000422,1,prod_0187,seller_018,49.19,28.19
order_000423,1,prod_0235,seller_001,15.17,41.84
order_000424,1,prod_0116,seller_015,203.15,33.07
order_000424,1,prod_0210,seller_015,233.84,25.46
order_000425,1,prod_0008,seller_016,286.05,27.49
order_000426,1,prod_0358,seller_022,270.26,33.3
order_000427,1,prod_0232,seller_029,308.61,18.39
order_000428,1,prod_0179,seller_021,169.41,16.98
order_000428,1,prod_0180,seller_021,105.67,18.51
order_000429,1,prod_0395,seller_000,393.13,41.41
order_000430,1,prod_0388,seller_035,337.15,43.66
order_000431,1,prod_0145,seller_036,319.32,13.93
order_000432,1,prod_0077,seller_028,195.62,6.85
order_000433,1,prod_0099,seller_029,86.28,40.61
order_000433,1,prod_0094,seller_029,207.12,10.03
order_000434,1,prod_0332,seller_035,299.71,21.96
order_000435,1,prod_0177,seller_010,247.93,25.32
order_000435,1,prod_0434,seller_010,62.36,33.13
order_000436,1,prod_0039,seller_007,148.36,25.36
order_000436,1,prod_0424,seller_007,390.09,21.7
order_000437,1,prod_0357,seller_036,89.36,19.84
order_000438,1,prod_0325,seller_009,247.61,42.18
order_000439,1,prod_0021,seller_037,337.63,26.79
order_000439,1,prod_0195,seller_037,232.39,19.38
order_000440,1,prod_0271,seller_012,201.84,31.37
order_000441,1,prod_0109,seller_027,319.98,22.4
order_000441,1,prod_0012,seller_027,395.15,14.41
order_000442,1,prod_0282,seller_019,113.19,25.87
order_000442,1,prod_0282,seller_019,277.49,29.57
order_000443,1,prod_0071,seller_000,89.4,32.33
order_000443,1,prod_0428,seller_000,236.87,27.71
order_000444,1,prod_0402,seller_037,372.06,11.11
order_000444,1,prod_0319,seller_037,240.12,13.4
order_000445,1,prod_0253,seller_020,23.88,10.2
order_000445,1,prod_0340,seller_020,134.22,43.63
order_000446,1,prod_0211,seller_020,116.66,29.66
order_000447,1,prod_0411,seller_017,123.9,24.77
order_000448,1,prod_0152,seller_025,161.7,44.57
order_000449,1,prod_0458,seller_012,198.18,40.81
order_000450,1,prod_0087,seller_010,167.48,30.04
order_000451,1,prod_0472,seller_037,195.16,15.21
order_000452,1,prod_0033,seller_007,201.33,22.35
order_000452,1,prod_0373,seller_007,360.02,43.97
order_000453,1,prod_0064,seller_007,41.72,44.74
order_000454,1,prod_0390,seller_009,147.5,32.84
order_000454,1,prod_0434,seller_009,269.29,35.85
order_000455,1,prod_0173,seller_007,47.63,5.69
order_000455,1,prod_0291,seller_007,316.12,26.98
order_000456,1,prod_0172,seller_016,243.9,43.08
order_000457,1,prod_0481,seller_026,266.21,9.38
order_000457,1,prod_0346,seller_026,282.81,7.61
order_000458,1,prod_0387,seller_020,214.63,43.27
order_000459,1,prod_0146,seller_020,166.73,27.26
order_000459,1,prod_0293,seller_020,220.13,41.99
order_000460,1,prod_0277,seller_007,324.8,38.71
order_000461,1,prod_0087,seller_002,335.1,17.99
order_000461,1,prod_0133,seller_002,234.04,25.58
order_000462,1,prod_0210,seller_037,115.65,8.47
order_000463,1,prod_0071,seller_008,389.24,10.56
order_000463,1,prod_0304,seller_008,235.8,7.53
order_000464,1,prod_0152,seller_007,42.27,40.91
order_000465,1,prod_0059,seller_018,158.75,42.36
order_000465,1,prod_0391,seller_018,310.63,13.18
order_000466,1,prod_0151,seller_037,275.79,43.38
order_000467,1,prod_0346,seller_000,39.54,39.2
order_000467,1,prod_0118,seller_000,248.8,11.6
order_000468,1,prod_0041,seller_038,225.9,17.38
order_000468,1,prod_0446,seller_038,283.75,38.33
order_000469,1,prod_0163,seller_035,104.09,33.99
order_000469,1,prod_0132,seller_035,186.1,37.66
order_000470,1,prod_0080,seller_020,65.83,33.07
order_000471,1,prod_0015,seller_019,84.23,9.1
order_000471,1,prod_0398,seller_019,321.31,16.71
order_000472,1,prod_0048,seller_007,179.86,24.95
order_000472,1,prod_0229,seller_007,328.47,38.93
order_000473,1,prod_0492,seller_033,351.8,25.42
order_000474,1,prod_0057,seller_001,309.25,21.31
order_000474,1,prod_0423,seller_001,69.77,31.79
order_000475,1,prod_0097,seller_028,182.47,24.9
order_000475,1,prod_0415,seller_028,82.75,29.59
order_000476,1,prod_0209,seller_027,28.36,11.78
order_000477,1,prod_0448,seller_011,214.93,6.41
order_000478,1,prod_0014,seller_012,160.69,42.64
order_000479,1,prod_0248,seller_028,336.68,21.99
order_000480,1,prod_0257,seller_015,338.27,24.4
order_000480,1,prod_0232,seller_015,372.97,41.02
order_000481,1,prod_0284,seller_024,180.39,37.03
order_000482,1,prod_0074,seller_009,144.08,40.42
order_000482,1,prod_0050,seller_009,301.5,24.39
order_000483,1,prod_0068,seller_019,26.64,12.02
order_000484,1,prod_0096,seller_000,376.95,39.73
order_000485,1,prod_0146,seller_012,103.2,42.43
order_000486,1,prod_0321,seller_026,294.77,15.6
order_000487,1,prod_0141,seller_029,264.87,32.62
order_000487,1,prod_0156,seller_029,250.31,22.34
order_000488,1,prod_0039,seller_021,147.83,33.46
order_000489,1,prod_0005,seller_034,363.74,33.27
order_000489,1,prod_0107,seller_034,36.07,36.97
order_000490,1,prod_0110,seller_017,257.85,32.45
order_000490,1,prod_0136,seller_017,274.8,24.72
order_000491,1,prod_0108,seller_021,34.86,32.8
order_000492,1,prod_0281,seller_001,104.56,24.84
order_000493,1,prod_0036,seller_007,342.22,20.1
order_000494,1,prod_0341,seller_020,385.42,16.97
order_000495,1,prod_0183,seller_012,109.45,7.65
order_000496,1,prod_0297,seller_019,267.95,31.09
order_000497,1,prod_0123,seller_036,266.36,33.69
order_000498,1,prod_0447,seller_021,153.59,15.31
order_000499,1,prod_0313,seller_026,160.1,41.75
order_000499,1,prod_0308,seller_026,268.97,42.17
order_000500,1,prod_0244,seller_038,95.97,20.34
order_000500,1,prod_0231,seller_038,376.24,19.54
order_000501,1,prod_0181,seller_020,99.0,12.5
order_000502,1,prod_0472,seller_039,247.11,21.19
order_000502,1,prod_0010,seller_039,356.17,41.51
order_000503,1,prod_0265,seller_022,237.62,18.51
order_000504,1,prod_0218,seller_035,115.07,40.84
order_000505,1,prod_0413,seller_039,149.63,35.55
order_000506,1,prod_0168,seller_000,325.84,30.9
order_000506,1,prod_0059,seller_000,145.45,40.36
order_000507,1,prod_0340,seller_024,170.35,10.45
order_000507,1,prod_0258,seller_024,279.19,22.23
order_000508,1,prod_0480,seller_016,205.04,42.47
order_000509,1,prod_0455,seller_033,214.61,23.23
order_000510,1,prod_0455,seller_006,324.84,40.46
order_000511,1,prod_0435,seller_024,176.24,17.69
order_000512,1,prod_0132,seller_036,103.65,16.24
order_000513,1,prod_0193,seller_023,386.18,9.69
order_000513,1,prod_0060,seller_023,140.96,43.26
order_000514,1,prod_0328,seller_034,279.29,12.74
order_000515,1,prod_0222,seller_025,227.81,14.49
order_000515,1,prod_0294,seller_025,276.07,19.99
order_000516,1,prod_0362,seller_019,51.35,31.69
order_000517,1,prod_0214,seller_034,154.29,20.42
order_000517,1,prod_0368,seller_034,56.12,22.0
order_000518,1,prod_0450,seller_020,226.89,32.05
order_000518,1,prod_0426,seller_020,382.47,17.61
order_000519,1,prod_0090,seller_003,390.33,36.24
order_000519,1,prod_0114,seller_003,346.76,41.25
order_000520,1,prod_0012,seller_037,69.69,32.32
order_000521,1,prod_0171,seller_020,304.1,13.01
order_000522,1,prod_0094,seller_009,292.02,15.0
order_000522,1,prod_0403,seller_009,333.64,28.54
order_000523,1,prod_0354,seller_037,324.77,43.27
order_000524,1,prod_0097,seller_035,21.77,29.76
order_000524,1,prod_0113,seller_035,347.87,7.64
order_000525,1,prod_0389,seller_012,242.98,30.91
order_000526,1,prod_0367,seller_026,61.25,31.73
order_000526,1,prod_0442,seller_026,60.55,11.5
order_000527,1,prod_0386,seller_007,135.28,8.19
order_000527,1,prod_0156,seller_007,50.25,40.49
order_000528,1,prod_0038,seller_006,200.15,8.86
order_000528,1,prod_0168,seller_006,127.94,33.7
order_000529,1,prod_0412,seller_009,300.0,28.67
order_000529,1,prod_0456,seller_009,306.5,34.59
order_000530,1,prod_0410,seller_017,193.3,14.47
order_000530,1,prod_0427,seller_017,111.33,26.15
order_000531,1,prod_0025,seller_019,103.3,19.15
order_000531,1,prod_0003,seller_019,118.73,27.43
order_000532,1,prod_0280,seller_019,278.23,6.99
order_000532,1,prod_0198,seller_019,137.85,17.79
order_000533,1,prod_0063,seller_007,171.87,17.26
order_000533,1,prod_0377,seller_007,247.66,25.07
order_000534,1,prod_0114,seller_003,336.42,19.45
order_000535,1,prod_0489,seller_034,262.24,25.01
order_000535,1,prod_0367,seller_034,395.21,43.37
order_000536,1,prod_0091,seller_032,170.44,28.45
order_000537,1,prod_0007,seller_009,281.6,14.91
order_000538,1,prod_0048,seller_025,32.03,38.2
order_000539,1,prod_0053,seller_027,28.65,14.78
order_000540,1,prod_0127,seller_021,283.22,25.66
order_000541,1,prod_0209,seller_007,30.55,10.87
order_000541,1,prod_0020,seller_007,75.64,25.75
order_000542,1,prod_0441,seller_018,132.86,30.1
order_000542,1,prod_0339,seller_018,81.1,37.03
order_000543,1,prod_0480,seller_036,39.14,7.62
order_000544,1,prod_0232,seller_004,220.39,18.35
order_000545,1,prod_0168,seller_018,189.93,33.1
order_000545,1,prod_0409,seller_018,350.37,32.19
order_000546,1,prod_0286,seller_017,78.61,11.91
order_000546,1,prod_0468,seller_017,175.24,32.03
order_000547,1,prod_0409,seller_024,228.82,42.89
order_000548,1,prod_0464,seller_009,265.64,9.82
order_000548,1,prod_0052,seller_009,44.73,32.72
order_000549,1,prod_0244,seller_011,341.37,25.58
order_000550,1,prod_0160,seller_028,120.42,15.71
order_000551,1,prod_0231,seller_029,337.42,43.42
order_000551,1,prod_0271,seller_029,156.41,8.53
order_000552,1,prod_0050,seller_024,178.24,31.11
order_000553,1,prod_0199,seller_019,146.43,6.56
order_000554,1,prod_0277,seller_000,255.26,9.96
order_000554,1,prod_0311,seller_000,284.1,16.2
order_000555,1,prod_0342,seller_030,25.85,11.81
order_000556,1,prod_0259,seller_001,215.19,23.81
order_000556,1,prod_0398,seller_001,355.97,17.07
order_000557,1,prod_0498,seller_024,239.99,9.92
order_000558,1,prod_0047,seller_038,36.16,39.44
order_000558,1,prod_0202,seller_038,21.04,40.94
order_000559,1,prod_0104,seller_000,295.01,9.22
order_000560,1,prod_0213,seller_002,341.06,19.53
order_000561,1,prod_0017,seller_031,236.93,9.46
order_000562,1,prod_0296,seller_034,341.81,26.75
order_000562,1,prod_0057,seller_034,87.94,11.14
order_000563,1,prod_0416,seller_017,397.43,17.9
order_000564,1,prod_0276,seller_007,205.52,35.54
order_000564,1,prod_0277,seller_007,143.32,20.31
order_000565,1,prod_0392,seller_037,106.13,41.04
order_000566,1,prod_0356,seller_016,49.4,38.95
order_000566,1,prod_0490,seller_016,116.04,44.74
order_000567,1,prod_0001,seller_005,45.48,25.91
order_000568,1,prod_0443,seller_008,107.09,36.47
order_000569,1,prod_0104,seller_011,391.7,17.81
order_000570,1,prod_0367,seller_014,312.75,33.39
order_000571,1,prod_0304,seller_020,242.23,12.26
order_000572,1,prod_0474,seller_014,231.75,13.52
order_000572,1,prod_0281,seller_014,245.79,18.38
order_000573,1,prod_0432,seller_020,292.67,31.22
order_000574,1,prod_0319,seller_015,197.81,36.07
order_000575,1,prod_0468,seller_019,188.95,39.71
order_000576,1,prod_0298,seller_016,267.61,13.11
order_000577,1,prod_0204,seller_001,327.98,20.59
order_000577,1,prod_0409,seller_001,315.85,13.25
order_000578,1,prod_0390,seller_038,251.42,7.17
order_000579,1,prod_0359,seller_026,237.3,44.34
order_000580,1,prod_0499,seller_001,284.57,12.24
order_000581,1,prod_0454,seller_027,331.73,37.35
order_000581,1,prod_0440,seller_027,289.64,28.17
order_000582,1,prod_0144,seller_014,73.78,17.4
order_000582,1,prod_0311,seller_014,346.04,9.58
order_000583,1,prod_0173,seller_030,130.41,28.25
order_000584,1,prod_0220,seller_029,305.51,5.47
order_000585,1,prod_0113,seller_023,24.81,5.06
order_000586,1,prod_0005,seller_027,260.91,5.33
order_000586,1,prod_0349,seller_027,258.27,17.9
order_000587,1,prod_0487,seller_003,203.42,18.61
order_000587,1,prod_0368,seller_003,79.12,16.6
order_000588,1,prod_0354,seller_019,214.59,12.91
order_000588,1,prod_0305,seller_019,339.48,43.57
order_000589,1,prod_0107,seller_034,33.13,23.13
order_000589,1,prod_0118,seller_034,318.07,18.01
order_000590,1,prod_0466,seller_009,49.59,10.07
order_000591,1,prod_0262,seller_009,370.4,30.4
order_000591,1,prod_0386,seller_009,366.69,39.3
order_000592,1,prod_0088,seller_000,37.4,10.05
order_000593,1,prod_0201,seller_013,252.58,26.29
order_000594,1,prod_0392,seller_021,81.15,13.67
order_000594,1,prod_0468,seller_021,249.44,32.54
order_000595,1,prod_0310,seller_001,242.78,38.24
order_000595,1,prod_0217,seller_001,380.51,17.58
order_000596,1,prod_0064,seller_023,245.56,36.93
order_000597,1,prod_0050,seller_006,177.96,23.28
order_000597,1,prod_0149,seller_006,122.23,33.59
order_000598,1,prod_0425,seller_011,369.21,15.76
order_000599,1,prod_0326,seller_014,284.04,34.28
order_000600,1,prod_0358,seller_029,335.85,36.54
order_000600,1,prod_0142,seller_029,68.88,30.42
order_000601,1,prod_0227,seller_023,107.35,14.84
order_000601,1,prod_0150,seller_023,258.12,10.68
order_000602,1,prod_0041,seller_007,397.0,38.8
order_000603,1,prod_0199,seller_030,305.21,14.84
order_000604,1,prod_0166,seller_007,313.26,14.06
order_000605,1,prod_0395,seller_025,356.13,25.69
order_000606,1,prod_0054,seller_010,87.63,42.52
order_000607,1,prod_0188,seller_036,37.97,21.19
order_000608,1,prod_0495,seller_032,82.29,15.21
order_000609,1,prod_0375,seller_021,38.26,20.65
order_000610,1,prod_0138,seller_035,188.07,17.91
order_000610,1,prod_0396,seller_035,267.66,29.54
order_000611,1,prod_0385,seller_000,74.08,17.74
order_000612,1,prod_0343,seller_032,370.29,7.13
order_000613,1,prod_0351,seller_032,209.22,10.61
order_000613,1,prod_0105,seller_032,183.96,41.92
order_000614,1,prod_0368,seller_003,284.62,36.77
order_000615,1,prod_0459,seller_004,75.73,19.61
order_000615,1,prod_0352,seller_004,31.6,27.26
order_000616,1,prod_0134,seller_038,139.58,32.14
order_000616,1,prod_0438,seller_038,356.17,35.68
order_000617,1,prod_0302,seller_005,165.95,24.82
order_000618,1,prod_0073,seller_011,178.19,21.67
order_000618,1,prod_0202,seller_011,249.41,30.81
order_000619,1,prod_0214,seller_024,297.72,11.68
order_000620,1,prod_0307,seller_038,290.56,12.97
order_000621,1,prod_0041,seller_015,350.44,25.64
order_000621,1,prod_0038,seller_015,141.06,37.03
order_000622,1,prod_0382,seller_007,163.0,30.68
order_000622,1,prod_0462,seller_007,73.43,20.53
order_000623,1,prod_0018,seller_034,360.6,37.8
order_000623,1,prod_0223,seller_034,286.73,9.16
order_000624,1,prod_0314,seller_020,81.13,33.77
order_000625,1,prod_0086,seller_009,339.22,16.54
order_000625,1,prod_0259,seller_009,228.65,43.02
order_000626,1,prod_0053,seller_036,373.2,30.24
order_000627,1,prod_0327,seller_032,67.49,8.43
order_000628,1,prod_0316,seller_029,343.32,35.06
order_000628,1,prod_0379,seller_029,256.86,41.3
order_000629,1,prod_0357,seller_010,36.32,31.99
order_000630,1,prod_0492,seller_031,281.14,33.85
order_000631,1,prod_0360,seller_013,352.18,29.38
order_000632,1,prod_0451,seller_020,277.94,14.84
order_000632,1,prod_0471,seller_020,309.66,31.96
order_000633,1,prod_0261,seller_038,283.61,26.13
order_000634,1,prod_0208,seller_026,286.04,5.17
order_000635,1,prod_0101,seller_036,292.74,9.12
order_000636,1,prod_0460,seller_007,68.17,34.42
order_000637,1,prod_0020,seller_011,381.0,43.26
order_000637,1,prod_0283,seller_011,256.89,13.08
order_000638,1,prod_0358,seller_011,100.14,30.16
order_000639,1,prod_0267,seller_006,189.89,40.14
order_000640,1,prod_0327,seller_006,150.09,41.57
order_000640,1,prod_0429,seller_006,87.49,24.33
order_000641,1,prod_0429,seller_019,193.22,21.58
order_000641,1,prod_0008,seller_019,154.56,20.88
order_000642,1,prod_0134,seller_004,261.27,32.62
order_000642,1,prod_0076,seller_004,48.64,24.58
order_000643,1,prod_0472,seller_012,54.17,40.2
order_000643,1,prod_0289,seller_012,176.6,11.11
order_000644,1,prod_0230,seller_032,253.51,13.6
order_000645,1,prod_0153,seller_026,81.15,29.87
order_000646,1,prod_0117,seller_021,361.28,12.65
order_000646,1,prod_0362,seller_021,19.68,12.28
order_000647,1,prod_0391,seller_006,177.53,36.02
order_000648,1,prod_0258,seller_039,152.17,25.75
order_000648,1,prod_0376,seller_039,309.05,7.18
order_000649,1,prod_0026,seller_019,265.45,20.86
order_000649,1,prod_0395,seller_019,374.95,34.05
order_000650,1,prod_0364,seller_021,380.39,30.21
order_000650,1,prod_0457,seller_021,386.89,41.46
order_000651,1,prod_0057,seller_035,105.78,6.16
order_000652,1,prod_0056,seller_000,390.08,33.59
order_000653,1,prod_0230,seller_002,102.01,24.22
order_000653,1,prod_0215,seller_002,77.75,31.68
order_000654,1,prod_0209,seller_019,218.31,40.04
order_000654,1,prod_0353,seller_019,102.7,21.07
order_000655,1,prod_0318,seller_012,314.77,16.52
order_000656,1,prod_0108,seller_033,27.42,28.87
order_000656,1,prod_0186,seller_033,266.59,27.74
order_000657,1,prod_0405,seller_027,239.99,31.14
order_000657,1,prod_0423,seller_027,183.43,40.22
order_000658,1,prod_0321,seller_007,368.84,23.22
order_000658,1,prod_0189,seller_007,104.1,13.72
order_000659,1,prod_0023,seller_015,286.14,25.27
order_000660,1,prod_0241,seller_013,212.45,18.1
order_000660,1,prod_0373,seller_013,54.91,13.1
order_000661,1,prod_0037,seller_038,19.37,31.24
order_000662,1,prod_0154,seller_028,382.08,16.63
order_000662,1,prod_0059,seller_028,343.93,31.57
order_000663,1,prod_0378,seller_021,341.44,12.98
order_000664,1,prod_0234,seller_016,172.62,8.3
order_000664,1,prod_0468,seller_016,131.24,29.24
order_000665,1,prod_0265,seller_018,176.95,19.07
order_000666,1,prod_0124,seller_007,248.85,21.08
order_000667,1,prod_0047,seller_028,304.14,30.46
order_000668,1,prod_0320,seller_024,350.43,36.32
order_000669,1,prod_0428,seller_032,299.06,41.48
order_000669,1,prod_0196,seller_032,368.9,11.28
order_000670,1,prod_0459,seller_000,63.7,33.11
order_000670,1,prod_0097,seller_000,76.01,36.77
order_000671,1,prod_0200,seller_004,239.85,42.59
order_000671,1,prod_0384,seller_004,239.77,25.8
order_000672,1,prod_0427,seller_031,52.47,31.66
order_000672,1,prod_0219,seller_031,18.67,36.48
order_000673,1,prod_0245,seller_028,359.54,10.41
order_000674,1,prod_0051,seller_016,271.13,15.71
order_000675,1,prod_0327,seller_000,285.11,12.97
order_000676,1,prod_0136,seller_022,370.59,10.64
order_000676,1,prod_0149,seller_022,133.51,12.27
order_000677,1,prod_0157,seller_024,28.45,10.71
order_000677,1,prod_0056,seller_024,193.36,34.79
order_000678,1,prod_0466,seller_004,127.17,25.5
order_000679,1,prod_0124,seller_002,272.97,20.29
order_000679,1,prod_0348,seller_002,333.99,14.45
order_000680,1,prod_0201,seller_017,73.69,15.34
order_000680,1,prod_0256,seller_017,215.86,34.32
order_000681,1,prod_0055,seller_012,63.08,39.84
order_000681,1,prod_0048,seller_012,270.45,22.44
order_000682,1,prod_0458,seller_037,135.85,42.8
order_000682,1,prod_0497,seller_037,147.32,33.6
order_000683,1,prod_0347,seller_032,147.1,21.25
order_000684,1,prod_0464,seller_034,322.2,14.35
order_000685,1,prod_0411,seller_035,191.28,10.13
order_000686,1,prod_0134,seller_028,282.73,6.13
order_000687,1,prod_0261,seller_010,298.06,28.37
order_000687,1,prod_0050,seller_010,209.27,28.98
order_000688,1,prod_0376,seller_023,205.74,5.11
order_000688,1,prod_0074,seller_023,89.53,30.27
order_000689,1,prod_0265,seller_029,71.5,30.43
order_000689,1,prod_0051,seller_029,98.01,42.13
order_000690,1,prod_0433,seller_008,94.61,19.83
order_000691,1,prod_0138,seller_010,40.03,30.7
order_000691,1,prod_0262,seller_010,337.82,39.86
order_000692,1,prod_0024,seller_026,75.35,15.84
order_000693,1,prod_0016,seller_025,372.97,13.9
order_000693,1,prod_0205,seller_025,84.11,26.41
order_000694,1,prod_0495,seller_020,109.8,42.3
order_000694,1,prod_0072,seller_020,257.79,6.52
order_000695,1,prod_0095,seller_009,251.32,40.3
order_000696,1,prod_0058,seller_006,24.37,36.0
order_000697,1,prod_0241,seller_016,279.69,17.75
order_000698,1,prod_0446,seller_004,189.38,33.31
order_000698,1,prod_0240,seller_004,121.91,9.76
order_000699,1,prod_0175,seller_033,108.29,34.0
order_000700,1,prod_0133,seller_019,23.54,25.3
order_000700,1,prod_0156,seller_019,125.02,16.59
order_000701,1,prod_0251,seller_036,229.29,41.97
order_000702,1,prod_0030,seller_025,44.64,28.89
order_000702,1,prod_0256,seller_025,235.62,23.95
order_000703,1,prod_0381,seller_022,148.99,32.07
order_000704,1,prod_0107,seller_002,339.77,20.55
order_000704,1,prod_0131,seller_002,64.71,14.6
order_000705,1,prod_0373,seller_032,72.62,29.55
order_000705,1,prod_0422,seller_032,319.87,35.72
order_000706,1,prod_0160,seller_035,334.12,38.77
order_000707,1,prod_0039,seller_015,303.56,29.33
order_000708,1,prod_0373,seller_039,178.23,20.6
order_000709,1,prod_0419,seller_018,224.62,20.43
order_000710,1,prod_0152,seller_001,168.89,23.12
order_000711,1,prod_0344,seller_030,187.9,20.54
order_000711,1,prod_0198,seller_030,358.09,22.73
order_000712,1,prod_0236,seller_008,109.16,18.99
order_000713,1,prod_0465,seller_016,254.3,8.85
order_000713,1,prod_0322,seller_016,390.6,23.73
order_000714,1,prod_0305,seller_039,391.5,7.92
order_000715,1,prod_0100,seller_002,169.48,27.06
order_000716,1,prod_0001,seller_022,315.79,38.1
order_000717,1,prod_0113,seller_005,348.76,24.67
order_000718,1,prod_0312,seller_000,202.15,34.15
order_000718,1,prod_0223,seller_000,65.38,39.5
order_000719,1,prod_0195,seller_014,221.22,7.31
order_000719,1,prod_0332,seller_014,315.98,20.26
order_000720,1,prod_0372,seller_006,345.35,18.65
order_000720,1,prod_0168,seller_006,63.85,21.61
order_000721,1,prod_0271,seller_032,379.74,26.52
order_000721,1,prod_0448,seller_032,86.03,26.62
order_000722,1,prod_0319,seller_025,231.58,9.97
order_000722,1,prod_0252,seller_025,322.65,18.81
order_000723,1,prod_0149,seller_026,332.93,33.03
order_000724,1,prod_0079,seller_032,211.53,14.93
order_000724,1,prod_0075,seller_032,298.93,36.07
order_000725,1,prod_0239,seller_017,28.23,5.91
order_000726,1,prod_0092,seller_035,131.7,23.68
order_000726,1,prod_0348,seller_035,397.08,11.54
order_000727,1,prod_0176,seller_009,105.32,43.36
order_000727,1,prod_0324,seller_009,372.59,11.56
order_000728,1,prod_0038,seller_018,304.97,16.29
order_000728,1,prod_0118,seller_018,85.5,19.18
order_000729,1,prod_0488,seller_039,15.08,26.35
order_000730,1,prod_0268,seller_033,362.94,34.07
order_000731,1,prod_0304,seller_032,250.53,25.67
order_000731,1,prod_0290,seller_032,228.48,31.71
order_000732,1,prod_0021,seller_015,297.87,23.28
order_000732,1,prod_0089,seller_015,227.3,31.91
order_000733,1,prod_0191,seller_018,65.53,17.51
order_000734,1,prod_0114,seller_004,353.97,10.56
order_000735,1,prod_0172,seller_009,283.24,6.87
order_000736,1,prod_0099,seller_018,211.57,30.32
order_000736,1,prod_0377,seller_018,179.41,36.27
order_000737,1,prod_0473,seller_017,218.97,44.08
order_000737,1,prod_0013,seller_017,232.25,17.44
order_000738,1,prod_0451,seller_012,387.37,27.71
order_000739,1,prod_0466,seller_034,182.46,14.12
order_000740,1,prod_0445,seller_010,253.77,13.23
order_000741,1,prod_0297,seller_000,82.38,16.86
order_000742,1,prod_0011,seller_031,314.65,44.35
order_000742,1,prod_0109,seller_031,242.2,41.32
order_000743,1,prod_0228,seller_026,137.75,24.45
order_000744,1,prod_0421,seller_018,75.49,38.91
order_000745,1,prod_0366,seller_002,298.54,37.16
order_000745,1,prod_0089,seller_002,97.02,8.38
order_000746,1,prod_0484,seller_022,160.89,14.64
order_000747,1,prod_0345,seller_035,275.78,42.43
order_000747,1,prod_0018,seller_035,364.38,13.23
order_000748,1,prod_0352,seller_039,268.72,22.26
order_000749,1,prod_0386,seller_000,55.78,7.6
order_000749,1,prod_0321,seller_000,68.21,20.65
order_000750,1,prod_0338,seller_036,43.9,24.55
order_000751,1,prod_0067,seller_023,120.13,14.4
order_000752,1,prod_0192,seller_029,319.23,44.62
order_000752,1,prod_0079,seller_029,188.92,18.72
order_000753,1,prod_0217,seller_021,149.05,32.22
order_000753,1,prod_0294,seller_021,206.93,18.23
order_000754,1,prod_0199,seller_033,336.45,21.16
order_000755,1,prod_0278,seller_008,157.46,26.38
order_000756,1,prod_0240,seller_025,36.05,24.99
order_000757,1,prod_0265,seller_017,109.54,31.03
order_000757,1,prod_0073,seller_017,295.6,7.06
order_000758,1,prod_0082,seller_037,149.7,11.52
order_000758,1,prod_0474,seller_037,116.67,10.93
order_000759,1,prod_0451,seller_034,314.48,37.93
order_000759,1,prod_0094,seller_034,169.52,29.78
order_000760,1,prod_0309,seller_025,233.09,14.29
order_000760,1,prod_0153,seller_025,64.07,31.54
order_000761,1,prod_0178,seller_005,211.45,13.04
order_000762,1,prod_0304,seller_030,336.71,26.66
order_000762,1,prod_0273,seller_030,115.74,9.03
order_000763,1,prod_0037,seller_008,93.12,41.38
order_000764,1,prod_0047,seller_004,391.41,11.59
order_000764,1,prod_0054,seller_004,117.5,8.86
order_000765,1,prod_0158,seller_025,38.38,43.71
order_000766,1,prod_0357,seller_031,23.65,7.74
order_000767,1,prod_0134,seller_011,350.35,18.24
order_000768,1,prod_0205,seller_015,394.27,39.3
order_000768,1,prod_0238,seller_015,157.85,16.03
order_000769,1,prod_0391,seller_011,268.37,25.73
order_000770,1,prod_0219,seller_031,254.41,29.72
order_000770,1,prod_0171,seller_031,35.33,21.91
order_000771,1,prod_0300,seller_008,369.19,24.47
order_000772,1,prod_0496,seller_011,18.42,33.33
order_000773,1,prod_0439,seller_013,132.79,40.71
order_000773,1,prod_0358,seller_013,190.94,11.58
order_000774,1,prod_0089,seller_010,344.14,10.65
order_000775,1,prod_0397,seller_010,254.96,35.44
order_000776,1,prod_0389,seller_035,86.41,43.16
order_000777,1,prod_0465,seller_013,173.74,36.28
order_000777,1,prod_0280,seller_013,237.89,42.08
order_000778,1,prod_0097,seller_012,226.93,44.82
order_000779,1,prod_0065,seller_027,293.05,18.02
order_000780,1,prod_0070,seller_001,99.37,12.61
order_000780,1,prod_0055,seller_001,142.58,11.41
order_000781,1,prod_0300,seller_026,62.46,35.92
order_000782,1,prod_0300,seller_020,392.24,20.43
order_000782,1,prod_0094,seller_020,73.64,30.66
order_000783,1,prod_0340,seller_025,302.85,38.93
order_000784,1,prod_0156,seller_008,182.21,35.32
order_000784,1,prod_0210,seller_008,335.89,37.32
order_000785,1,prod_0252,seller_027,289.53,27.13
order_000785,1,prod_0314,seller_027,352.01,39.39
order_000786,1,prod_0392,seller_027,125.66,39.63
order_000786,1,prod_0046,seller_027,376.67,22.04
order_000787,1,prod_0146,seller_031,254.39,31.48
order_000788,1,prod_0303,seller_026,216.29,40.05
order_000789,1,prod_0128,seller_030,292.73,5.42
order_000790,1,prod_0314,seller_039,184.38,39.46
order_000791,1,prod_0316,seller_027,248.28,17.67
order_000792,1,prod_0017,seller_006,133.67,29.36
order_000793,1,prod_0397,seller_014,208.18,38.53
order_000793,1,prod_0483,seller_014,116.07,37.25
order_000794,1,prod_0063,seller_009,268.59,21.49
order_000794,1,prod_0171,seller_009,18.48,14.25
order_000795,1,prod_0363,seller_037,209.82,25.34
order_000795,1,prod_0185,seller_037,58.59,28.93
order_000796,1,prod_0156,seller_001,204.42,24.49
order_000796,1,prod_0122,seller_001,118.51,19.47
order_000797,1,prod_0050,seller_020,335.04,22.86
order_000797,1,prod_0226,seller_020,184.49,11.29
order_000798,1,prod_0197,seller_024,359.36,40.85
order_000799,1,prod_0162,seller_017,282.41,12.81
order_000800,1,prod_0174,seller_016,74.19,41.76
order_000800,1,prod_0347,seller_016,358.65,40.47
order_000801,1,prod_0236,seller_025,143.4,32.6
order_000802,1,prod_0224,seller_022,190.57,19.6
order_000802,1,prod_0190,seller_022,20.36,39.94
order_000803,1,prod_0377,seller_026,210.2,22.19
order_000803,1,prod_0335,seller_026,271.94,25.56
order_000804,1,prod_0276,seller_039,239.2,24.09
order_000804,1,prod_0282,seller_039,174.77,39.08
order_000805,1,prod_0353,seller_030,94.69,7.33
order_000805,1,prod_0213,seller_030,326.08,5.92
order_000806,1,prod_0416,seller_031,389.99,30.16
order_000806,1,prod_0408,seller_031,164.98,35.08
order_000807,1,prod_0420,seller_009,383.94,21.89
order_000807,1,prod_0243,seller_009,102.29,37.03
order_000808,1,prod_0409,seller_027,115.52,42.75
order_000808,1,prod_0392,seller_027,364.9,28.98
order_000809,1,prod_0029,seller_038,399.38,38.53
order_000810,1,prod_0303,seller_025,190.05,14.93
order_000811,1,prod_0019,seller_010,335.58,39.89
order_000812,1,prod_0365,seller_026,321.57,21.63
order_000812,1,prod_0477,seller_026,160.44,16.66
order_000813,1,prod_0139,seller_019,295.97,34.25
order_000814,1,prod_0291,seller_020,279.3,41.48
order_000814,1,prod_0392,seller_020,340.44,17.44
order_000815,1,prod_0138,seller_012,397.28,42.48
order_000816,1,prod_0062,seller_031,36.77,25.7
order_000816,1,prod_0198,seller_031,159.91,9.92
order_000817,1,prod_0144,seller_036,384.65,35.26
order_000818,1,prod_0283,seller_023,192.67,20.8
order_000819,1,prod_0345,seller_039,159.83,33.28
order_000820,1,prod_0247,seller_013,236.07,42.34
order_000821,1,prod_0257,seller_039,50.59,14.67
order_000821,1,prod_0264,seller_039,363.93,44.66
order_000822,1,prod_0424,seller_020,184.09,24.83
order_000822,1,prod_0484,seller_020,99.76,21.13
order_000823,1,prod_0132,seller_003,225.51,30.64
order_000824,1,prod_0432,seller_016,383.66,38.9
order_000825,1,prod_0425,seller_021,209.9,12.07
order_000826,1,prod_0456,seller_031,264.6,37.13
order_000827,1,prod_0299,seller_022,342.87,34.58
order_000827,1,prod_0371,seller_022,379.63,24.93
order_000828,1,prod_0301,seller_020,224.27,36.1
order_000828,1,prod_0377,seller_020,337.48,15.61
order_000829,1,prod_0446,seller_034,46.15,24.49
order_000829,1,prod_0230,seller_034,337.61,27.85
order_000830,1,prod_0458,seller_032,37.55,36.68
order_000830,1,prod_0417,seller_032,292.4,40.79
order_000831,1,prod_0285,seller_020,367.55,39.97
order_000831,1,prod_0269,seller_020,295.09,40.29
order_000832,1,prod_0303,seller_007,48.35,15.72
order_000832,1,prod_0260,seller_007,139.76,17.84
order_000833,1,prod_0126,seller_022,382.24,21.93
order_000834,1,prod_0460,seller_034,99.11,36.83
order_000834,1,prod_0299,seller_034,90.89,22.83
order_000835,1,prod_0033,seller_008,330.56,14.47
order_000836,1,prod_0369,seller_027,105.57,33.33
order_000837,1,prod_0360,seller_022,223.18,29.45
order_000838,1,prod_0422,seller_033,257.95,26.53
order_000839,1,prod_0424,seller_027,82.04,30.46
order_000839,1,prod_0344,seller_027,179.81,23.03
order_000840,1,prod_0179,seller_007,145.66,19.89
order_000840,1,prod_0050,seller_007,355.12,21.62
order_000841,1,prod_0249,seller_015,267.93,30.04
order_000841,1,prod_0478,seller_015,122.09,42.24
order_000842,1,prod_0348,seller_021,326.54,24.31
order_000843,1,prod_0264,seller_007,237.64,32.58
order_000843,1,prod_0376,seller_007,144.49,23.39
order_000844,1,prod_0116,seller_034,253.19,8.09
order_000845,1,prod_0461,seller_025,246.1,17.09
order_000846,1,prod_0446,seller_017,347.06,5.23
order_000846,1,prod_0488,seller_017,304.09,27.92
order_000847,1,prod_0173,seller_035,76.21,11.01
order_000848,1,prod_0458,seller_018,374.2,41.22
order_000849,1,prod_0413,seller_034,252.06,41.21
order_000850,1,prod_0024,seller_011,261.92,26.4
order_000850,1,prod_0200,seller_011,143.59,7.07
order_000851,1,prod_0109,seller_016,268.01,10.29
order_000851,1,prod_0380,seller_016,289.95,10.04
order_000852,1,prod_0156,seller_007,258.47,20.15
order_000852,1,prod_0117,seller_007,149.16,5.05
order_000853,1,prod_0370,seller_027,174.17,13.34
order_000854,1,prod_0353,seller_007,63.08,20.94
order_000855,1,prod_0022,seller_004,312.89,10.89
order_000856,1,prod_0413,seller_030,251.57,18.47
order_000857,1,prod_0455,seller_006,46.0,27.86
order_000858,1,prod_0429,seller_016,249.94,31.28
order_000859,1,prod_0150,seller_026,375.38,18.05
order_000859,1,prod_0461,seller_026,69.53,6.29
order_000860,1,prod_0393,seller_000,274.77,39.11
order_000860,1,prod_0350,seller_000,207.83,32.08
order_000861,1,prod_0352,seller_010,355.22,40.68
order_000862,1,prod_0120,seller_034,372.38,24.53
order_000862,1,prod_0051,seller_034,358.82,29.85
order_000863,1,prod_0004,seller_033,263.65,30.33
order_000863,1,prod_0484,seller_033,227.7,29.3
order_000864,1,prod_0287,seller_011,323.41,43.57
order_000865,1,prod_0105,seller_007,52.04,28.32
order_000866,1,prod_0410,seller_008,319.8,44.09
order_000866,1,prod_0389,seller_008,246.18,40.2
order_000867,1,prod_0401,seller_006,35.6,21.93
order_000868,1,prod_0073,seller_011,131.52,25.67
order_000869,1,prod_0108,seller_027,118.64,44.39
order_000869,1,prod_0072,seller_027,392.15,17.92
order_000870,1,prod_0315,seller_037,121.62,36.1
order_000871,1,prod_0365,seller_004,125.14,30.78
order_000872,1,prod_0039,seller_005,91.37,16.08
order_000873,1,prod_0463,seller_026,356.84,38.96
order_000874,1,prod_0171,seller_031,126.09,37.7
order_000874,1,prod_0183,seller_031,153.38,33.47
order_000875,1,prod_0493,seller_001,86.75,35.46
order_000875,1,prod_0417,seller_001,289.32,23.7
order_000876,1,prod_0322,seller_022,299.03,27.3
order_000876,1,prod_0071,seller_022,354.16,30.7
order_000877,1,prod_0142,seller_012,337.07,40.74
order_000878,1,prod_0021,seller_039,397.49,18.29
order_000879,1,prod_0256,seller_004,20.94,24.31
order_000880,1,prod_0198,seller_010,192.37,43.1
order_000881,1,prod_0432,seller_021,318.21,42.41
order_000881,1,prod_0233,seller_021,166.68,41.82
order_000882,1,prod_0042,seller_028,294.53,13.16
order_000883,1,prod_0340,seller_034,267.8,28.54
order_000883,1,prod_0485,seller_034,21.45,12.97
order_000884,1,prod_0435,seller_024,368.04,12.4
order_000885,1,prod_0166,seller_024,353.01,14.02
order_000885,1,prod_0120,seller_024,250.71,11.55
order_000886,1,prod_0372,seller_028,98.81,10.49
order_000887,1,prod_0282,seller_031,252.46,25.29
order_000888,1,prod_0232,seller_031,383.57,40.81
order_000889,1,prod_0029,seller_024,356.52,6.32
order_000889,1,prod_0137,seller_024,177.78,20.11
order_000890,1,prod_0480,seller_035,88.78,17.78
order_000891,1,prod_0042,seller_019,310.05,14.93
order_000891,1,prod_0140,seller_019,17.14,27.27
order_000892,1,prod_0431,seller_036,357.16,24.93
order_000893,1,prod_0331,seller_016,201.05,9.72
order_000894,1,prod_0034,seller_025,248.54,34.29
order_000895,1,prod_0309,seller_033,19.66,8.89
order_000896,1,prod_0022,seller_034,239.73,20.2
order_000896,1,prod_0188,seller_034,199.82,35.62
order_000897,1,prod_0282,seller_036,351.15,14.3
order_000897,1,prod_0214,seller_036,167.86,28.72
order_000898,1,prod_0167,seller_035,252.08,6.52
order_000898,1,prod_0041,seller_035,95.69,22.62
order_000899,1,prod_0138,seller_006,343.96,29.47
order_000899,1,prod_0383,seller_006,96.95,14.69
order_000900,1,prod_0075,seller_024,63.98,22.59
order_000900,1,prod_0345,seller_024,223.81,16.93
order_000901,1,prod_0461,seller_000,203.48,8.97
order_000902,1,prod_0203,seller_026,231.33,37.82
order_000902,1,prod_0344,seller_026,342.78,23.3
order_000903,1,prod_0101,seller_037,57.76,6.61
order_000903,1,prod_0030,seller_037,246.77,38.27
order_000904,1,prod_0153,seller_039,176.77,30.7
order_000904,1,prod_0051,seller_039,114.66,21.28
order_000905,1,prod_0206,seller_005,194.76,23.92
order_000906,1,prod_0234,seller_032,326.62,23.31
order_000907,1,prod_0263,seller_025,216.07,7.33
order_000907,1,prod_0013,seller_025,315.15,13.46
order_000908,1,prod_0225,seller_000,327.81,22.2
order_000909,1,prod_0184,seller_019,80.48,17.83
order_000910,1,prod_0167,seller_019,295.91,35.92
order_000910,1,prod_0268,seller_019,150.64,36.96
order_000911,1,prod_0211,seller_016,154.37,27.64
order_000912,1,prod_0321,seller_029,346.65,38.01
order_000912,1,prod_0356,seller_029,147.48,23.97
order_000913,1,prod_0385,seller_034,351.87,28.21
order_000914,1,prod_0301,seller_039,204.99,11.86
order_000915,1,prod_0152,seller_032,328.65,36.45
order_000916,1,prod_0467,seller_036,362.0,35.26
order_000917,1,prod_0330,seller_034,241.3,40.4
order_000918,1,prod_0027,seller_034,165.79,37.01
order_000918,1,prod_0399,seller_034,331.6,9.01
order_000919,1,prod_0329,seller_016,392.27,38.93
order_000920,1,prod_0181,seller_008,353.66,9.55
order_000920,1,prod_0409,seller_008,127.67,44.04
order_000921,1,prod_0234,seller_027,189.61,5.82
order_000921,1,prod_0024,seller_027,356.94,11.96
order_000922,1,prod_0350,seller_033,156.21,26.86
order_000922,1,prod_0045,seller_033,140.2,35.41
order_000923,1,prod_0225,seller_025,260.37,13.51
order_000923,1,prod_0160,seller_025,321.23,27.94
order_000924,1,prod_0121,seller_006,301.36,5.98
order_000924,1,prod_0195,seller_006,179.67,31.07
order_000925,1,prod_0455,seller_010,366.43,6.36
order_000926,1,prod_0136,seller_039,234.0,10.8
order_000927,1,prod_0039,seller_011,317.66,7.34
order_000928,1,prod_0124,seller_016,305.79,21.49
order_000928,1,prod_0312,seller_016,378.77,6.85
order_000929,1,prod_0155,seller_022,379.49,6.41
order_000930,1,prod_0470,seller_010,257.15,10.88
order_000931,1,prod_0325,seller_014,56.72,31.71
order_000932,1,prod_0471,seller_011,31.38,27.5
order_000932,1,prod_0134,seller_011,101.38,23.37
order_000933,1,prod_0477,seller_006,100.2,12.05
order_000934,1,prod_0375,seller_032,376.04,8.76
order_000934,1,prod_0224,seller_032,242.09,8.93
order_000935,1,prod_0156,seller_006,303.79,35.08
order_000935,1,prod_0117,seller_006,254.15,32.01
order_000936,1,prod_0287,seller_009,264.03,32.21
order_000936,1,prod_0092,seller_009,207.93,26.68
order_000937,1,prod_0367,seller_013,115.16,25.25
order_000937,1,prod_0442,seller_013,30.01,41.5
order_000938,1,prod_0007,seller_024,384.14,40.68
order_000938,1,prod_0045,seller_024,385.76,37.33
order_000939,1,prod_0433,seller_035,76.76,7.84
order_000939,1,prod_0120,seller_035,288.88,12.45
order_000940,1,prod_0235,seller_011,22.28,19.6
order_000941,1,prod_0033,seller_006,276.29,29.82
order_000942,1,prod_0401,seller_034,379.64,37.6
order_000942,1,prod_0061,seller_034,96.75,11.61
order_000943,1,prod_0265,seller_019,212.09,41.02
order_000944,1,prod_0061,seller_029,92.33,37.39
order_000945,1,prod_0051,seller_027,245.2,39.66
order_000945,1,prod_0144,seller_027,155.33,34.46
order_000946,1,prod_0463,seller_012,249.01,18.08
order_000947,1,prod_0288,seller_029,117.28,38.71
order_000948,1,prod_0102,seller_018,361.36,27.94
order_000948,1,prod_0028,seller_018,391.96,26.86
order_000949,1,prod_0230,seller_008,122.84,11.47
order_000950,1,prod_0251,seller_028,272.71,16.61
order_000951,1,prod_0448,seller_012,326.11,27.68
order_000952,1,prod_0429,seller_034,142.06,43.13
order_000953,1,prod_0052,seller_029,238.37,13.94
order_000953,1,prod_0174,seller_029,251.93,9.95
order_000954,1,prod_0463,seller_008,331.82,15.61
order_000955,1,prod_0135,seller_032,359.37,14.64
order_000955,1,prod_0278,seller_032,80.54,19.34
order_000956,1,prod_0131,seller_013,180.33,38.16
order_000957,1,prod_0007,seller_005,210.91,20.74
order_000958,1,prod_0361,seller_003,99.28,20.26
order_000958,1,prod_0401,seller_003,149.72,25.2
order_000959,1,prod_0205,seller_019,147.52,25.65
order_000960,1,prod_0443,seller_036,59.23,13.4
order_000961,1,prod_0094,seller_030,313.81,7.17
order_000961,1,prod_0280,seller_030,330.33,7.32
order_000962,1,prod_0327,seller_023,358.65,25.98
order_000963,1,prod_0048,seller_026,97.46,28.46
order_000964,1,prod_0119,seller_038,287.41,7.38
order_000965,1,prod_0151,seller_035,150.39,11.25
order_000966,1,prod_0210,seller_035,279.9,9.37
order_000966,1,prod_0464,seller_035,140.72,8.43
order_000967,1,prod_0063,seller_030,103.48,35.03
order_000967,1,prod_0284,seller_030,48.88,29.92
order_000968,1,prod_0176,seller_027,125.02,43.14
order_000968,1,prod_0254,seller_027,378.46,8.82
order_000969,1,prod_0427,seller_036,156.76,25.35
order_000969,1,prod_0466,seller_036,102.61,26.64
order_000970,1,prod_0396,seller_034,160.45,28.97
order_000970,1,prod_0349,seller_034,265.67,32.23
order_000971,1,prod_0182,seller_016,250.73,41.75
order_000972,1,prod_0001,seller_036,111.6,43.07
order_000973,1,prod_0028,seller_035,192.68,8.06
order_000974,1,prod_0050,seller_023,125.42,10.49
order_000974,1,prod_0333,seller_023,220.19,5.11
order_000975,1,prod_0174,seller_031,280.09,31.66
order_000975,1,prod_0187,seller_031,98.19,32.33
order_000976,1,prod_0108,seller_011,232.26,10.96
order_000976,1,prod_0325,seller_011,211.51,6.27
order_000977,1,prod_0152,seller_016,357.94,21.27
order_000977,1,prod_0148,seller_016,300.35,6.52
order_000978,1,prod_0318,seller_012,216.87,10.36
order_000978,1,prod_0213,seller_012,305.52,41.87
order_000979,1,prod_0205,seller_035,148.04,5.16
order_000980,1,prod_0377,seller_019,306.67,39.19
order_000981,1,prod_0339,seller_024,312.68,43.7
order_000981,1,prod_0062,seller_024,363.16,30.68
order_000982,1,prod_0166,seller_023,331.27,7.52
order_000982,1,prod_0428,seller_023,221.16,11.75
order_000983,1,prod_0204,seller_025,25.9,37.07
order_000984,1,prod_0337,seller_008,76.87,22.53
order_000984,1,prod_0042,seller_008,318.25,40.37
order_000985,1,prod_0401,seller_024,333.67,30.21
order_000985,1,prod_0151,seller_024,53.69,29.11
order_000986,1,prod_0482,seller_002,131.26,9.0
order_000986,1,prod_0302,seller_002,333.53,24.34
order_000987,1,prod_0382,seller_024,269.67,42.03
order_000988,1,prod_0418,seller_012,322.48,18.83
order_000988,1,prod_0452,seller_012,61.33,24.76
order_000989,1,prod_0089,seller_038,219.91,32.78
order_000989,1,prod_0140,seller_038,151.87,7.05
order_000990,1,prod_0353,seller_020,119.67,16.94
order_000991,1,prod_0245,seller_011,197.16,33.8
order_000992,1,prod_0423,seller_034,42.53,44.58
order_000993,1,prod_0359,seller_004,399.8,18.28
order_000994,1,prod_0195,seller_000,279.42,6.8
order_000994,1,prod_0036,seller_000,16.88,41.56
order_000995,1,prod_0403,seller_028,332.77,5.87
order_000995,1,prod_0222,seller_028,91.37,31.21
order_000996,1,prod_0209,seller_002,24.84,34.11
order_000997,1,prod_0251,seller_005,353.06,33.74
order_000997,1,prod_0217,seller_005,57.54,36.98
order_000998,1,prod_0382,seller_002,282.67,26.31
order_000998,1,prod_0474,seller_002,246.79,22.15
order_000999,1,prod_0245,seller_010,149.53,15.4
order_000999,1,prod_0471,seller_010,325.07,21.9
order_001000,1,prod_0003,seller_023,354.4,21.33
order_001000,1,prod_0186,seller_023,388.96,31.14
order_001001,1,prod_0246,seller_006,53.47,31.59
order_001002,1,prod_0391,seller_038,27.31,22.09
order_001002,1,prod_0436,seller_038,332.31,32.1
order_001003,1,prod_0173,seller_011,257.66,18.66
order_001003,1,prod_0303,seller_011,313.54,38.14
order_001004,1,prod_0159,seller_027,338.57,42.95
order_001004,1,prod_0341,seller_027,15.25,27.72
order_001005,1,prod_0133,seller_032,262.48,43.07
order_001005,1,prod_0117,seller_032,329.16,13.68
order_001006,1,prod_0310,seller_002,347.17,37.9
order_001006,1,prod_0469,seller_002,161.51,11.66
order_001007,1,prod_0001,seller_027,362.15,28.08
order_001007,1,prod_0441,seller_027,73.78,21.18
order_001008,1,prod_0005,seller_029,123.53,14.87
order_001008,1,prod_0212,seller_029,234.34,12.11
order_001009,1,prod_0325,seller_030,123.37,9.98
order_001010,1,prod_0210,seller_004,105.58,7.12
order_001010,1,prod_0279,seller_004,252.16,16.9
order_001011,1,prod_0011,seller_008,44.23,44.19
order_001012,1,prod_0076,seller_035,293.58,28.16
order_001012,1,prod_0469,seller_035,192.15,13.34
order_001013,1,prod_0170,seller_002,303.28,22.9
order_001013,1,prod_0349,seller_002,155.78,14.08
order_001014,1,prod_0264,seller_026,289.98,19.1
order_001014,1,prod_0213,seller_026,291.58,14.1
order_001015,1,prod_0090,seller_017,299.74,42.92
order_001015,1,prod_0124,seller_017,385.81,44.78
order_001016,1,prod_0055,seller_025,131.55,15.43
order_001016,1,prod_0274,seller_025,104.8,17.16
order_001017,1,prod_0135,seller_034,322.26,30.36
order_001018,1,prod_0325,seller_036,288.38,21.94
order_001019,1,prod_0253,seller_039,88.75,28.82
order_001019,1,prod_0225,seller_039,148.76,42.93
order_001020,1,prod_0214,seller_014,189.97,17.81
order_001020,1,prod_0065,seller_014,201.86,7.96
order_001021,1,prod_0348,seller_026,346.63,35.26
order_001022,1,prod_0016,seller_037,27.49,42.98
order_001022,1,prod_0087,seller_037,132.81,20.74
order_001023,1,prod_0005,seller_021,250.32,15.18
order_001024,1,prod_0265,seller_014,318.7,42.05
order_001025,1,prod_0281,seller_012,381.56,6.17
order_001025,1,prod_0147,seller_012,87.4,29.67
order_001026,1,prod_0304,seller_031,145.11,12.97
order_001027,1,prod_0471,seller_034,227.09,19.63
order_001028,1,prod_0304,seller_038,57.77,14.19
order_001029,1,prod_0126,seller_009,356.53,41.32
order_001029,1,prod_0382,seller_009,84.68,14.83
order_001030,1,prod_0402,seller_038,114.67,42.34
order_001030,1,prod_0483,seller_038,44.82,21.29
order_001031,1,prod_0142,seller_031,374.41,41.91
order_001032,1,prod_0375,seller_000,82.51,16.02
order_001032,1,prod_0474,seller_000,35.83,44.56
order_001033,1,prod_0299,seller_006,110.15,27.3
order_001034,1,prod_0161,seller_011,259.58,5.0
order_001035,1,prod_0402,seller_028,183.42,30.57
order_001035,1,prod_0332,seller_028,234.96,14.56
order_001036,1,prod_0191,seller_012,108.28,41.41
order_001036,1,prod_0447,seller_012,68.12,39.14
order_001037,1,prod_0071,seller_025,381.71,26.97
order_001038,1,prod_0035,seller_004,164.75,37.59
order_001038,1,prod_0456,seller_004,284.99,23.41
order_001039,1,prod_0411,seller_006,325.56,8.2
order_001039,1,prod_0324,seller_006,384.28,6.74
order_001040,1,prod_0420,seller_035,391.66,44.7
order_001041,1,prod_0068,seller_001,393.93,37.31
order_001041,1,prod_0025,seller_001,134.03,23.83
order_001042,1,prod_0260,seller_029,124.74,15.78
order_001042,1,prod_0170,seller_029,264.84,22.17
order_001043,1,prod_0213,seller_030,182.91,21.55
order_001044,1,prod_0478,seller_028,286.34,35.41
order_001045,1,prod_0030,seller_023,144.51,37.17
order_001045,1,prod_0206,seller_023,266.96,13.03
order_001046,1,prod_0050,seller_038,114.6,29.28
order_001047,1,prod_0250,seller_003,53.7,26.4
order_001048,1,prod_0298,seller_025,157.57,5.81
order_001048,1,prod_0499,seller_025,204.77,16.05
order_001049,1,prod_0272,seller_002,135.53,40.42
order_001049,1,prod_0100,seller_002,192.82,17.72
order_001050,1,prod_0136,seller_024,358.14,30.99
order_001051,1,prod_0174,seller_025,399.55,18.17
order_001052,1,prod_0061,seller_036,203.77,38.77
order_001053,1,prod_0208,seller_026,239.34,26.84
order_001054,1,prod_0022,seller_013,132.07,20.54
order_001055,1,prod_0474,seller_011,218.82,31.18
order_001056,1,prod_0431,seller_019,200.35,33.46
order_001056,1,prod_0304,seller_019,63.81,18.04
order_001057,1,prod_0353,seller_014,79.9,33.35
order_001057,1,prod_0452,seller_014,192.22,41.76
order_001058,1,prod_0320,seller_039,262.71,23.04
order_001058,1,prod_0097,seller_039,55.27,10.04
order_001059,1,prod_0424,seller_016,320.42,40.74
order_001060,1,prod_0029,seller_028,135.98,35.41
order_001061,1,prod_0299,seller_007,379.88,25.5
order_001061,1,prod_0107,seller_007,316.51,38.09
order_001062,1,prod_0434,seller_031,388.54,42.88
order_001062,1,prod_0109,seller_031,253.63,44.36
order_001063,1,prod_0215,seller_022,113.41,33.85
order_001063,1,prod_0054,seller_022,320.53,44.43
order_001064,1,prod_0463,seller_018,123.79,13.53
order_001065,1,prod_0382,seller_031,61.49,29.47
order_001065,1,prod_0267,seller_031,222.18,24.37
order_001066,1,prod_0241,seller_023,211.91,12.9
order_001066,1,prod_0418,seller_023,43.84,6.49
order_001067,1,prod_0204,seller_003,354.4,20.99
order_001067,1,prod_0174,seller_003,394.1,24.99
order_001068,1,prod_0241,seller_004,99.42,24.13
order_001068,1,prod_0281,seller_004,254.55,35.4
order_001069,1,prod_0128,seller_009,20.53,35.19
order_001069,1,prod_0006,seller_009,40.45,25.35
order_001070,1,prod_0027,seller_014,260.59,33.85
order_001070,1,prod_0278,seller_014,72.82,41.29
order_001071,1,prod_0389,seller_028,348.34,5.53
order_001072,1,prod_0420,seller_004,355.66,33.32
order_001072,1,prod_0252,seller_004,127.59,13.97
order_001073,1,prod_0323,seller_016,106.5,10.13
order_001073,1,prod_0165,seller_016,58.32,30.02
order_001074,1,prod_0191,seller_001,269.26,19.35
order_001075,1,prod_0348,seller_004,193.1,32.55
order_001076,1,prod_0162,seller_019,20.82,11.33
order_001077,1,prod_0073,seller_000,175.46,22.24
order_001078,1,prod_0464,seller_037,336.66,43.57
order_001078,1,prod_0144,seller_037,128.47,36.39
order_001079,1,prod_0439,seller_011,183.22,8.5
order_001080,1,prod_0369,seller_025,264.59,24.75
order_001081,1,prod_0129,seller_028,329.38,20.46
order_001081,1,prod_0459,seller_028,356.19,20.13
order_001082,1,prod_0229,seller_007,293.91,11.34
order_001083,1,prod_0088,seller_020,90.23,36.42
order_001083,1,prod_0025,seller_020,160.63,8.15
order_001084,1,prod_0232,seller_037,262.77,26.65
order_001084,1,prod_0189,seller_037,204.15,23.42
order_001085,1,prod_0314,seller_006,158.51,13.83
order_001086,1,prod_0494,seller_005,352.39,37.64
order_001086,1,prod_0096,seller_005,55.01,26.27
order_001087,1,prod_0499,seller_011,329.6,34.03
order_001087,1,prod_0423,seller_011,263.74,40.47
order_001088,1,prod_0202,seller_025,91.16,25.63
order_001088,1,prod_0277,seller_025,146.87,32.02
order_001089,1,prod_0205,seller_018,138.06,6.52
order_001089,1,prod_0379,seller_018,371.25,44.68
order_001090,1,prod_0268,seller_003,204.39,40.83
order_001090,1,prod_0071,seller_003,274.94,22.38
order_001091,1,prod_0258,seller_024,230.97,18.73
order_001091,1,prod_0003,seller_024,301.29,14.72
order_001092,1,prod_0278,seller_001,182.89,22.2
order_001092,1,prod_0074,seller_001,189.05,22.56
order_001093,1,prod_0024,seller_019,268.71,19.46
order_001093,1,prod_0292,seller_019,375.39,38.84
order_001094,1,prod_0452,seller_037,269.71,17.13
order_001094,1,prod_0374,seller_037,279.45,41.34
order_001095,1,prod_0325,seller_039,120.78,32.56
order_001095,1,prod_0252,seller_039,332.25,39.65
order_001096,1,prod_0152,seller_005,170.1,17.0
order_001097,1,prod_0190,seller_018,313.71,26.66
order_001098,1,prod_0381,seller_016,24.2,37.62
order_001098,1,prod_0113,seller_016,356.87,8.58
order_001099,1,prod_0029,seller_032,262.83,42.8
order_001100,1,prod_0115,seller_028,133.28,29.63
order_001100,1,prod_0029,seller_028,98.01,6.53
order_001101,1,prod_0495,seller_030,317.73,11.24
order_001101,1,prod_0043,seller_030,141.82,19.29
order_001102,1,prod_0445,seller_026,66.35,5.43
order_001102,1,prod_0217,seller_026,219.63,39.42
order_001103,1,prod_0121,seller_038,158.59,22.64
order_001103,1,prod_0231,seller_038,310.83,35.18
order_001104,1,prod_0269,seller_037,329.9,34.48
order_001105,1,prod_0076,seller_027,359.81,9.09
order_001106,1,prod_0401,seller_010,47.58,39.36
order_001106,1,prod_0425,seller_010,242.15,13.92
order_001107,1,prod_0069,seller_013,351.4,38.07
order_001108,1,prod_0236,seller_007,310.6,11.93
order_001108,1,prod_0234,seller_007,278.26,17.49
order_001109,1,prod_0006,seller_036,222.09,35.43
order_001109,1,prod_0208,seller_036,358.51,8.48
order_001110,1,prod_0102,seller_038,74.29,7.36
order_001111,1,prod_0188,seller_017,137.57,31.63
order_001111,1,prod_0207,seller_017,278.43,15.82
order_001112,1,prod_0044,seller_036,88.79,43.27
order_001112,1,prod_0062,seller_036,210.58,12.66
order_001113,1,prod_0406,seller_037,255.08,38.24
order_001114,1,prod_0310,seller_038,28.71,6.82
order_001115,1,prod_0493,seller_015,32.95,27.44
order_001115,1,prod_0372,seller_015,223.59,19.0
order_001116,1,prod_0499,seller_018,69.31,6.59
order_001117,1,prod_0008,seller_031,211.36,16.15
order_001117,1,prod_0386,seller_031,125.81,24.27
order_001118,1,prod_0491,seller_027,69.71,37.34
order_001118,1,prod_0423,seller_027,354.08,16.7
order_001119,1,prod_0009,seller_022,122.24,21.34
order_001119,1,prod_0341,seller_022,41.4,36.62
order_001120,1,prod_0468,seller_021,358.38,20.0
order_001120,1,prod_0459,seller_021,125.31,25.62
order_001121,1,prod_0434,seller_019,301.32,17.53
order_001122,1,prod_0385,seller_011,42.23,25.14
order_001122,1,prod_0494,seller_011,351.36,5.13
order_001123,1,prod_0442,seller_034,332.33,21.78
order_001123,1,prod_0141,seller_034,31.52,43.56
order_001124,1,prod_0083,seller_024,142.2,33.16
order_001125,1,prod_0051,seller_037,117.77,41.84
order_001125,1,prod_0133,seller_037,87.95,28.68
order_001126,1,prod_0467,seller_026,334.96,19.87
order_001126,1,prod_0148,seller_026,61.6,39.94
order_001127,1,prod_0274,seller_009,368.39,43.79
order_001128,1,prod_0447,seller_006,59.93,14.2
order_001128,1,prod_0350,seller_006,296.87,10.99
order_001129,1,prod_0262,seller_021,301.38,39.47
order_001130,1,prod_0275,seller_024,226.24,18.06
order_001130,1,prod_0362,seller_024,56.17,10.46
order_001131,1,prod_0433,seller_038,234.26,14.79
order_001132,1,prod_0150,seller_037,347.72,40.81
order_001133,1,prod_0100,seller_008,209.41,17.74
order_001133,1,prod_0022,seller_008,46.84,22.35
order_001134,1,prod_0143,seller_032,170.03,26.83
order_001134,1,prod_0229,seller_032,320.82,12.41
order_001135,1,prod_0355,seller_037,214.56,17.39
order_001135,1,prod_0033,seller_037,103.95,29.23
order_001136,1,prod_0178,seller_000,328.17,30.37
order_001137,1,prod_0239,seller_007,146.87,32.05
order_001138,1,prod_0279,seller_013,16.41,16.29
order_001138,1,prod_0036,seller_013,300.88,5.42
order_001139,1,prod_0168,seller_031,25.89,7.3
order_001139,1,prod_0208,seller_031,390.57,5.23
order_001140,1,prod_0264,seller_037,256.6,12.76
order_001141,1,prod_0380,seller_021,116.86,20.73
order_001142,1,prod_0432,seller_001,372.14,33.25
order_001143,1,prod_0058,seller_032,163.13,43.71
order_001143,1,prod_0106,seller_032,22.54,33.58
order_001144,1,prod_0406,seller_037,63.97,20.04
order_001144,1,prod_0029,seller_037,139.18,13.79
order_001145,1,prod_0398,seller_013,233.8,20.01
order_001145,1,prod_0074,seller_013,103.18,28.33
order_001146,1,prod_0274,seller_003,220.8,10.24
order_001146,1,prod_0452,seller_003,399.59,28.39
order_001147,1,prod_0102,seller_024,59.57,35.89
order_001148,1,prod_0107,seller_004,303.32,24.87
order_001149,1,prod_0243,seller_017,361.58,24.45
order_001150,1,prod_0044,seller_034,390.85,26.82
order_001150,1,prod_0301,seller_034,148.94,27.6
order_001151,1,prod_0238,seller_033,341.03,35.54
order_001151,1,prod_0053,seller_033,204.05,14.81
order_001152,1,prod_0033,seller_001,17.23,14.78
order_001152,1,prod_0477,seller_001,268.32,22.53
order_001153,1,prod_0372,seller_002,357.26,42.17
order_001154,1,prod_0089,seller_000,142.37,16.22
order_001154,1,prod_0474,seller_000,205.7,22.11
order_001155,1,prod_0351,seller_033,323.45,21.41
order_001155,1,prod_0168,seller_033,126.09,27.72
order_001156,1,prod_0460,seller_013,298.11,28.13
order_001157,1,prod_0398,seller_036,224.95,10.72
order_001158,1,prod_0313,seller_025,253.26,23.83
order_001159,1,prod_0496,seller_027,76.48,29.27
order_001160,1,prod_0367,seller_002,294.08,36.16
order_001161,1,prod_0031,seller_009,190.26,43.52
order_001162,1,prod_0120,seller_009,317.54,8.65
order_001163,1,prod_0319,seller_036,18.16,19.98
order_001164,1,prod_0433,seller_022,170.28,42.7
order_001164,1,prod_0398,seller_022,177.12,19.63
order_001165,1,prod_0380,seller_035,290.04,12.56
order_001166,1,prod_0108,seller_023,67.52,12.74
order_001167,1,prod_0181,seller_024,169.08,9.48
order_001167,1,prod_0338,seller_024,354.42,40.51
order_001168,1,prod_0306,seller_002,158.02,14.98
order_001169,1,prod_0381,seller_002,218.92,38.91
order_001169,1,prod_0294,seller_002,19.14,29.67
order_001170,1,prod_0330,seller_009,344.58,7.8
order_001171,1,prod_0278,seller_039,365.61,18.65
order_001171,1,prod_0427,seller_039,378.9,10.67
order_001172,1,prod_0254,seller_002,339.18,10.07
order_001172,1,prod_0064,seller_002,173.86,6.41
order_001173,1,prod_0459,seller_028,109.15,42.59
order_001174,1,prod_0319,seller_002,358.59,43.33
order_001174,1,prod_0206,seller_002,319.79,27.27
order_001175,1,prod_0182,seller_034,350.47,34.95
order_001176,1,prod_0256,seller_038,143.02,22.3
order_001177,1,prod_0226,seller_037,242.87,20.42
order_001178,1,prod_0369,seller_029,96.82,13.93
order_001178,1,prod_0089,seller_029,193.12,25.55
order_001179,1,prod_0354,seller_013,137.24,38.98
order_001179,1,prod_0090,seller_013,259.07,25.35
order_001180,1,prod_0224,seller_023,115.93,14.8
order_001181,1,prod_0300,seller_018,150.4,36.8
order_001182,1,prod_0008,seller_036,331.26,21.14
order_001182,1,prod_0253,seller_036,100.65,38.67
order_001183,1,prod_0310,seller_021,274.54,24.59
order_001184,1,prod_0054,seller_001,281.99,13.6
order_001185,1,prod_0389,seller_010,77.65,42.32
order_001186,1,prod_0321,seller_018,355.84,23.16
order_001186,1,prod_0083,seller_018,259.42,41.87
order_001187,1,prod_0075,seller_022,172.6,36.13
order_001187,1,prod_0126,seller_022,155.27,40.46
order_001188,1,prod_0293,seller_039,141.95,20.73
order_001189,1,prod_0325,seller_005,103.13,37.05
order_001189,1,prod_0044,seller_005,238.22,17.01
order_001190,1,prod_0487,seller_010,204.55,13.84
order_001191,1,prod_0270,seller_017,68.86,32.41
order_001192,1,prod_0289,seller_011,333.56,22.05
order_001193,1,prod_0345,seller_021,346.58,40.07
order_001194,1,prod_0118,seller_031,186.77,19.78
order_001195,1,prod_0108,seller_024,184.36,25.02
order_001195,1,prod_0116,seller_024,169.22,32.38
order_001196,1,prod_0246,seller_002,292.3,7.99
order_001197,1,prod_0241,seller_002,218.47,23.83
order_001198,1,prod_0320,seller_003,47.08,33.45
order_001199,1,prod_0000,seller_010,278.7,35.85
order_001200,1,prod_0047,seller_007,42.52,42.09
order_001200,1,prod_0248,seller_007,200.7,22.32
order_001201,1,prod_0350,seller_006,342.16,20.05
order_001201,1,prod_0357,seller_006,169.41,43.52
order_001202,1,prod_0384,seller_005,180.45,24.69
order_001203,1,prod_0326,seller_037,305.18,42.04
order_001203,1,prod_0183,seller_037,296.88,15.15
order_001204,1,prod_0296,seller_030,149.61,14.6
order_001205,1,prod_0033,seller_002,308.57,21.51
order_001205,1,prod_0316,seller_002,171.7,8.33
order_001206,1,prod_0465,seller_000,64.85,5.43
order_001206,1,prod_0264,seller_000,96.79,33.97
order_001207,1,prod_0378,seller_012,49.22,22.48
order_001207,1,prod_0376,seller_012,396.34,14.18
order_001208,1,prod_0183,seller_011,361.99,22.24
order_001208,1,prod_0197,seller_011,306.27,41.63
order_001209,1,prod_0229,seller_013,369.32,40.49
order_001210,1,prod_0274,seller_035,369.21,35.41
order_001211,1,prod_0433,seller_025,95.07,31.92
order_001211,1,prod_0001,seller_025,124.2,10.67
order_001212,1,prod_0178,seller_009,395.45,19.42
order_001213,1,prod_0059,seller_031,308.83,39.53
order_001213,1,prod_0024,seller_031,37.93,7.67
order_001214,1,prod_0444,seller_018,335.47,12.97
order_001215,1,prod_0063,seller_037,119.91,43.92
order_001215,1,prod_0332,seller_037,103.29,41.45
order_001216,1,prod_0469,seller_018,371.82,27.61
order_001216,1,prod_0047,seller_018,119.54,40.95
order_001217,1,prod_0322,seller_018,60.64,12.43
order_001217,1,prod_0009,seller_018,45.64,22.53
order_001218,1,prod_0099,seller_022,294.86,12.1
order_001219,1,prod_0180,seller_029,164.24,23.1
order_001220,1,prod_0370,seller_006,384.82,32.48
order_001220,1,prod_0300,seller_006,384.26,11.46
order_001221,1,prod_0241,seller_011,168.18,21.34
order_001221,1,prod_0172,seller_011,63.64,14.18
order_001222,1,prod_0289,seller_003,265.88,9.49
order_001223,1,prod_0339,seller_008,149.44,14.27
order_001224,1,prod_0401,seller_009,210.79,13.67
order_001224,1,prod_0159,seller_009,208.65,25.4
order_001225,1,prod_0101,seller_021,152.3,43.64
order_001226,1,prod_0317,seller_007,206.08,43.3
order_001227,1,prod_0154,seller_012,291.48,10.7
order_001227,1,prod_0433,seller_012,34.98,18.63
order_001228,1,prod_0370,seller_038,300.36,44.55
order_001229,1,prod_0396,seller_031,298.27,35.06
order_001230,1,prod_0375,seller_024,341.33,21.18
order_001231,1,prod_0181,seller_033,228.84,26.53
order_001231,1,prod_0113,seller_033,373.89,9.02
order_001232,1,prod_0033,seller_033,337.77,9.1
order_001233,1,prod_0417,seller_018,369.18,7.46
order_001234,1,prod_0067,seller_009,273.06,11.56
order_001234,1,prod_0437,seller_009,161.74,14.45
order_001235,1,prod_0465,seller_039,153.82,5.59
order_001235,1,prod_0025,seller_039,291.62,8.18
order_001236,1,prod_0322,seller_006,149.62,6.13
order_001236,1,prod_0320,seller_006,185.1,6.82
order_001237,1,prod_0354,seller_008,125.57,15.48
order_001237,1,prod_0462,seller_008,85.62,26.78
order_001238,1,prod_0109,seller_027,281.45,35.43
order_001239,1,prod_0218,seller_029,78.01,32.19
order_001239,1,prod_0108,seller_029,396.35,10.75
order_001240,1,prod_0131,seller_003,53.96,18.26
order_001241,1,prod_0497,seller_014,347.98,24.41
order_001241,1,prod_0013,seller_014,150.18,41.27
order_001242,1,prod_0047,seller_004,296.8,10.17
order_001242,1,prod_0097,seller_004,94.16,25.02
order_001243,1,prod_0486,seller_014,139.44,28.95
order_001244,1,prod_0175,seller_011,17.53,40.38
order_001244,1,prod_0337,seller_011,329.7,22.4
order_001245,1,prod_0166,seller_023,46.64,36.25
order_001246,1,prod_0187,seller_001,156.27,34.79
order_001246,1,prod_0243,seller_001,88.71,28.98
order_001247,1,prod_0022,seller_016,313.74,27.7
order_001248,1,prod_0059,seller_016,247.05,29.22
order_001249,1,prod_0153,seller_032,148.85,31.84
order_001249,1,prod_0017,seller_032,101.47,43.58
order_001250,1,prod_0237,seller_025,68.5,8.2
order_001250,1,prod_0450,seller_025,135.24,29.33
order_001251,1,prod_0037,seller_016,104.53,13.61
order_001251,1,prod_0049,seller_016,369.07,19.04
order_001252,1,prod_0173,seller_038,54.22,7.12
order_001252,1,prod_0212,seller_038,95.17,33.89
order_001253,1,prod_0310,seller_039,21.29,5.63
order_001253,1,prod_0492,seller_039,207.5,15.66
order_001254,1,prod_0180,seller_013,271.96,8.91
order_001254,1,prod_0192,seller_013,375.78,42.5
order_001255,1,prod_0433,seller_016,250.26,12.83
order_001255,1,prod_0429,seller_016,366.86,13.64
order_001256,1,prod_0010,seller_027,203.69,7.74
order_001256,1,prod_0030,seller_027,180.05,18.76
order_001257,1,prod_0483,seller_008,133.18,38.16
order_001257,1,prod_0374,seller_008,215.27,15.87
order_001258,1,prod_0158,seller_023,344.47,21.69
order_001259,1,prod_0467,seller_003,233.65,33.78
order_001259,1,prod_0110,seller_003,260.21,19.76
order_001260,1,prod_0109,seller_004,231.72,11.05
order_001260,1,prod_0404,seller_004,359.73,5.46
order_001261,1,prod_0454,seller_011,228.75,19.48
order_001261,1,prod_0075,seller_011,289.4,9.71
order_001262,1,prod_0480,seller_031,235.78,25.34
order_001262,1,prod_0037,seller_031,103.38,20.92
order_001263,1,prod_0198,seller_039,49.54,41.95
order_001263,1,prod_0367,seller_039,225.1,21.06
order_001264,1,prod_0454,seller_005,47.57,39.73
order_001265,1,prod_0120,seller_002,301.0,26.63
order_001265,1,prod_0353,seller_002,330.29,30.65
order_001266,1,prod_0253,seller_031,282.56,38.96
order_001267,1,prod_0205,seller_006,297.01,17.38
order_001267,1,prod_0121,seller_006,247.34,29.04
order_001268,1,prod_0208,seller_000,276.66,28.0
order_001269,1,prod_0195,seller_025,104.02,44.83
order_001270,1,prod_0002,seller_030,140.93,17.42
order_001271,1,prod_0371,seller_037,155.57,41.89
order_001272,1,prod_0393,seller_005,290.41,44.09
order_001272,1,prod_0320,seller_005,239.94,32.44
order_001273,1,prod_0485,seller_037,327.57,12.48
order_001273,1,prod_0262,seller_037,328.93,5.61
order_001274,1,prod_0285,seller_028,102.69,34.48
order_001275,1,prod_0404,seller_032,239.28,44.74
order_001276,1,prod_0093,seller_014,358.9,10.68
order_001277,1,prod_0441,seller_013,249.68,37.93
order_001277,1,prod_0115,seller_013,152.4,25.99
order_001278,1,prod_0146,seller_002,350.14,28.97
order_001278,1,prod_0021,seller_002,378.58,31.6
order_001279,1,prod_0078,seller_022,329.34,30.63
order_001279,1,prod_0499,seller_022,272.79,5.69
order_001280,1,prod_0251,seller_037,33.32,16.2
order_001280,1,prod_0319,seller_037,272.13,23.86
order_001281,1,prod_0209,seller_013,229.02,32.83
order_001281,1,prod_0448,seller_013,118.57,9.15
order_001282,1,prod_0246,seller_037,188.27,6.63
order_001283,1,prod_0127,seller_033,376.34,36.74
order_001284,1,prod_0112,seller_006,203.91,31.5
order_001284,1,prod_0024,seller_006,57.51,40.69
order_001285,1,prod_0030,seller_035,308.73,6.14
order_001286,1,prod_0157,seller_031,152.86,18.48
order_001287,1,prod_0242,seller_004,129.3,15.4
order_001288,1,prod_0205,seller_008,355.23,32.28
order_001288,1,prod_0105,seller_008,350.06,24.02
order_001289,1,prod_0475,seller_035,20.49,17.77
order_001290,1,prod_0078,seller_010,282.77,5.23
order_001290,1,prod_0017,seller_010,344.43,24.63
order_001291,1,prod_0090,seller_039,151.07,42.41
order_001291,1,prod_0474,seller_039,95.79,7.38
order_001292,1,prod_0006,seller_014,338.83,28.09
order_001293,1,prod_0435,seller_018,52.19,29.56
order_001293,1,prod_0359,seller_018,322.95,15.99
order_001294,1,prod_0424,seller_013,276.65,22.33
order_001294,1,prod_0201,seller_013,352.8,36.67
order_001295,1,prod_0167,seller_022,218.44,32.44
order_001295,1,prod_0026,seller_022,176.39,21.68
order_001296,1,prod_0060,seller_003,193.22,30.67
order_001297,1,prod_0120,seller_011,324.45,33.47
order_001297,1,prod_0124,seller_011,371.7,39.21
order_001298,1,prod_0056,seller_005,169.11,5.22
order_001299,1,prod_0007,seller_028,207.43,18.56
order_001300,1,prod_0289,seller_019,76.62,32.45
order_001300,1,prod_0220,seller_019,40.36,29.4
order_001301,1,prod_0449,seller_031,396.01,28.36
order_001301,1,prod_0173,seller_031,111.9,16.6
order_001302,1,prod_0085,seller_028,217.92,8.22
order_001303,1,prod_0364,seller_031,23.33,22.36
order_001304,1,prod_0097,seller_027,373.53,29.15
order_001305,1,prod_0016,seller_009,277.52,9.76
order_001305,1,prod_0386,seller_009,348.69,15.44
order_001306,1,prod_0458,seller_021,277.65,13.54
order_001307,1,prod_0017,seller_033,275.53,36.28
order_001307,1,prod_0016,seller_033,19.23,32.48
order_001308,1,prod_0242,seller_017,388.6,35.35
order_001308,1,prod_0404,seller_017,218.39,11.69
order_001309,1,prod_0096,seller_021,72.5,39.69
order_001310,1,prod_0132,seller_031,198.04,7.85
order_001311,1,prod_0301,seller_032,326.95,21.51
order_001312,1,prod_0301,seller_030,377.94,16.25
order_001313,1,prod_0448,seller_039,273.4,28.5
order_001313,1,prod_0046,seller_039,261.66,12.57
order_001314,1,prod_0117,seller_030,269.51,25.6
order_001314,1,prod_0232,seller_030,336.14,25.34
order_001315,1,prod_0170,seller_035,394.98,31.14
order_001315,1,prod_0412,seller_035,112.12,9.06
order_001316,1,prod_0220,seller_013,338.82,28.06
order_001317,1,prod_0305,seller_011,280.31,5.0
order_001317,1,prod_0423,seller_011,237.21,18.28
order_001318,1,prod_0496,seller_021,159.82,32.97
order_001318,1,prod_0125,seller_021,308.48,40.53
order_001319,1,prod_0078,seller_021,16.37,22.49
order_001319,1,prod_0237,seller_021,43.05,19.94
order_001320,1,prod_0174,seller_029,245.48,26.77
order_001321,1,prod_0054,seller_011,202.13,23.74
order_001321,1,prod_0091,seller_011,202.3,6.24
order_001322,1,prod_0337,seller_031,269.68,26.25
order_001323,1,prod_0242,seller_004,52.96,7.85
order_001323,1,prod_0177,seller_004,129.33,31.78
order_001324,1,prod_0055,seller_027,68.19,16.23
order_001325,1,prod_0265,seller_033,110.89,36.7
order_001326,1,prod_0152,seller_019,317.74,32.56
order_001326,1,prod_0131,seller_019,353.31,32.73
order_001327,1,prod_0356,seller_023,395.21,40.8
order_001328,1,prod_0391,seller_025,123.8,9.26
order_001329,1,prod_0158,seller_031,292.49,15.64
order_001329,1,prod_0391,seller_031,134.12,40.97
order_001330,1,prod_0405,seller_012,93.35,24.66
order_001330,1,prod_0282,seller_012,353.51,32.22
order_001331,1,prod_0435,seller_014,336.28,42.61
order_001331,1,prod_0201,seller_014,199.38,10.49
order_001332,1,prod_0149,seller_039,164.74,36.47
order_001333,1,prod_0120,seller_025,391.84,24.98
order_001334,1,prod_0335,seller_022,26.26,18.85
order_001335,1,prod_0374,seller_009,55.17,33.59
order_001335,1,prod_0024,seller_009,233.97,40.44
order_001336,1,prod_0311,seller_030,289.22,38.61
order_001336,1,prod_0027,seller_030,314.3,28.96
order_001337,1,prod_0214,seller_028,113.63,27.68
order_001338,1,prod_0262,seller_026,233.1,30.97
order_001339,1,prod_0290,seller_020,26.18,6.89
order_001340,1,prod_0202,seller_025,223.55,28.16
order_001340,1,prod_0322,seller_025,191.93,35.13
order_001341,1,prod_0137,seller_018,67.58,6.5
order_001341,1,prod_0407,seller_018,243.45,6.83
order_001342,1,prod_0441,seller_034,291.97,41.43
order_001343,1,prod_0118,seller_017,277.17,8.51
order_001344,1,prod_0252,seller_025,76.28,29.2
order_001344,1,prod_0325,seller_025,110.21,22.64
order_001345,1,prod_0000,seller_012,98.43,44.85
order_001346,1,prod_0468,seller_002,345.21,34.59
order_001346,1,prod_0469,seller_002,265.78,25.84
order_001347,1,prod_0252,seller_009,327.12,14.14
order_001348,1,prod_0338,seller_032,316.32,28.15
order_001349,1,prod_0122,seller_001,359.0,40.13
order_001350,1,prod_0377,seller_033,164.73,42.85
order_001351,1,prod_0368,seller_019,30.41,40.75
order_001351,1,prod_0369,seller_019,191.14,17.14
order_001352,1,prod_0205,seller_026,285.69,21.79
order_001352,1,prod_0011,seller_026,343.04,22.0
order_001353,1,prod_0411,seller_003,83.78,30.06
order_001353,1,prod_0306,seller_003,324.27,9.99
order_001354,1,prod_0148,seller_034,144.69,39.27
order_001354,1,prod_0178,seller_034,327.76,41.55
order_001355,1,prod_0190,seller_034,390.58,18.55
order_001355,1,prod_0054,seller_034,243.15,6.47
order_001356,1,prod_0107,seller_036,26.23,11.17
order_001357,1,prod_0121,seller_034,397.05,37.46
order_001358,1,prod_0190,seller_037,372.6,33.33
order_001359,1,prod_0211,seller_003,387.14,32.25
order_001359,1,prod_0121,seller_003,130.69,20.35
order_001360,1,prod_0132,seller_007,109.52,23.98
order_001360,1,prod_0250,seller_007,318.71,8.26
order_001361,1,prod_0273,seller_023,363.77,23.01
order_001361,1,prod_0069,seller_023,324.24,16.98
order_001362,1,prod_0276,seller_032,367.83,7.91
order_001363,1,prod_0302,seller_035,93.25,31.12
order_001364,1,prod_0331,seller_003,391.79,22.35
order_001365,1,prod_0386,seller_006,87.85,33.31
order_001366,1,prod_0074,seller_032,344.37,36.29
order_001366,1,prod_0469,seller_032,126.51,7.16
order_001367,1,prod_0438,seller_014,244.43,25.6
order_001368,1,prod_0084,seller_035,94.97,14.33
order_001368,1,prod_0228,seller_035,358.36,37.17
order_001369,1,prod_0499,seller_000,81.23,43.27
order_001370,1,prod_0052,seller_023,300.54,30.15
order_001370,1,prod_0055,seller_023,38.04,16.66
order_001371,1,prod_0078,seller_001,137.1,22.96
order_001372,1,prod_0427,seller_009,190.87,14.95
order_001372,1,prod_0415,seller_009,200.93,21.92
order_001373,1,prod_0476,seller_022,371.39,13.62
order_001373,1,prod_0326,seller_022,73.62,37.79
order_001374,1,prod_0204,seller_007,108.95,33.42
order_001375,1,prod_0353,seller_037,374.78,18.24
order_001376,1,prod_0159,seller_019,287.31,39.53
order_001376,1,prod_0409,seller_019,157.91,32.61
order_001377,1,prod_0110,seller_011,136.05,22.17
order_001377,1,prod_0437,seller_011,16.37,21.51
order_001378,1,prod_0328,seller_036,148.43,9.53
order_001378,1,prod_0076,seller_036,184.69,40.49
order_001379,1,prod_0335,seller_037,31.22,10.13
order_001380,1,prod_0306,seller_029,240.93,29.88
order_001380,1,prod_0076,seller_029,77.41,40.46
order_001381,1,prod_0211,seller_011,66.1,22.77
order_001381,1,prod_0142,seller_011,372.47,33.13
order_001382,1,prod_0309,seller_025,89.13,32.55
order_001383,1,prod_0418,seller_024,151.39,5.28
order_001383,1,prod_0083,seller_024,108.04,9.98
order_001384,1,prod_0227,seller_024,323.97,17.72
order_001384,1,prod_0245,seller_024,106.35,27.89
order_001385,1,prod_0109,seller_015,136.14,43.28
order_001386,1,prod_0385,seller_025,323.37,9.84
order_001387,1,prod_0138,seller_015,305.54,6.27
order_001388,1,prod_0129,seller_039,284.73,27.01
order_001389,1,prod_0447,seller_010,158.3,18.14
order_001390,1,prod_0072,seller_016,77.16,17.1
order_001390,1,prod_0005,seller_016,128.28,8.89
order_001391,1,prod_0252,seller_037,168.26,41.17
order_001392,1,prod_0039,seller_013,341.71,12.2
order_001392,1,prod_0093,seller_013,85.78,29.0
order_001393,1,prod_0034,seller_028,285.8,11.18
order_001393,1,prod_0276,seller_028,62.75,24.18
order_001394,1,prod_0097,seller_027,125.17,20.14
order_001394,1,prod_0223,seller_027,378.47,41.97
order_001395,1,prod_0489,seller_031,86.77,19.99
order_001396,1,prod_0212,seller_029,374.44,24.05
order_001396,1,prod_0379,seller_029,208.59,17.95
order_001397,1,prod_0343,seller_009,259.42,33.68
order_001398,1,prod_0091,seller_033,91.98,33.69
order_001398,1,prod_0354,seller_033,362.39,15.99
order_001399,1,prod_0244,seller_030,347.4,13.56
order_001399,1,prod_0060,seller_030,233.24,20.57
order_001400,1,prod_0476,seller_036,260.24,10.7
order_001400,1,prod_0271,seller_036,59.9,17.14
order_001401,1,prod_0323,seller_025,126.3,10.72
order_001401,1,prod_0114,seller_025,304.99,38.21
order_001402,1,prod_0029,seller_021,126.66,17.79
order_001402,1,prod_0156,seller_021,381.09,13.36
order_001403,1,prod_0168,seller_015,33.43,22.25
order_001404,1,prod_0322,seller_026,376.34,7.95
order_001404,1,prod_0021,seller_026,350.94,38.25
order_001405,1,prod_0477,seller_019,398.27,25.82
order_001405,1,prod_0484,seller_019,50.34,10.36
order_001406,1,prod_0191,seller_016,279.33,9.71
order_001407,1,prod_0167,seller_039,362.59,38.07
order_001408,1,prod_0184,seller_011,26.98,39.72
order_001409,1,prod_0323,seller_008,272.22,5.16
order_001409,1,prod_0469,seller_008,100.22,41.05
order_001410,1,prod_0354,seller_027,139.48,33.4
order_001411,1,prod_0217,seller_000,265.24,27.98
order_001412,1,prod_0430,seller_031,327.75,26.12
order_001412,1,prod_0413,seller_031,273.26,10.65
order_001413,1,prod_0318,seller_033,240.77,36.52
order_001414,1,prod_0001,seller_007,193.51,20.96
order_001415,1,prod_0008,seller_008,343.97,18.16
order_001416,1,prod_0165,seller_012,118.8,33.88
order_001416,1,prod_0375,seller_012,192.86,21.15
order_001417,1,prod_0496,seller_034,154.38,29.25
order_001417,1,prod_0053,seller_034,337.57,10.74
order_001418,1,prod_0141,seller_028,29.47,40.95
order_001419,1,prod_0001,seller_033,23.01,23.08
order_001419,1,prod_0322,seller_033,200.37,32.09
order_001420,1,prod_0493,seller_024,103.73,30.87
order_001420,1,prod_0321,seller_024,40.59,33.67
order_001421,1,prod_0082,seller_001,170.96,18.43
order_001421,1,prod_0115,seller_001,302.82,24.46
order_001422,1,prod_0058,seller_030,151.36,8.09
order_001422,1,prod_0423,seller_030,136.28,42.32
order_001423,1,prod_0005,seller_039,364.5,19.72
order_001423,1,prod_0291,seller_039,171.54,32.41
order_001424,1,prod_0167,seller_014,384.93,32.38
order_001425,1,prod_0203,seller_036,277.76,38.27
order_001426,1,prod_0292,seller_014,206.4,15.82
order_001426,1,prod_0278,seller_014,233.68,37.7
order_001427,1,prod_0238,seller_000,168.85,39.46
order_001428,1,prod_0198,seller_027,157.54,7.17
order_001429,1,prod_0088,seller_034,231.99,20.41
order_001430,1,prod_0486,seller_023,324.22,17.06
order_001430,1,prod_0336,seller_023,301.56,10.58
order_001431,1,prod_0427,seller_031,277.77,24.37
order_001432,1,prod_0352,seller_019,170.17,7.75
order_001433,1,prod_0291,seller_014,317.84,43.75
order_001433,1,prod_0309,seller_014,234.16,14.77
order_001434,1,prod_0030,seller_025,395.18,33.87
order_001434,1,prod_0200,seller_025,332.79,42.73
order_001435,1,prod_0201,seller_024,320.8,16.86
order_001435,1,prod_0389,seller_024,171.51,9.6
order_001436,1,prod_0178,seller_029,347.28,26.04
order_001437,1,prod_0026,seller_039,92.37,26.49
order_001437,1,prod_0439,seller_039,178.26,24.28
order_001438,1,prod_0099,seller_002,374.22,36.5
order_001439,1,prod_0193,seller_006,44.42,18.47
order_001440,1,prod_0163,seller_031,85.8,9.46
order_001441,1,prod_0341,seller_006,335.91,36.91
order_001441,1,prod_0167,seller_006,320.65,20.95
order_001442,1,prod_0265,seller_014,372.1,45.0
order_001443,1,prod_0356,seller_011,243.56,13.38
order_001444,1,prod_0284,seller_039,375.28,21.74
order_001445,1,prod_0433,seller_015,315.28,22.9
order_001445,1,prod_0460,seller_015,330.38,9.48
order_001446,1,prod_0206,seller_036,111.88,9.36
order_001446,1,prod_0052,seller_036,210.38,11.2
order_001447,1,prod_0122,seller_025,345.91,40.67
order_001447,1,prod_0397,seller_025,393.14,14.85
order_001448,1,prod_0032,seller_024,49.93,12.35
order_001449,1,prod_0451,seller_021,124.35,38.06
order_001449,1,prod_0092,seller_021,61.74,7.13
order_001450,1,prod_0322,seller_014,127.9,40.39
order_001451,1,prod_0067,seller_027,343.27,24.58
order_001451,1,prod_0371,seller_027,382.88,6.23
order_001452,1,prod_0311,seller_037,377.9,44.87
order_001452,1,prod_0335,seller_037,389.44,9.89
order_001453,1,prod_0457,seller_000,239.7,33.33
order_001454,1,prod_0472,seller_037,333.24,41.27
order_001455,1,prod_0119,seller_027,327.84,31.0
order_001455,1,prod_0460,seller_027,344.45,29.69
order_001456,1,prod_0192,seller_031,209.32,39.5
order_001456,1,prod_0049,seller_031,160.34,5.91
order_001457,1,prod_0206,seller_030,77.83,13.42
order_001458,1,prod_0189,seller_006,282.03,41.46
order_001459,1,prod_0357,seller_006,175.14,7.83
order_001459,1,prod_0362,seller_006,292.84,13.95
order_001460,1,prod_0456,seller_028,333.18,34.76
order_001460,1,prod_0467,seller_028,266.81,24.8
order_001461,1,prod_0401,seller_038,378.99,44.01
order_001461,1,prod_0275,seller_038,235.0,28.03
order_001462,1,prod_0417,seller_008,360.29,34.43
order_001463,1,prod_0291,seller_029,302.36,11.41
order_001463,1,prod_0388,seller_029,203.24,38.63
order_001464,1,prod_0098,seller_012,384.77,43.59
order_001465,1,prod_0239,seller_006,319.6,38.8
order_001465,1,prod_0093,seller_006,164.96,44.76
order_001466,1,prod_0253,seller_000,193.83,25.64
order_001467,1,prod_0425,seller_011,247.77,24.25
order_001468,1,prod_0281,seller_019,79.28,30.53
order_001469,1,prod_0270,seller_015,396.35,38.2
order_001469,1,prod_0269,seller_015,68.12,28.64
order_001470,1,prod_0386,seller_007,153.06,6.08
order_001471,1,prod_0237,seller_031,69.48,9.36
order_001471,1,prod_0260,seller_031,75.83,11.19
order_001472,1,prod_0272,seller_027,397.49,22.39
order_001473,1,prod_0215,seller_030,15.27,41.04
order_001473,1,prod_0466,seller_030,206.61,29.27
order_001474,1,prod_0063,seller_035,122.03,18.43
order_001474,1,prod_0145,seller_035,103.95,24.92
order_001475,1,prod_0225,seller_008,221.21,6.07
order_001475,1,prod_0341,seller_008,44.28,43.95
order_001476,1,prod_0332,seller_028,282.12,12.0
order_001476,1,prod_0143,seller_028,55.52,11.23
order_001477,1,prod_0140,seller_032,326.62,35.34
order_001477,1,prod_0031,seller_032,218.87,5.92
order_001478,1,prod_0488,seller_028,139.6,8.78
order_001479,1,prod_0460,seller_031,341.08,44.64
order_001480,1,prod_0005,seller_036,219.62,31.75
order_001480,1,prod_0213,seller_036,262.99,28.88
order_001481,1,prod_0034,seller_036,144.12,43.39
order_001481,1,prod_0095,seller_036,254.41,25.8
order_001482,1,prod_0271,seller_012,167.04,21.45
order_001483,1,prod_0300,seller_030,338.08,31.36
order_001483,1,prod_0328,seller_030,59.14,42.7
order_001484,1,prod_0229,seller_014,171.83,35.79
order_001484,1,prod_0039,seller_014,397.01,5.47
order_001485,1,prod_0046,seller_022,157.4,44.42
order_001485,1,prod_0208,seller_022,198.85,36.92
order_001486,1,prod_0257,seller_033,312.91,17.28
order_001486,1,prod_0221,seller_033,201.44,44.61
order_001487,1,prod_0012,seller_013,307.41,26.08
order_001488,1,prod_0449,seller_027,227.86,14.85
order_001488,1,prod_0202,seller_027,56.24,40.89
order_001489,1,prod_0043,seller_003,324.32,8.12
order_001490,1,prod_0299,seller_004,147.51,36.41
order_001490,1,prod_0389,seller_004,276.7,27.99
order_001491,1,prod_0080,seller_004,165.96,32.18
order_001492,1,prod_0355,seller_039,77.12,25.14
order_001492,1,prod_0126,seller_039,39.93,44.89
order_001493,1,prod_0483,seller_012,31.39,11.94
order_001494,1,prod_0243,seller_012,370.57,32.0
order_001494,1,prod_0399,seller_012,352.79,25.28
order_001495,1,prod_0496,seller_023,155.21,42.11
order_001495,1,prod_0410,seller_023,157.35,9.3
order_001496,1,prod_0241,seller_012,382.4,22.9
order_001496,1,prod_0446,seller_012,49.31,14.25
order_001497,1,prod_0213,seller_002,332.4,32.29
order_001498,1,prod_0070,seller_015,39.64,17.78
order_001498,1,prod_0203,seller_015,59.33,9.46
order_001499,1,prod_0498,seller_031,144.55,13.45
order_001499,1,prod_0170,seller_031,103.31,27.39
order_001500,1,prod_0236,seller_019,132.59,36.93
order_001500,1,prod_0352,seller_019,270.06,17.93
order_001501,1,prod_0021,seller_001,344.57,24.69
order_001501,1,prod_0098,seller_001,203.07,29.76
order_001502,1,prod_0372,seller_024,105.81,7.18
order_001502,1,prod_0088,seller_024,348.08,14.63
order_001503,1,prod_0196,seller_032,150.16,38.63
order_001503,1,prod_0322,seller_032,87.06,21.49
order_001504,1,prod_0220,seller_001,228.51,23.51
order_001504,1,prod_0325,seller_001,320.35,40.41
order_001505,1,prod_0488,seller_004,238.51,15.47
order_001505,1,prod_0316,seller_004,240.8,42.99
order_001506,1,prod_0052,seller_032,35.8,44.35
order_001507,1,prod_0395,seller_010,146.4,40.19
order_001508,1,prod_0309,seller_018,246.27,22.51
order_001509,1,prod_0301,seller_023,321.53,8.83
order_001510,1,prod_0432,seller_039,208.51,19.94
order_001510,1,prod_0123,seller_039,303.53,14.1
order_001511,1,prod_0405,seller_025,158.45,31.54
order_001512,1,prod_0429,seller_035,319.17,34.6
order_001512,1,prod_0388,seller_035,104.17,16.56
order_001513,1,prod_0435,seller_039,355.61,17.0
order_001513,1,prod_0130,seller_039,184.78,39.05
order_001514,1,prod_0020,seller_034,303.7,27.19
order_001514,1,prod_0205,seller_034,322.16,34.75
order_001515,1,prod_0282,seller_026,304.06,12.89
order_001516,1,prod_0385,seller_024,314.57,22.92
order_001517,1,prod_0164,seller_005,36.78,19.32
order_001517,1,prod_0308,seller_005,345.49,16.1
order_001518,1,prod_0445,seller_020,294.23,5.58
order_001518,1,prod_0181,seller_020,77.45,12.55
order_001519,1,prod_0494,seller_033,149.77,9.59
order_001520,1,prod_0435,seller_005,266.78,18.86
order_001521,1,prod_0395,seller_037,235.32,8.66
order_001521,1,prod_0364,seller_037,381.68,23.27
order_001522,1,prod_0428,seller_010,26.56,43.65
order_001523,1,prod_0312,seller_028,228.97,13.68
order_001524,1,prod_0265,seller_032,198.32,42.61
order_001524,1,prod_0012,seller_032,304.37,25.56
order_001525,1,prod_0303,seller_033,305.34,25.92
order_001526,1,prod_0184,seller_027,171.41,37.0
order_001526,1,prod_0457,seller_027,49.56,8.31
order_001527,1,prod_0264,seller_031,80.99,15.53
order_001528,1,prod_0222,seller_021,49.36,10.91
order_001528,1,prod_0016,seller_021,105.64,38.8
order_001529,1,prod_0443,seller_016,33.89,41.94
order_001529,1,prod_0130,seller_016,327.66,5.72
order_001530,1,prod_0166,seller_005,307.28,39.13
order_001531,1,prod_0014,seller_004,191.49,14.84
order_001532,1,prod_0481,seller_009,373.65,26.49
order_001532,1,prod_0271,seller_009,97.65,32.94
order_001533,1,prod_0114,seller_019,296.72,14.22
order_001534,1,prod_0082,seller_025,384.15,37.71
order_001535,1,prod_0440,seller_021,140.72,21.36
order_001536,1,prod_0482,seller_008,41.04,28.44
order_001536,1,prod_0021,seller_008,159.54,26.86
order_001537,1,prod_0110,seller_007,210.52,38.87
order_001537,1,prod_0080,seller_007,229.44,9.78
order_001538,1,prod_0187,seller_016,52.48,12.88
order_001539,1,prod_0168,seller_037,380.49,38.62
order_001540,1,prod_0265,seller_013,334.13,27.58
order_001541,1,prod_0262,seller_008,116.89,26.73
order_001541,1,prod_0271,seller_008,353.58,23.89
order_001542,1,prod_0250,seller_009,132.1,7.96
order_001543,1,prod_0416,seller_028,127.22,43.37
order_001544,1,prod_0249,seller_014,143.7,24.6
order_001544,1,prod_0360,seller_014,261.37,42.74
order_001545,1,prod_0424,seller_037,316.55,25.39
order_001545,1,prod_0303,seller_037,161.36,34.7
order_001546,1,prod_0276,seller_000,124.05,39.0
order_001547,1,prod_0304,seller_032,371.81,21.73
order_001547,1,prod_0194,seller_032,50.03,28.6
order_001548,1,prod_0347,seller_008,58.63,7.99
order_001549,1,prod_0417,seller_006,139.06,22.02
order_001549,1,prod_0166,seller_006,396.03,27.2
order_001550,1,prod_0022,seller_006,189.03,41.22
order_001550,1,prod_0077,seller_006,294.33,29.55
order_001551,1,prod_0439,seller_027,80.87,17.4
order_001551,1,prod_0417,seller_027,310.89,11.54
order_001552,1,prod_0327,seller_018,232.95,27.52
order_001552,1,prod_0028,seller_018,219.37,25.22
order_001553,1,prod_0489,seller_036,314.96,35.8
order_001554,1,prod_0203,seller_039,382.01,44.52
order_001555,1,prod_0099,seller_036,384.25,8.77
order_001556,1,prod_0418,seller_032,204.97,10.48
order_001557,1,prod_0362,seller_008,348.19,11.31
order_001557,1,prod_0366,seller_008,247.0,36.24
order_001558,1,prod_0308,seller_023,293.64,44.3
order_001558,1,prod_0416,seller_023,282.43,8.69
order_001559,1,prod_0433,seller_030,341.28,39.69
order_001560,1,prod_0300,seller_030,70.25,34.89
order_001560,1,prod_0417,seller_030,399.99,8.69
order_001561,1,prod_0315,seller_005,292.4,28.21
order_001562,1,prod_0049,seller_017,106.86,29.07
order_001562,1,prod_0083,seller_017,144.81,34.24
order_001563,1,prod_0054,seller_028,151.01,30.22
order_001564,1,prod_0131,seller_004,230.47,26.58
order_001564,1,prod_0492,seller_004,312.65,16.41
order_001565,1,prod_0392,seller_030,266.48,22.29
order_001565,1,prod_0250,seller_030,309.19,28.42
order_001566,1,prod_0169,seller_033,143.8,20.07
order_001567,1,prod_0027,seller_011,33.56,42.85
order_001568,1,prod_0484,seller_007,65.3,11.1
order_001569,1,prod_0380,seller_002,299.46,29.56
order_001570,1,prod_0200,seller_013,309.94,15.37
order_001571,1,prod_0468,seller_034,327.56,44.87
order_001572,1,prod_0432,seller_017,222.43,21.64
order_001573,1,prod_0299,seller_031,235.13,40.4
order_001573,1,prod_0205,seller_031,155.1,20.92
order_001574,1,prod_0456,seller_002,31.53,12.89
order_001575,1,prod_0237,seller_019,263.81,18.53
order_001576,1,prod_0356,seller_009,342.65,26.22
order_001577,1,prod_0149,seller_016,77.4,9.94
order_001578,1,prod_0436,seller_035,48.76,24.49
order_001578,1,prod_0219,seller_035,341.01,7.07
order_001579,1,prod_0049,seller_032,121.58,9.97
order_001579,1,prod_0076,seller_032,191.72,30.17
order_001580,1,prod_0354,seller_024,237.0,33.84
order_001581,1,prod_0070,seller_007,138.39,39.76
order_001581,1,prod_0493,seller_007,54.14,8.51
order_001582,1,prod_0054,seller_032,388.48,35.68
order_001582,1,prod_0038,seller_032,376.98,23.81
order_001583,1,prod_0366,seller_029,110.08,14.22
order_001584,1,prod_0422,seller_018,107.84,32.71
order_001584,1,prod_0094,seller_018,342.98,12.09
order_001585,1,prod_0258,seller_022,100.42,21.1
order_001585,1,prod_0239,seller_022,191.22,25.21
order_001586,1,prod_0142,seller_018,382.46,32.29
order_001587,1,prod_0433,seller_033,252.68,6.29
order_001587,1,prod_0311,seller_033,32.53,42.94
order_001588,1,prod_0260,seller_004,318.69,30.18
order_001588,1,prod_0148,seller_004,380.07,24.82
order_001589,1,prod_0242,seller_020,196.76,37.42
order_001589,1,prod_0085,seller_020,375.81,15.03
order_001590,1,prod_0490,seller_013,235.1,44.68
order_001591,1,prod_0278,seller_018,302.22,22.48
order_001592,1,prod_0419,seller_018,96.79,23.31
order_001592,1,prod_0492,seller_018,377.62,26.72
order_001593,1,prod_0417,seller_033,288.51,10.8
order_001594,1,prod_0336,seller_017,59.7,24.93
order_001595,1,prod_0323,seller_029,210.28,39.89
order_001596,1,prod_0043,seller_003,71.96,12.75
order_001597,1,prod_0469,seller_016,271.26,15.57
order_001598,1,prod_0482,seller_031,395.58,27.03
order_001598,1,prod_0363,seller_031,276.2,34.52
order_001599,1,prod_0399,seller_009,70.16,22.05
order_001599,1,prod_0361,seller_009,108.6,38.19
order_001600,1,prod_0323,seller_012,95.74,32.65
order_001600,1,prod_0178,seller_012,67.91,38.6
order_001601,1,prod_0036,seller_019,89.87,41.14
order_001602,1,prod_0172,seller_031,299.82,38.06
order_001602,1,prod_0487,seller_031,95.06,40.52
order_001603,1,prod_0245,seller_013,31.37,43.9
order_001604,1,prod_0411,seller_008,305.3,41.55
order_001605,1,prod_0009,seller_007,262.53,30.59
order_001605,1,prod_0245,seller_007,359.73,10.39
order_001606,1,prod_0126,seller_018,119.01,37.44
order_001606,1,prod_0329,seller_018,221.41,5.76
order_001607,1,prod_0268,seller_036,307.55,14.85
order_001608,1,prod_0300,seller_004,219.45,21.57
order_001608,1,prod_0356,seller_004,89.67,38.05
order_001609,1,prod_0160,seller_021,376.89,12.45
order_001609,1,prod_0090,seller_021,225.35,28.5
order_001610,1,prod_0113,seller_004,21.66,27.71
order_001610,1,prod_0028,seller_004,257.0,14.17
order_001611,1,prod_0099,seller_008,329.2,34.17
order_001612,1,prod_0257,seller_018,320.01,8.13
order_001613,1,prod_0029,seller_038,60.49,31.78
order_001613,1,prod_0196,seller_038,388.31,20.23
order_001614,1,prod_0161,seller_000,25.52,31.87
order_001615,1,prod_0029,seller_038,258.69,13.64
order_001616,1,prod_0231,seller_019,25.25,7.43
order_001617,1,prod_0087,seller_005,221.78,36.19
order_001618,1,prod_0295,seller_031,359.23,23.31
order_001618,1,prod_0329,seller_031,166.56,17.98
order_001619,1,prod_0125,seller_037,301.61,42.3
order_001619,1,prod_0148,seller_037,138.2,23.23
order_001620,1,prod_0355,seller_032,312.99,18.57
order_001620,1,prod_0320,seller_032,161.85,12.26
order_001621,1,prod_0109,seller_011,173.1,9.75
order_001621,1,prod_0400,seller_011,298.97,33.85
order_001622,1,prod_0361,seller_027,62.47,38.3
order_001623,1,prod_0109,seller_032,266.12,42.71
order_001624,1,prod_0487,seller_032,372.47,9.49
order_001625,1,prod_0474,seller_012,37.93,36.94
order_001625,1,prod_0257,seller_012,318.51,24.28
order_001626,1,prod_0305,seller_015,333.3,27.32
order_001627,1,prod_0095,seller_037,47.04,16.7
order_001628,1,prod_0472,seller_018,54.46,44.04
order_001629,1,prod_0468,seller_007,107.49,41.45
order_001629,1,prod_0310,seller_007,324.85,5.61
order_001630,1,prod_0426,seller_010,139.6,14.35
order_001631,1,prod_0009,seller_010,286.2,16.42
order_001631,1,prod_0063,seller_010,133.85,30.62
order_001632,1,prod_0400,seller_002,43.71,37.18
order_001633,1,prod_0093,seller_001,366.96,7.24
order_001634,1,prod_0117,seller_015,43.61,5.02
order_001635,1,prod_0463,seller_000,76.32,25.89
order_001635,1,prod_0391,seller_000,321.32,21.5
order_001636,1,prod_0092,seller_004,319.19,10.36
order_001637,1,prod_0281,seller_006,32.16,6.66
order_001638,1,prod_0462,seller_025,306.63,21.12
order_001639,1,prod_0306,seller_001,186.38,29.65
order_001639,1,prod_0058,seller_001,74.87,13.88
order_001640,1,prod_0236,seller_023,338.56,31.41
order_001640,1,prod_0287,seller_023,327.29,31.29
order_001641,1,prod_0471,seller_037,307.39,36.02
order_001641,1,prod_0485,seller_037,270.56,41.14
order_001642,1,prod_0345,seller_038,81.85,13.69
order_001643,1,prod_0382,seller_011,364.09,26.04
order_001644,1,prod_0287,seller_029,57.35,33.84
order_001645,1,prod_0437,seller_034,100.49,18.51
order_001645,1,prod_0342,seller_034,49.51,9.68
order_001646,1,prod_0469,seller_033,265.98,32.28
order_001646,1,prod_0242,seller_033,262.89,36.54
order_001647,1,prod_0311,seller_037,329.35,15.81
order_001647,1,prod_0157,seller_037,42.85,30.0
order_001648,1,prod_0338,seller_030,138.66,27.11
order_001649,1,prod_0379,seller_027,60.33,41.06
order_001650,1,prod_0460,seller_017,350.04,33.04
order_001651,1,prod_0367,seller_027,145.24,32.13
order_001652,1,prod_0344,seller_026,123.29,21.87
order_001652,1,prod_0178,seller_026,245.07,40.52
order_001653,1,prod_0205,seller_002,340.19,22.16
order_001654,1,prod_0120,seller_027,219.75,30.44
order_001654,1,prod_0021,seller_027,48.0,38.17
order_001655,1,prod_0109,seller_020,119.37,22.49
order_001655,1,prod_0287,seller_020,218.29,31.63
order_001656,1,prod_0151,seller_038,181.61,37.67
order_001657,1,prod_0083,seller_018,30.38,9.22
order_001657,1,prod_0345,seller_018,177.33,12.8
order_001658,1,prod_0302,seller_024,337.27,21.69
order_001659,1,prod_0432,seller_015,33.16,21.58
order_001660,1,prod_0111,seller_005,126.76,39.19
order_001660,1,prod_0281,seller_005,283.83,14.03
order_001661,1,prod_0048,seller_004,111.39,5.59
order_001662,1,prod_0047,seller_016,325.74,6.45
order_001663,1,prod_0352,seller_031,205.6,30.59
order_001663,1,prod_0262,seller_031,173.81,24.7
order_001664,1,prod_0113,seller_018,61.95,28.64
order_001664,1,prod_0290,seller_018,310.96,32.75
order_001665,1,prod_0215,seller_029,275.32,29.64
order_001666,1,prod_0284,seller_028,203.01,37.39
order_001667,1,prod_0396,seller_030,203.49,14.4
order_001667,1,prod_0071,seller_030,195.61,15.56
order_001668,1,prod_0382,seller_025,246.72,33.9
order_001668,1,prod_0383,seller_025,38.28,13.13
order_001669,1,prod_0219,seller_023,282.06,15.88
order_001670,1,prod_0299,seller_019,296.68,16.37
order_001671,1,prod_0258,seller_011,311.44,6.29
order_001672,1,prod_0232,seller_034,180.23,10.18
order_001672,1,prod_0242,seller_034,251.85,7.09
order_001673,1,prod_0331,seller_009,150.74,36.16
order_001674,1,prod_0029,seller_005,350.05,42.9
order_001675,1,prod_0098,seller_027,46.07,24.85
order_001676,1,prod_0233,seller_018,264.08,36.17
order_001676,1,prod_0278,seller_018,256.24,21.52
order_001677,1,prod_0318,seller_015,261.26,8.61
order_001677,1,prod_0116,seller_015,182.1,39.64
order_001678,1,prod_0288,seller_004,17.03,10.48
order_001679,1,prod_0394,seller_031,328.43,16.65
order_001680,1,prod_0193,seller_020,330.02,38.96
order_001681,1,prod_0136,seller_000,76.24,37.25
order_001682,1,prod_0031,seller_009,145.29,25.8
order_001683,1,prod_0200,seller_037,217.74,37.34
order_001684,1,prod_0370,seller_034,122.91,17.07
order_001685,1,prod_0254,seller_031,69.02,25.86
order_001686,1,prod_0353,seller_019,277.39,31.51
order_001687,1,prod_0206,seller_017,136.48,20.76
order_001688,1,prod_0137,seller_036,42.32,15.64
order_001688,1,prod_0091,seller_036,390.03,8.17
order_001689,1,prod_0133,seller_024,200.86,20.26
order_001689,1,prod_0309,seller_024,81.08,24.85
order_001690,1,prod_0375,seller_028,57.17,39.08
order_001691,1,prod_0191,seller_010,120.72,26.07
order_001692,1,prod_0283,seller_000,158.28,13.43
order_001692,1,prod_0236,seller_000,277.0,18.03
order_001693,1,prod_0264,seller_033,173.52,34.98
order_001693,1,prod_0067,seller_033,329.71,24.8
order_001694,1,prod_0334,seller_036,127.84,8.5
order_001695,1,prod_0017,seller_038,274.42,12.5
order_001695,1,prod_0083,seller_038,17.29,43.81
order_001696,1,prod_0337,seller_021,214.58,40.45
order_001696,1,prod_0301,seller_021,56.62,23.79
order_001697,1,prod_0013,seller_027,278.67,19.02
order_001698,1,prod_0146,seller_009,200.98,40.35
order_001699,1,prod_0474,seller_026,295.62,24.69
order_001700,1,prod_0358,seller_018,228.7,8.1
order_001701,1,prod_0248,seller_025,124.59,41.17
order_001702,1,prod_0336,seller_038,279.45,31.93
order_001703,1,prod_0306,seller_029,184.49,18.3
order_001704,1,prod_0168,seller_018,378.88,42.97
order_001704,1,prod_0324,seller_018,26.31,19.85
order_001705,1,prod_0474,seller_034,227.33,41.16
order_001706,1,prod_0217,seller_022,192.34,43.04
order_001706,1,prod_0214,seller_022,154.31,14.48
order_001707,1,prod_0217,seller_008,55.29,25.22
order_001708,1,prod_0057,seller_023,205.84,10.55
order_001709,1,prod_0188,seller_021,129.9,20.3
order_001709,1,prod_0198,seller_021,220.91,19.34
order_001710,1,prod_0465,seller_012,81.69,42.32
order_001711,1,prod_0355,seller_003,166.99,26.4
order_001712,1,prod_0384,seller_029,41.36,32.47
order_001713,1,prod_0340,seller_013,176.98,21.35
order_001714,1,prod_0390,seller_012,228.8,28.81
order_001714,1,prod_0439,seller_012,294.98,12.96
order_001715,1,prod_0364,seller_025,224.82,25.21
order_001716,1,prod_0323,seller_014,63.47,41.67
order_001716,1,prod_0063,seller_014,98.78,20.76
order_001717,1,prod_0311,seller_025,364.1,40.84
order_001717,1,prod_0004,seller_025,87.95,20.83
order_001718,1,prod_0196,seller_002,16.98,38.88
order_001719,1,prod_0287,seller_021,379.07,37.22
order_001720,1,prod_0361,seller_003,76.7,24.59
order_001721,1,prod_0142,seller_017,261.33,23.03
order_001722,1,prod_0483,seller_028,326.98,10.07
order_001723,1,prod_0074,seller_036,100.46,24.62
order_001724,1,prod_0192,seller_017,325.1,19.95
order_001724,1,prod_0400,seller_017,394.62,35.83
order_001725,1,prod_0063,seller_015,339.22,20.62
order_001725,1,prod_0046,seller_015,344.97,35.94
order_001726,1,prod_0470,seller_023,151.67,20.97
order_001727,1,prod_0421,seller_029,158.26,18.91
order_001728,1,prod_0380,seller_022,105.2,34.38
order_001728,1,prod_0294,seller_022,37.87,20.79
order_001729,1,prod_0181,seller_016,74.38,30.98
order_001729,1,prod_0246,seller_016,313.27,10.97
order_001730,1,prod_0166,seller_030,152.71,32.91
order_001730,1,prod_0435,seller_030,69.05,42.88
order_001731,1,prod_0049,seller_013,294.83,33.47
order_001731,1,prod_0271,seller_013,138.76,21.6
order_001732,1,prod_0343,seller_009,215.92,19.04
order_001733,1,prod_0172,seller_004,198.35,38.1
order_001733,1,prod_0225,seller_004,61.85,20.33
order_001734,1,prod_0024,seller_005,314.46,39.46
order_001735,1,prod_0194,seller_035,173.12,30.36
order_001736,1,prod_0169,seller_008,236.85,35.46
order_001737,1,prod_0137,seller_025,252.48,14.17
order_001737,1,prod_0418,seller_025,142.26,39.32
order_001738,1,prod_0443,seller_030,149.38,16.63
order_001738,1,prod_0203,seller_030,200.52,17.91
order_001739,1,prod_0357,seller_018,72.45,26.25
order_001740,1,prod_0410,seller_026,172.24,29.47
order_001740,1,prod_0432,seller_026,131.77,22.41
order_001741,1,prod_0061,seller_021,383.51,11.84
order_001741,1,prod_0214,seller_021,30.06,14.42
order_001742,1,prod_0345,seller_030,381.64,20.57
order_001742,1,prod_0386,seller_030,26.95,37.96
order_001743,1,prod_0366,seller_030,294.34,15.74
order_001744,1,prod_0489,seller_031,24.22,29.77
order_001745,1,prod_0184,seller_038,326.84,32.25
order_001745,1,prod_0061,seller_038,147.15,13.41
order_001746,1,prod_0006,seller_017,342.37,37.03
order_001746,1,prod_0041,seller_017,217.09,12.61
order_001747,1,prod_0207,seller_030,261.27,35.1
order_001747,1,prod_0141,seller_030,82.0,6.74
order_001748,1,prod_0396,seller_006,148.14,8.35
order_001748,1,prod_0168,seller_006,165.61,15.06
order_001749,1,prod_0052,seller_030,75.51,35.95
order_001749,1,prod_0024,seller_030,239.04,43.71
order_001750,1,prod_0427,seller_021,198.68,17.57
order_001751,1,prod_0083,seller_015,169.48,20.62
order_001752,1,prod_0458,seller_023,273.7,26.13
order_001752,1,prod_0176,seller_023,153.4,38.04
order_001753,1,prod_0371,seller_011,293.42,5.52
order_001754,1,prod_0169,seller_027,86.21,5.45
order_001754,1,prod_0068,seller_027,333.19,6.5
order_001755,1,prod_0239,seller_035,370.25,34.36
order_001755,1,prod_0392,seller_035,334.17,43.57
order_001756,1,prod_0223,seller_026,221.82,26.53
order_001757,1,prod_0414,seller_017,134.07,5.26
order_001758,1,prod_0454,seller_019,70.58,35.18
order_001758,1,prod_0209,seller_019,22.78,15.99
order_001759,1,prod_0386,seller_036,21.66,42.59
order_001760,1,prod_0451,seller_035,340.79,25.61
order_001761,1,prod_0403,seller_039,295.56,9.05
order_001761,1,prod_0107,seller_039,18.27,32.03
order_001762,1,prod_0491,seller_028,42.71,41.83
order_001763,1,prod_0260,seller_031,236.57,18.19
order_001763,1,prod_0334,seller_031,392.84,15.91
order_001764,1,prod_0301,seller_010,283.84,11.27
order_001764,1,prod_0394,seller_010,319.46,13.69
order_001765,1,prod_0491,seller_001,124.88,34.03
order_001765,1,prod_0231,seller_001,337.09,23.5
order_001766,1,prod_0069,seller_015,93.56,9.27
order_001767,1,prod_0395,seller_003,218.79,13.23
order_001768,1,prod_0078,seller_018,393.01,9.12
order_001768,1,prod_0100,seller_018,106.46,17.77
order_001769,1,prod_0472,seller_002,313.32,34.63
order_001769,1,prod_0079,seller_002,202.95,38.78
order_001770,1,prod_0000,seller_012,153.29,5.94
order_001770,1,prod_0109,seller_012,245.05,28.84
order_001771,1,prod_0437,seller_017,161.84,29.92
order_001772,1,prod_0353,seller_027,24.45,5.01
order_001772,1,prod_0394,seller_027,354.94,34.17
order_001773,1,prod_0103,seller_016,277.16,29.18
order_001773,1,prod_0069,seller_016,143.46,13.34
order_001774,1,prod_0315,seller_020,38.35,17.71
order_001774,1,prod_0152,seller_020,127.72,37.76
order_001775,1,prod_0034,seller_033,83.18,44.41
order_001775,1,prod_0370,seller_033,309.15,31.83
order_001776,1,prod_0250,seller_033,20.27,15.1
order_001777,1,prod_0042,seller_015,255.1,31.26
order_001778,1,prod_0223,seller_016,342.22,22.55
order_001779,1,prod_0342,seller_002,309.14,42.15
order_001780,1,prod_0133,seller_026,352.98,28.98
order_001780,1,prod_0019,seller_026,94.02,11.3
order_001781,1,prod_0387,seller_029,79.58,21.27
order_001782,1,prod_0136,seller_013,285.94,28.34
order_001782,1,prod_0010,seller_013,27.83,44.19
order_001783,1,prod_0488,seller_034,82.22,15.54
order_001783,1,prod_0366,seller_034,238.39,39.43
order_001784,1,prod_0292,seller_000,390.52,34.93
order_001785,1,prod_0262,seller_027,130.64,13.84
order_001785,1,prod_0303,seller_027,49.69,33.11
order_001786,1,prod_0318,seller_002,21.0,26.65
order_001787,1,prod_0462,seller_037,241.84,21.58
order_001787,1,prod_0222,seller_037,227.93,10.54
order_001788,1,prod_0183,seller_029,137.62,15.03
order_001788,1,prod_0100,seller_029,130.46,9.82
order_001789,1,prod_0383,seller_023,149.89,29.7
order_001790,1,prod_0345,seller_008,220.81,43.4
order_001791,1,prod_0031,seller_019,116.25,7.77
order_001791,1,prod_0445,seller_019,94.48,36.94
order_001792,1,prod_0033,seller_013,57.27,39.29
order_001793,1,prod_0057,seller_023,138.95,32.62
order_001794,1,prod_0278,seller_003,38.66,15.63
order_001794,1,prod_0005,seller_003,227.86,18.16
order_001795,1,prod_0136,seller_032,172.53,41.83
order_001795,1,prod_0403,seller_032,86.31,19.15
order_001796,1,prod_0188,seller_007,286.65,6.27
order_001797,1,prod_0133,seller_013,40.94,37.65
order_001797,1,prod_0072,seller_013,16.58,27.46
order_001798,1,prod_0287,seller_022,288.36,5.93
order_001799,1,prod_0190,seller_011,45.75,43.48
order_001799,1,prod_0027,seller_011,322.02,5.56
order_001800,1,prod_0270,seller_005,320.05,28.64
order_001800,1,prod_0296,seller_005,144.4,6.8
order_001801,1,prod_0023,seller_018,80.06,22.02
order_001801,1,prod_0456,seller_018,32.11,26.84
order_001802,1,prod_0139,seller_009,213.97,40.58
order_001802,1,prod_0241,seller_009,57.05,28.98
order_001803,1,prod_0155,seller_031,182.14,5.47
order_001803,1,prod_0200,seller_031,196.11,23.64
order_001804,1,prod_0312,seller_016,393.69,33.54
order_001804,1,prod_0375,seller_016,44.29,16.01
order_001805,1,prod_0214,seller_028,348.73,38.53
order_001805,1,prod_0318,seller_028,253.85,44.73
order_001806,1,prod_0226,seller_032,250.38,19.32
order_001806,1,prod_0051,seller_032,73.96,25.8
order_001807,1,prod_0487,seller_028,361.62,16.76
order_001808,1,prod_0359,seller_019,307.11,38.43
order_001808,1,prod_0115,seller_019,160.34,39.86
order_001809,1,prod_0292,seller_010,183.78,15.56
order_001809,1,prod_0138,seller_010,206.01,9.42
order_001810,1,prod_0018,seller_024,338.98,22.82
order_001810,1,prod_0451,seller_024,336.09,26.14
order_001811,1,prod_0428,seller_010,151.33,28.42
order_001812,1,prod_0102,seller_029,303.4,6.03
order_001813,1,prod_0382,seller_006,173.36,27.75
order_001813,1,prod_0156,seller_006,253.48,15.72
order_001814,1,prod_0214,seller_028,233.19,30.42
order_001814,1,prod_0241,seller_028,105.99,42.36
order_001815,1,prod_0482,seller_022,70.64,39.49
order_001815,1,prod_0068,seller_022,113.98,29.47
order_001816,1,prod_0080,seller_023,304.36,33.13
order_001817,1,prod_0177,seller_024,316.45,17.32
order_001817,1,prod_0282,seller_024,312.56,26.54
order_001818,1,prod_0417,seller_017,123.81,37.09
order_001819,1,prod_0470,seller_016,103.43,15.29
order_001819,1,prod_0404,seller_016,116.04,42.72
order_001820,1,prod_0230,seller_024,178.81,22.64
order_001821,1,prod_0104,seller_023,26.87,37.37
order_001822,1,prod_0493,seller_002,389.9,7.75
order_001822,1,prod_0030,seller_002,137.24,15.03
order_001823,1,prod_0174,seller_013,24.31,23.53
order_001824,1,prod_0373,seller_002,230.22,13.09
order_001824,1,prod_0291,seller_002,298.85,28.98
order_001825,1,prod_0111,seller_000,201.08,25.81
order_001825,1,prod_0268,seller_000,361.96,26.86
order_001826,1,prod_0094,seller_023,70.06,14.24
order_001826,1,prod_0135,seller_023,277.16,25.8
order_001827,1,prod_0456,seller_035,135.64,18.15
order_001828,1,prod_0477,seller_013,35.57,18.69
order_001829,1,prod_0044,seller_026,278.44,20.19
order_001829,1,prod_0098,seller_026,85.4,8.38
order_001830,1,prod_0078,seller_032,100.16,13.2
order_001831,1,prod_0075,seller_035,322.62,15.26
order_001832,1,prod_0348,seller_003,136.69,26.86
order_001833,1,prod_0300,seller_013,64.91,34.41
order_001833,1,prod_0151,seller_013,99.96,29.22
order_001834,1,prod_0403,seller_009,381.94,33.9
order_001834,1,prod_0077,seller_009,93.5,26.22
order_001835,1,prod_0473,seller_018,267.26,44.85
order_001836,1,prod_0033,seller_006,54.43,42.9
order_001837,1,prod_0086,seller_022,173.33,31.82
order_001838,1,prod_0240,seller_035,40.12,6.0
order_001838,1,prod_0007,seller_035,197.43,36.46
order_001839,1,prod_0164,seller_038,226.99,6.6
order_001840,1,prod_0419,seller_027,274.25,27.46
order_001840,1,prod_0419,seller_027,133.41,21.98
order_001841,1,prod_0307,seller_034,185.47,28.5
order_001841,1,prod_0171,seller_034,370.42,31.88
order_001842,1,prod_0097,seller_000,327.34,27.7
order_001842,1,prod_0265,seller_000,104.58,26.46
order_001843,1,prod_0088,seller_021,94.96,6.31
order_001844,1,prod_0185,seller_034,171.27,28.64
order_001844,1,prod_0267,seller_034,228.79,43.66
order_001845,1,prod_0477,seller_017,280.14,44.49
order_001845,1,prod_0325,seller_017,95.42,17.26
order_001846,1,prod_0323,seller_009,357.71,10.55
order_001847,1,prod_0062,seller_006,330.28,12.49
order_001847,1,prod_0321,seller_006,301.2,31.68
order_001848,1,prod_0228,seller_005,359.11,28.11
order_001849,1,prod_0398,seller_036,39.8,33.52
order_001849,1,prod_0074,seller_036,113.14,26.89
order_001850,1,prod_0424,seller_010,190.58,28.44
order_001851,1,prod_0031,seller_026,237.32,39.02
order_001851,1,prod_0060,seller_026,210.08,41.95
order_001852,1,prod_0367,seller_038,76.42,18.36
order_001852,1,prod_0446,seller_038,322.2,21.4
order_001853,1,prod_0293,seller_003,261.98,38.6
order_001853,1,prod_0058,seller_003,317.95,5.4
order_001854,1,prod_0008,seller_018,108.94,20.15
order_001854,1,prod_0051,seller_018,63.26,38.92
order_001855,1,prod_0300,seller_033,228.98,24.21
order_001855,1,prod_0040,seller_033,272.34,13.77
order_001856,1,prod_0081,seller_022,395.14,23.23
order_001857,1,prod_0010,seller_001,67.75,33.49
order_001857,1,prod_0329,seller_001,39.55,17.04
order_001858,1,prod_0384,seller_013,258.16,36.68
order_001858,1,prod_0296,seller_013,383.96,16.6
order_001859,1,prod_0349,seller_020,126.73,30.98
order_001860,1,prod_0339,seller_025,68.39,7.74
order_001861,1,prod_0198,seller_015,103.66,11.59
order_001862,1,prod_0369,seller_007,372.68,38.3
order_001862,1,prod_0478,seller_007,127.66,11.97
order_001863,1,prod_0085,seller_039,32.93,23.42
order_001863,1,prod_0332,seller_039,28.03,8.69
order_001864,1,prod_0222,seller_007,199.06,27.35
order_001865,1,prod_0153,seller_033,369.99,19.16
order_001865,1,prod_0241,seller_033,134.9,19.34
order_001866,1,prod_0306,seller_010,51.97,23.35
order_001866,1,prod_0407,seller_010,277.1,34.82
order_001867,1,prod_0258,seller_015,333.39,44.25
order_001867,1,prod_0237,seller_015,366.12,36.09
order_001868,1,prod_0442,seller_015,308.05,37.98
order_001868,1,prod_0245,seller_015,389.66,31.46
order_001869,1,prod_0460,seller_012,306.1,24.29
order_001870,1,prod_0142,seller_019,374.42,29.53
order_001871,1,prod_0134,seller_019,204.63,22.64
order_001871,1,prod_0271,seller_019,233.21,32.33
order_001872,1,prod_0036,seller_018,374.52,10.92
order_001872,1,prod_0492,seller_018,333.87,9.83
order_001873,1,prod_0300,seller_039,338.41,31.28
order_001874,1,prod_0065,seller_024,380.96,22.82
order_001874,1,prod_0004,seller_024,104.47,8.45
order_001875,1,prod_0257,seller_010,293.54,25.57
order_001876,1,prod_0248,seller_028,45.12,27.63
order_001877,1,prod_0113,seller_026,133.06,8.98
order_001878,1,prod_0127,seller_016,178.9,11.45
order_001878,1,prod_0428,seller_016,306.19,7.67
order_001879,1,prod_0098,seller_006,157.2,21.03
order_001880,1,prod_0079,seller_023,250.59,6.08
order_001880,1,prod_0224,seller_023,286.39,39.0
order_001881,1,prod_0293,seller_022,143.87,17.6
order_001882,1,prod_0094,seller_034,293.72,27.0
order_001883,1,prod_0139,seller_005,353.4,36.97
order_001883,1,prod_0319,seller_005,135.49,12.8
order_001884,1,prod_0445,seller_022,192.98,25.12
order_001885,1,prod_0128,seller_016,76.88,7.69
order_001885,1,prod_0084,seller_016,77.41,42.53
order_001886,1,prod_0269,seller_028,312.83,14.53
order_001886,1,prod_0407,seller_028,290.78,34.86
order_001887,1,prod_0499,seller_035,385.0,6.17
order_001887,1,prod_0031,seller_035,115.4,18.64
order_001888,1,prod_0224,seller_029,215.9,8.51
order_001889,1,prod_0387,seller_023,197.12,26.91
order_001889,1,prod_0409,seller_023,120.75,33.49
order_001890,1,prod_0305,seller_021,242.48,20.1
order_001891,1,prod_0270,seller_034,291.43,5.34
order_001892,1,prod_0003,seller_008,311.33,6.51
order_001892,1,prod_0105,seller_008,243.24,25.07
order_001893,1,prod_0239,seller_039,92.33,17.15
order_001894,1,prod_0180,seller_035,72.77,20.1
order_001894,1,prod_0115,seller_035,218.66,7.37
order_001895,1,prod_0076,seller_038,83.91,42.76
order_001895,1,prod_0168,seller_038,124.89,28.46
order_001896,1,prod_0174,seller_024,70.41,19.23
order_001897,1,prod_0151,seller_008,103.3,29.33
order_001897,1,prod_0313,seller_008,91.17,8.41
order_001898,1,prod_0294,seller_028,96.14,15.09
order_001899,1,prod_0401,seller_012,201.06,19.77
order_001899,1,prod_0005,seller_012,143.82,44.69
order_001900,1,prod_0210,seller_004,120.04,11.21
order_001901,1,prod_0047,seller_007,272.33,5.3
order_001902,1,prod_0261,seller_014,312.1,23.64
order_001902,1,prod_0285,seller_014,317.86,7.77
order_001903,1,prod_0116,seller_020,336.36,33.89
order_001904,1,prod_0414,seller_036,286.23,20.44
order_001905,1,prod_0227,seller_010,299.77,23.29
order_001906,1,prod_0110,seller_027,160.68,42.88
order_001907,1,prod_0339,seller_037,31.69,12.13
order_001907,1,prod_0113,seller_037,300.44,32.77
order_001908,1,prod_0257,seller_003,46.55,7.51
order_001908,1,prod_0141,seller_003,328.64,11.08
order_001909,1,prod_0186,seller_030,182.52,29.06
order_001909,1,prod_0183,seller_030,135.76,27.55
order_001910,1,prod_0296,seller_036,47.46,39.74
order_001910,1,prod_0196,seller_036,18.4,27.93
order_001911,1,prod_0425,seller_030,368.18,26.94
order_001911,1,prod_0473,seller_030,315.35,34.39
order_001912,1,prod_0476,seller_028,39.36,23.77
order_001913,1,prod_0271,seller_003,247.51,11.45
order_001914,1,prod_0230,seller_011,291.71,34.07
order_001914,1,prod_0254,seller_011,26.96,41.07
order_001915,1,prod_0397,seller_012,366.09,29.03
order_001916,1,prod_0313,seller_015,211.51,44.96
order_001916,1,prod_0012,seller_015,262.7,36.74
order_001917,1,prod_0008,seller_020,79.06,5.39
order_001917,1,prod_0416,seller_020,228.62,11.42
order_001918,1,prod_0273,seller_015,208.77,11.23
order_001919,1,prod_0389,seller_031,43.38,30.02
order_001919,1,prod_0089,seller_031,286.17,9.78
order_001920,1,prod_0444,seller_028,229.53,38.73
order_001921,1,prod_0339,seller_028,198.23,8.01
order_001922,1,prod_0134,seller_021,266.11,19.51
order_001922,1,prod_0249,seller_021,392.91,9.33
order_001923,1,prod_0250,seller_004,18.12,5.25
order_001923,1,prod_0402,seller_004,123.25,37.48
order_001924,1,prod_0083,seller_037,293.32,26.18
order_001925,1,prod_0197,seller_013,221.45,18.65
order_001926,1,prod_0160,seller_005,21.3,28.91
order_001926,1,prod_0119,seller_005,265.27,36.51
order_001927,1,prod_0002,seller_031,185.34,12.83
order_001928,1,prod_0266,seller_029,206.14,9.54
order_001928,1,prod_0253,seller_029,99.08,19.42
order_001929,1,prod_0169,seller_018,223.1,32.08
order_001929,1,prod_0160,seller_018,105.96,16.18
order_001930,1,prod_0468,seller_034,363.32,37.87
order_001930,1,prod_0442,seller_034,67.86,8.91
order_001931,1,prod_0254,seller_013,347.72,25.94
order_001932,1,prod_0181,seller_023,324.35,28.19
order_001933,1,prod_0472,seller_016,65.35,24.25
order_001934,1,prod_0020,seller_010,328.45,41.24
order_001935,1,prod_0013,seller_027,149.7,15.59
order_001935,1,prod_0307,seller_027,60.48,21.51
order_001936,1,prod_0381,seller_025,177.83,24.77
order_001937,1,prod_0090,seller_013,263.83,41.95
order_001938,1,prod_0269,seller_000,325.61,12.8
order_001938,1,prod_0166,seller_000,68.84,8.57
order_001939,1,prod_0254,seller_022,367.95,25.52
order_001940,1,prod_0006,seller_032,247.41,29.5
order_001941,1,prod_0239,seller_023,393.77,19.22
order_001942,1,prod_0278,seller_034,222.85,14.72
order_001942,1,prod_0315,seller_034,296.95,8.83
order_001943,1,prod_0173,seller_031,72.89,37.88
order_001943,1,prod_0332,seller_031,365.49,7.54
order_001944,1,prod_0156,seller_031,74.43,6.26
order_001945,1,prod_0062,seller_018,172.07,36.11
order_001945,1,prod_0469,seller_018,389.83,33.33
order_001946,1,prod_0467,seller_038,299.66,38.18
order_001947,1,prod_0104,seller_006,44.76,22.27
order_001948,1,prod_0089,seller_025,148.94,29.68
order_001948,1,prod_0476,seller_025,310.12,25.66
order_001949,1,prod_0001,seller_032,30.01,10.45
order_001949,1,prod_0356,seller_032,308.04,36.25
order_001950,1,prod_0431,seller_023,258.17,22.25
order_001951,1,prod_0344,seller_000,38.62,38.83
order_001951,1,prod_0347,seller_000,121.66,30.19
order_001952,1,prod_0219,seller_026,345.16,35.95
order_001953,1,prod_0499,seller_004,95.06,24.36
order_001954,1,prod_0044,seller_001,315.51,18.95
order_001954,1,prod_0208,seller_001,396.97,17.66
order_001955,1,prod_0087,seller_018,180.76,23.43
order_001956,1,prod_0473,seller_022,59.89,13.72
order_001956,1,prod_0013,seller_022,47.15,24.42
order_001957,1,prod_0272,seller_014,46.14,32.01
order_001957,1,prod_0036,seller_014,205.5,29.97
order_001958,1,prod_0451,seller_036,181.74,26.63
order_001959,1,prod_0450,seller_019,158.77,34.24
order_001960,1,prod_0292,seller_005,366.79,40.05
order_001960,1,prod_0218,seller_005,308.52,38.41
order_001961,1,prod_0435,seller_033,209.47,19.13
order_001962,1,prod_0164,seller_029,156.05,14.37
order_001962,1,prod_0390,seller_029,286.4,34.85
order_001963,1,prod_0008,seller_011,94.06,28.48
order_001963,1,prod_0100,seller_011,224.58,30.61
order_001964,1,prod_0020,seller_014,189.11,13.72
order_001964,1,prod_0265,seller_014,276.56,37.65
order_001965,1,prod_0466,seller_000,15.17,16.79
order_001965,1,prod_0189,seller_000,273.22,13.47
order_001966,1,prod_0471,seller_039,77.02,17.48
order_001967,1,prod_0374,seller_033,24.47,12.14
order_001968,1,prod_0494,seller_001,121.12,5.01
order_001969,1,prod_0330,seller_039,171.93,40.04
order_001969,1,prod_0422,seller_039,181.99,9.56
order_001970,1,prod_0390,seller_014,143.26,12.79
order_001971,1,prod_0035,seller_027,305.22,26.12
order_001972,1,prod_0386,seller_012,107.75,7.55
order_001973,1,prod_0160,seller_008,199.33,39.6
order_001974,1,prod_0223,seller_032,311.61,10.31
order_001974,1,prod_0205,seller_032,247.29,5.52
order_001975,1,prod_0258,seller_000,43.94,20.05
order_001975,1,prod_0074,seller_000,107.71,17.23
order_001976,1,prod_0199,seller_010,318.62,15.05
order_001977,1,prod_0328,seller_009,378.94,40.11
order_001977,1,prod_0333,seller_009,76.98,24.33
order_001978,1,prod_0269,seller_027,73.23,39.23
order_001979,1,prod_0279,seller_015,282.37,38.63
order_001979,1,prod_0440,seller_015,340.24,6.28
order_001980,1,prod_0275,seller_036,197.43,36.58
order_001980,1,prod_0493,seller_036,194.43,39.64
order_001981,1,prod_0306,seller_015,16.2,32.35
order_001981,1,prod_0119,seller_015,100.62,14.26
order_001982,1,prod_0335,seller_017,347.19,20.63
order_001982,1,prod_0079,seller_017,327.67,33.95
order_001983,1,prod_0264,seller_010,65.44,26.6
order_001983,1,prod_0303,seller_010,189.8,28.84
order_001984,1,prod_0073,seller_006,114.93,32.13
order_001984,1,prod_0146,seller_006,313.0,5.43
order_001985,1,prod_0489,seller_022,396.24,24.06
order_001985,1,prod_0421,seller_022,284.27,33.4
order_001986,1,prod_0277,seller_002,381.0,32.07
order_001987,1,prod_0215,seller_019,101.36,20.37
order_001987,1,prod_0152,seller_019,341.63,22.22
order_001988,1,prod_0133,seller_037,100.51,43.42
order_001989,1,prod_0170,seller_013,65.98,44.32
order_001989,1,prod_0124,seller_013,25.73,6.27
order_001990,1,prod_0469,seller_018,104.85,18.17
order_001990,1,prod_0322,seller_018,243.83,6.42
order_001991,1,prod_0072,seller_024,115.09,25.87
order_001991,1,prod_0037,seller_024,314.21,38.96
order_001992,1,prod_0130,seller_030,200.32,34.73
order_001992,1,prod_0272,seller_030,18.89,9.73
order_001993,1,prod_0099,seller_029,33.75,14.6
order_001994,1,prod_0469,seller_020,31.33,44.27
order_001994,1,prod_0081,seller_020,31.67,20.75
order_001995,1,prod_0494,seller_025,119.11,32.4
order_001996,1,prod_0259,seller_037,350.83,41.63
order_001996,1,prod_0136,seller_037,314.99,5.3
order_001997,1,prod_0114,seller_029,341.57,36.12
order_001997,1,prod_0327,seller_029,201.7,7.84
order_001998,1,prod_0047,seller_010,356.79,26.46
order_001998,1,prod_0439,seller_010,117.78,38.9
order_001999,1,prod_0156,seller_035,190.96,12.62
order_001999,1,prod_0397,seller_035,171.55,35.73
order_002000,1,prod_0169,seller_034,67.01,7.43
order_002000,1,prod_0106,seller_034,294.59,41.02
order_002001,1,prod_0358,seller_014,216.67,26.08
order_002001,1,prod_0337,seller_014,175.41,19.0
order_002002,1,prod_0096,seller_028,325.31,43.78
order_002003,1,prod_0252,seller_012,21.2,25.07
order_002003,1,prod_0476,seller_012,123.34,31.27
order_002004,1,prod_0276,seller_001,357.23,21.5
order_002005,1,prod_0178,seller_022,398.98,9.09
order_002006,1,prod_0420,seller_010,324.05,14.5
order_002006,1,prod_0075,seller_010,212.35,9.57
order_002007,1,prod_0363,seller_013,388.12,17.99
order_002008,1,prod_0202,seller_028,190.38,28.26
order_002008,1,prod_0237,seller_028,66.86,13.0
order_002009,1,prod_0060,seller_003,228.65,15.52
order_002010,1,prod_0205,seller_003,32.08,31.46
order_002011,1,prod_0251,seller_035,366.78,16.05
order_002012,1,prod_0312,seller_018,131.73,9.74
order_002012,1,prod_0155,seller_018,118.21,17.73
order_002013,1,prod_0386,seller_027,137.27,17.08
order_002013,1,prod_0154,seller_027,266.55,32.42
order_002014,1,prod_0095,seller_039,289.97,39.97
order_002015,1,prod_0269,seller_006,220.03,9.29
order_002016,1,prod_0396,seller_008,249.1,40.23
order_002016,1,prod_0113,seller_008,94.77,42.01
order_002017,1,prod_0317,seller_022,184.29,40.14
order_002018,1,prod_0107,seller_034,392.23,9.54
order_002019,1,prod_0257,seller_009,319.35,35.54
order_002020,1,prod_0190,seller_027,195.84,12.89
order_002021,1,prod_0260,seller_014,67.85,14.84
order_002022,1,prod_0087,seller_014,138.26,17.99
order_002023,1,prod_0234,seller_000,222.92,7.11
order_002023,1,prod_0413,seller_000,243.91,24.16
order_002024,1,prod_0017,seller_032,312.32,13.44
order_002025,1,prod_0137,seller_017,90.31,18.81
order_002026,1,prod_0015,seller_014,231.0,38.33
order_002026,1,prod_0146,seller_014,123.89,17.86
order_002027,1,prod_0123,seller_014,373.39,16.82
order_002027,1,prod_0359,seller_014,91.75,16.86
order_002028,1,prod_0387,seller_005,245.88,38.82
order_002029,1,prod_0373,seller_015,104.24,40.07
order_002030,1,prod_0336,seller_017,384.3,35.19
order_002031,1,prod_0373,seller_028,153.27,42.38
order_002032,1,prod_0006,seller_035,183.35,11.9
order_002032,1,prod_0230,seller_035,326.31,34.58
order_002033,1,prod_0405,seller_038,87.15,5.18
order_002034,1,prod_0314,seller_011,89.88,14.18
order_002034,1,prod_0499,seller_011,129.12,36.4
order_002035,1,prod_0258,seller_032,202.89,9.56
order_002036,1,prod_0426,seller_015,298.65,19.42
order_002037,1,prod_0186,seller_030,255.27,32.11
order_002037,1,prod_0194,seller_030,213.37,11.62
order_002038,1,prod_0282,seller_007,357.47,23.12
order_002039,1,prod_0483,seller_013,115.92,37.89
order_002039,1,prod_0253,seller_013,339.22,12.32
order_002040,1,prod_0327,seller_019,199.11,36.16
order_002041,1,prod_0234,seller_036,329.61,42.05
order_002042,1,prod_0348,seller_016,77.13,44.1
order_002043,1,prod_0146,seller_039,117.99,21.35
order_002043,1,prod_0484,seller_039,106.31,27.32
order_002044,1,prod_0134,seller_001,135.88,25.16
order_002045,1,prod_0267,seller_012,319.19,13.99
order_002045,1,prod_0247,seller_012,20.98,44.88
order_002046,1,prod_0185,seller_031,391.47,39.46
order_002047,1,prod_0230,seller_031,335.51,41.28
order_002048,1,prod_0014,seller_036,330.01,33.16
order_002048,1,prod_0446,seller_036,71.59,23.1
order_002049,1,prod_0129,seller_003,346.1,33.62
order_002050,1,prod_0112,seller_003,78.46,27.39
order_002051,1,prod_0048,seller_024,134.35,5.3
order_002052,1,prod_0457,seller_013,135.16,22.17
order_002053,1,prod_0356,seller_039,197.12,43.75
order_002054,1,prod_0361,seller_000,215.44,37.15
order_002054,1,prod_0269,seller_000,368.65,17.78
order_002055,1,prod_0011,seller_035,53.78,17.05
order_002056,1,prod_0357,seller_002,331.63,19.41
order_002056,1,prod_0268,seller_002,139.06,21.93
order_002057,1,prod_0081,seller_019,223.43,5.11
order_002058,1,prod_0204,seller_022,391.34,24.72
order_002058,1,prod_0340,seller_022,111.07,19.49
order_002059,1,prod_0178,seller_030,356.07,38.72
order_002059,1,prod_0474,seller_030,376.55,26.02
order_002060,1,prod_0216,seller_028,352.45,30.45
order_002061,1,prod_0342,seller_031,280.0,17.44
order_002061,1,prod_0153,seller_031,356.63,42.48
order_002062,1,prod_0022,seller_011,58.86,42.64
order_002062,1,prod_0121,seller_011,117.55,24.22
order_002063,1,prod_0313,seller_020,369.72,20.69
order_002063,1,prod_0361,seller_020,397.39,18.56
order_002064,1,prod_0338,seller_034,326.72,8.47
order_002064,1,prod_0182,seller_034,106.91,43.6
order_002065,1,prod_0119,seller_014,25.53,22.15
order_002066,1,prod_0448,seller_001,398.16,31.36
order_002066,1,prod_0090,seller_001,344.11,35.39
order_002067,1,prod_0090,seller_016,227.35,25.1
order_002068,1,prod_0267,seller_014,351.52,16.29
order_002069,1,prod_0364,seller_015,202.83,12.74
order_002070,1,prod_0283,seller_001,326.85,27.55
order_002071,1,prod_0177,seller_006,327.99,35.57
order_002072,1,prod_0431,seller_024,90.18,44.24
order_002072,1,prod_0258,seller_024,297.37,34.17
order_002073,1,prod_0349,seller_017,278.08,16.88
order_002073,1,prod_0497,seller_017,134.97,18.72
order_002074,1,prod_0118,seller_031,317.42,39.91
order_002075,1,prod_0023,seller_008,331.17,23.55
order_002075,1,prod_0171,seller_008,257.15,42.92
order_002076,1,prod_0166,seller_023,389.01,15.77
order_002076,1,prod_0356,seller_023,107.09,16.65
order_002077,1,prod_0037,seller_011,75.99,6.43
order_002078,1,prod_0367,seller_014,318.76,41.74
order_002078,1,prod_0011,seller_014,55.02,6.55
order_002079,1,prod_0445,seller_019,215.21,11.88
order_002079,1,prod_0313,seller_019,292.48,24.11
order_002080,1,prod_0498,seller_035,19.15,5.91
order_002081,1,prod_0418,seller_018,80.83,11.35
order_002082,1,prod_0301,seller_031,166.94,44.52
order_002083,1,prod_0270,seller_034,357.04,12.41
order_002084,1,prod_0485,seller_003,265.13,22.7
order_002084,1,prod_0237,seller_003,315.41,9.51
order_002085,1,prod_0333,seller_026,116.89,18.76
order_002086,1,prod_0038,seller_013,385.02,39.17
order_002086,1,prod_0490,seller_013,174.23,15.85
order_002087,1,prod_0052,seller_030,144.76,28.62
order_002087,1,prod_0055,seller_030,219.5,40.73
order_002088,1,prod_0207,seller_035,378.06,16.32
order_002089,1,prod_0494,seller_033,130.52,33.24
order_002089,1,prod_0241,seller_033,111.79,30.27
order_002090,1,prod_0145,seller_013,329.53,7.48
order_002090,1,prod_0350,seller_013,312.23,19.19
order_002091,1,prod_0373,seller_007,90.75,37.17
order_002091,1,prod_0260,seller_007,318.14,28.94
order_002092,1,prod_0017,seller_020,183.49,11.77
order_002093,1,prod_0082,seller_012,121.47,33.95
order_002094,1,prod_0027,seller_028,206.4,37.52
order_002094,1,prod_0336,seller_028,224.88,31.39
order_002095,1,prod_0404,seller_000,242.31,21.65
order_002095,1,prod_0436,seller_000,327.4,14.67
order_002096,1,prod_0439,seller_004,251.14,11.88
order_002096,1,prod_0269,seller_004,271.46,28.55
order_002097,1,prod_0140,seller_027,192.52,14.23
order_002098,1,prod_0400,seller_030,294.08,24.33
order_002099,1,prod_0307,seller_016,321.74,27.01
order_002100,1,prod_0016,seller_037,363.86,17.81
order_002101,1,prod_0212,seller_039,154.28,31.13
order_002101,1,prod_0468,seller_039,230.29,5.56
order_002102,1,prod_0114,seller_029,201.86,14.42
order_002102,1,prod_0171,seller_029,156.41,36.54
order_002103,1,prod_0334,seller_026,257.86,31.79
order_002103,1,prod_0242,seller_026,25.83,16.79
order_002104,1,prod_0210,seller_001,322.04,38.24
order_002105,1,prod_0373,seller_032,45.97,18.14
order_002106,1,prod_0477,seller_017,287.79,41.79
order_002107,1,prod_0113,seller_035,75.32,27.06
order_002108,1,prod_0164,seller_027,150.04,5.66
order_002108,1,prod_0081,seller_027,116.0,35.63
order_002109,1,prod_0178,seller_004,42.18,15.16
order_002110,1,prod_0417,seller_019,173.87,24.76
order_002111,1,prod_0491,seller_039,338.22,28.05
order_002112,1,prod_0077,seller_036,92.03,32.37
order_002113,1,prod_0425,seller_015,240.69,5.05
order_002114,1,prod_0058,seller_023,47.58,32.57
order_002115,1,prod_0247,seller_020,175.36,35.38
order_002116,1,prod_0470,seller_009,118.68,36.52
order_002117,1,prod_0094,seller_019,252.74,18.92
order_002117,1,prod_0410,seller_019,155.03,29.6
order_002118,1,prod_0415,seller_024,310.12,44.76
order_002118,1,prod_0043,seller_024,105.06,32.09
order_002119,1,prod_0132,seller_026,75.73,21.54
order_002120,1,prod_0365,seller_012,180.76,31.36
order_002120,1,prod_0188,seller_012,335.03,12.58
order_002121,1,prod_0201,seller_031,168.59,16.72
order_002121,1,prod_0181,seller_031,77.74,6.39
order_002122,1,prod_0273,seller_029,271.95,34.73
order_002123,1,prod_0206,seller_017,374.65,41.06
order_002123,1,prod_0184,seller_017,358.08,41.66
order_002124,1,prod_0247,seller_033,212.46,44.82
order_002125,1,prod_0132,seller_015,135.43,19.89
order_002125,1,prod_0477,seller_015,194.21,32.52
order_002126,1,prod_0293,seller_030,96.67,37.73
order_002126,1,prod_0397,seller_030,151.65,9.44
order_002127,1,prod_0476,seller_021,374.21,40.12
order_002127,1,prod_0190,seller_021,149.12,35.92
order_002128,1,prod_0263,seller_033,93.06,43.74
order_002128,1,prod_0455,seller_033,214.48,34.79
order_002129,1,prod_0298,seller_038,362.26,6.67
order_002130,1,prod_0114,seller_025,200.28,41.64
order_002130,1,prod_0397,seller_025,237.19,42.31
order_002131,1,prod_0116,seller_024,190.97,28.39
order_002131,1,prod_0229,seller_024,341.79,21.76
order_002132,1,prod_0155,seller_005,112.69,37.94
order_002133,1,prod_0219,seller_027,181.09,34.56
order_002134,1,prod_0369,seller_010,231.14,31.46
order_002134,1,prod_0257,seller_010,35.23,10.97
order_002135,1,prod_0216,seller_038,377.45,20.31
order_002135,1,prod_0207,seller_038,229.26,44.6
order_002136,1,prod_0239,seller_039,350.69,34.29
order_002136,1,prod_0383,seller_039,337.86,22.26
order_002137,1,prod_0048,seller_006,155.78,39.68
order_002137,1,prod_0039,seller_006,202.2,34.33
order_002138,1,prod_0029,seller_025,79.33,34.56
order_002138,1,prod_0058,seller_025,17.66,30.75
order_002139,1,prod_0281,seller_016,115.78,23.31
order_002139,1,prod_0149,seller_016,291.31,33.14
order_002140,1,prod_0479,seller_007,94.7,30.09
order_002141,1,prod_0050,seller_020,322.38,23.2
order_002142,1,prod_0160,seller_016,287.79,33.06
order_002142,1,prod_0217,seller_016,236.48,5.59
order_002143,1,prod_0094,seller_030,98.24,11.94
order_002144,1,prod_0070,seller_016,195.74,6.18
order_002145,1,prod_0096,seller_028,130.04,32.49
order_002146,1,prod_0363,seller_007,397.77,14.65
order_002146,1,prod_0267,seller_007,300.71,22.29
order_002147,1,prod_0433,seller_024,253.79,21.1
order_002147,1,prod_0108,seller_024,102.83,5.84
order_002148,1,prod_0153,seller_004,101.56,12.42
order_002149,1,prod_0215,seller_029,90.85,14.6
order_002150,1,prod_0467,seller_026,111.6,22.68
order_002151,1,prod_0378,seller_016,190.19,31.26
order_002151,1,prod_0271,seller_016,193.92,8.16
order_002152,1,prod_0007,seller_023,339.33,42.9
order_002152,1,prod_0355,seller_023,102.24,24.81
order_002153,1,prod_0364,seller_039,388.22,44.9
order_002154,1,prod_0284,seller_031,220.61,42.79
order_002155,1,prod_0029,seller_023,289.35,34.25
order_002155,1,prod_0295,seller_023,362.11,44.36
order_002156,1,prod_0311,seller_019,73.03,11.09
order_002156,1,prod_0035,seller_019,298.2,25.06
order_002157,1,prod_0160,seller_018,373.59,39.74
order_002157,1,prod_0055,seller_018,238.49,38.88
order_002158,1,prod_0281,seller_018,314.15,44.4
order_002158,1,prod_0218,seller_018,184.61,28.47
order_002159,1,prod_0447,seller_004,336.23,10.17
order_002159,1,prod_0416,seller_004,189.9,44.3
order_002160,1,prod_0151,seller_038,46.0,39.42
order_002161,1,prod_0189,seller_030,89.77,26.82
order_002161,1,prod_0355,seller_030,157.15,7.0
order_002162,1,prod_0402,seller_016,353.89,23.82
order_002163,1,prod_0186,seller_037,323.15,16.87
order_002164,1,prod_0239,seller_029,191.46,40.81
order_002165,1,prod_0052,seller_023,241.16,27.99
order_002165,1,prod_0170,seller_023,399.48,8.7
order_002166,1,prod_0377,seller_006,274.27,21.79
order_002166,1,prod_0250,seller_006,318.97,39.85
order_002167,1,prod_0053,seller_006,63.28,34.07
order_002167,1,prod_0134,seller_006,210.5,7.16
order_002168,1,prod_0364,seller_038,71.26,22.53
order_002169,1,prod_0056,seller_008,23.89,10.38
order_002169,1,prod_0343,seller_008,128.12,40.82
order_002170,1,prod_0234,seller_009,179.93,28.5
order_002171,1,prod_0243,seller_016,34.51,23.24
order_002171,1,prod_0017,seller_016,242.72,41.83
order_002172,1,prod_0329,seller_032,365.15,29.7
order_002172,1,prod_0126,seller_032,66.87,20.91
order_002173,1,prod_0016,seller_018,150.21,44.25
order_002173,1,prod_0432,seller_018,217.03,39.49
order_002174,1,prod_0041,seller_029,261.24,17.04
order_002175,1,prod_0163,seller_029,249.6,7.25
order_002176,1,prod_0001,seller_024,130.55,26.45
order_002177,1,prod_0475,seller_001,129.95,29.51
order_002178,1,prod_0462,seller_011,334.21,16.02
order_002179,1,prod_0140,seller_009,249.17,34.13
order_002179,1,prod_0041,seller_009,253.05,24.63
order_002180,1,prod_0280,seller_039,98.5,34.3
order_002181,1,prod_0472,seller_025,171.42,43.19
order_002182,1,prod_0012,seller_035,103.88,15.45
order_002182,1,prod_0489,seller_035,28.08,19.12
order_002183,1,prod_0362,seller_004,35.77,6.63
order_002183,1,prod_0307,seller_004,162.01,26.83
order_002184,1,prod_0399,seller_017,241.05,16.57
order_002184,1,prod_0204,seller_017,157.69,28.64
order_002185,1,prod_0266,seller_012,390.95,24.39
order_002186,1,prod_0262,seller_003,229.59,18.49
order_002186,1,prod_0478,seller_003,354.65,31.4
order_002187,1,prod_0015,seller_013,332.34,17.7
order_002187,1,prod_0332,seller_013,398.24,19.29
order_002188,1,prod_0301,seller_034,345.68,24.58
order_002189,1,prod_0162,seller_015,81.44,5.94
order_002190,1,prod_0242,seller_015,362.03,23.52
order_002190,1,prod_0181,seller_015,115.57,40.99
order_002191,1,prod_0433,seller_009,337.28,39.87
order_002192,1,prod_0357,seller_034,214.63,14.22
order_002193,1,prod_0240,seller_007,376.29,34.59
order_002194,1,prod_0060,seller_028,323.62,24.52
order_002195,1,prod_0070,seller_013,134.14,41.4
order_002195,1,prod_0181,seller_013,314.42,28.92
order_002196,1,prod_0132,seller_003,112.11,11.94
order_002197,1,prod_0354,seller_012,93.19,18.91
order_002198,1,prod_0254,seller_004,293.53,28.5
order_002198,1,prod_0405,seller_004,118.54,28.42
order_002199,1,prod_0077,seller_036,345.47,42.9
order_002200,1,prod_0042,seller_013,264.6,15.63
order_002200,1,prod_0019,seller_013,214.96,12.16
order_002201,1,prod_0277,seller_029,99.78,40.18
order_002202,1,prod_0194,seller_016,200.6,27.05
order_002202,1,prod_0231,seller_016,234.5,33.39
order_002203,1,prod_0270,seller_024,131.35,7.49
order_002203,1,prod_0233,seller_024,211.42,5.39
order_002204,1,prod_0386,seller_027,43.53,16.28
order_002204,1,prod_0475,seller_027,129.34,7.84
order_002205,1,prod_0225,seller_005,384.02,32.69
order_002206,1,prod_0499,seller_005,163.77,42.68
order_002207,1,prod_0248,seller_036,32.26,31.95
order_002207,1,prod_0269,seller_036,207.38,26.46
order_002208,1,prod_0121,seller_037,100.24,16.22
order_002208,1,prod_0270,seller_037,162.67,40.21
order_002209,1,prod_0267,seller_006,267.01,17.18
order_002210,1,prod_0041,seller_017,74.8,33.57
order_002210,1,prod_0317,seller_017,220.83,8.28
order_002211,1,prod_0366,seller_022,259.75,29.45
order_002211,1,prod_0269,seller_022,92.36,29.19
order_002212,1,prod_0186,seller_022,53.41,40.66
order_002213,1,prod_0315,seller_030,212.61,35.55
order_002213,1,prod_0360,seller_030,341.4,7.33
order_002214,1,prod_0454,seller_014,47.39,10.07
order_002214,1,prod_0249,seller_014,109.06,19.89
order_002215,1,prod_0414,seller_013,79.18,22.26
order_002215,1,prod_0151,seller_013,110.29,19.77
order_002216,1,prod_0092,seller_029,193.39,27.43
order_002216,1,prod_0348,seller_029,112.83,21.15
order_002217,1,prod_0297,seller_017,55.96,14.53
order_002218,1,prod_0032,seller_008,99.46,10.38
order_002218,1,prod_0288,seller_008,86.63,12.13
order_002219,1,prod_0346,seller_013,210.85,42.08
order_002219,1,prod_0494,seller_013,197.32,31.12
order_002220,1,prod_0409,seller_006,297.56,25.91
order_002221,1,prod_0270,seller_002,113.95,31.88
order_002222,1,prod_0342,seller_010,168.02,32.35
order_002223,1,prod_0172,seller_019,239.4,7.41
order_002223,1,prod_0427,seller_019,21.63,30.6
order_002224,1,prod_0396,seller_018,54.35,25.07
order_002224,1,prod_0243,seller_018,349.75,22.56
order_002225,1,prod_0378,seller_037,359.79,33.51
order_002225,1,prod_0169,seller_037,71.63,39.83
order_002226,1,prod_0092,seller_035,375.23,20.32
order_002227,1,prod_0109,seller_015,232.09,32.46
order_002228,1,prod_0391,seller_015,139.16,39.72
order_002228,1,prod_0439,seller_015,258.53,44.26
order_002229,1,prod_0046,seller_025,49.45,38.4
order_002230,1,prod_0467,seller_025,212.07,15.82
order_002230,1,prod_0034,seller_025,202.83,15.15
order_002231,1,prod_0223,seller_018,218.32,18.24
order_002232,1,prod_0474,seller_002,185.21,18.25
order_002233,1,prod_0135,seller_002,58.26,7.63
order_002234,1,prod_0473,seller_028,42.57,37.69
order_002235,1,prod_0072,seller_024,307.29,18.36
order_002235,1,prod_0119,seller_024,334.35,16.03
order_002236,1,prod_0329,seller_035,27.89,7.24
order_002236,1,prod_0165,seller_035,216.1,27.3
order_002237,1,prod_0024,seller_030,174.75,39.3
order_002237,1,prod_0086,seller_030,374.97,22.02
order_002238,1,prod_0281,seller_008,60.5,23.26
order_002239,1,prod_0426,seller_030,20.06,5.8
order_002239,1,prod_0197,seller_030,279.69,31.43
order_002240,1,prod_0028,seller_039,106.16,25.97
order_002240,1,prod_0203,seller_039,94.14,36.67
order_002241,1,prod_0298,seller_020,112.98,44.71
order_002241,1,prod_0072,seller_020,384.75,25.3
order_002242,1,prod_0486,seller_026,387.85,43.96
order_002243,1,prod_0327,seller_035,157.86,40.63
order_002244,1,prod_0294,seller_014,55.06,23.69
order_002244,1,prod_0281,seller_014,368.7,13.47
order_002245,1,prod_0425,seller_034,114.88,35.9
order_002245,1,prod_0419,seller_034,395.43,43.16
order_002246,1,prod_0451,seller_010,318.29,12.22
order_002247,1,prod_0110,seller_027,390.63,41.49
order_002247,1,prod_0272,seller_027,81.91,15.21
order_002248,1,prod_0025,seller_032,224.37,7.83
order_002248,1,prod_0431,seller_032,103.64,42.02
order_002249,1,prod_0341,seller_002,348.85,43.42
order_002249,1,prod_0063,seller_002,203.0,6.31
order_002250,1,prod_0262,seller_039,265.15,43.87
order_002250,1,prod_0339,seller_039,20.54,31.62
order_002251,1,prod_0222,seller_001,238.27,7.8
order_002252,1,prod_0446,seller_032,335.8,18.19
order_002252,1,prod_0001,seller_032,289.99,15.56
order_002253,1,prod_0164,seller_027,275.32,16.7
order_002254,1,prod_0449,seller_013,386.28,25.49
order_002254,1,prod_0170,seller_013,81.92,42.94
order_002255,1,prod_0004,seller_009,216.85,32.15
order_002255,1,prod_0260,seller_009,188.67,34.81
order_002256,1,prod_0186,seller_030,194.34,22.45
order_002256,1,prod_0122,seller_030,304.75,10.68
order_002257,1,prod_0152,seller_019,169.73,13.4
order_002257,1,prod_0260,seller_019,355.38,27.88
order_002258,1,prod_0373,seller_005,174.37,29.67
order_002258,1,prod_0401,seller_005,143.2,31.9
order_002259,1,prod_0307,seller_019,294.54,16.71
order_002260,1,prod_0297,seller_031,273.39,23.8
order_002260,1,prod_0208,seller_031,296.92,28.37
order_002261,1,prod_0370,seller_017,173.32,37.2
order_002262,1,prod_0352,seller_030,215.18,9.23
order_002263,1,prod_0026,seller_008,351.9,14.29
order_002263,1,prod_0236,seller_008,80.91,27.05
order_002264,1,prod_0091,seller_029,229.66,32.1
order_002265,1,prod_0486,seller_009,192.94,33.7
order_002265,1,prod_0071,seller_009,338.8,41.34
order_002266,1,prod_0301,seller_017,155.63,15.82
order_002267,1,prod_0319,seller_011,109.41,24.68
order_002268,1,prod_0203,seller_036,314.44,20.99
order_002268,1,prod_0390,seller_036,122.32,28.05
order_002269,1,prod_0396,seller_003,293.34,17.26
order_002270,1,prod_0011,seller_024,269.21,37.79
order_002271,1,prod_0150,seller_029,272.52,35.57
order_002272,1,prod_0148,seller_012,230.38,14.63
order_002272,1,prod_0031,seller_012,205.89,44.58
order_002273,1,prod_0347,seller_021,390.06,37.21
order_002274,1,prod_0218,seller_025,109.79,35.48
order_002274,1,prod_0111,seller_025,225.98,16.58
order_002275,1,prod_0221,seller_003,85.12,44.77
order_002276,1,prod_0458,seller_024,281.47,38.31
order_002276,1,prod_0253,seller_024,229.62,31.68
order_002277,1,prod_0019,seller_025,278.82,24.77
order_002278,1,prod_0046,seller_012,178.85,22.6
order_002278,1,prod_0446,seller_012,355.83,7.31
order_002279,1,prod_0338,seller_035,232.78,28.59
order_002280,1,prod_0075,seller_003,296.86,14.59
order_002280,1,prod_0237,seller_003,239.36,39.57
order_002281,1,prod_0432,seller_017,165.52,24.01
order_002281,1,prod_0208,seller_017,172.01,6.03
order_002282,1,prod_0058,seller_026,203.35,38.79
order_002282,1,prod_0361,seller_026,44.82,29.53
order_002283,1,prod_0014,seller_001,372.38,16.09
order_002283,1,prod_0084,seller_001,173.49,6.8
order_002284,1,prod_0435,seller_018,249.79,16.57
order_002284,1,prod_0100,seller_018,277.4,35.82
order_002285,1,prod_0055,seller_020,323.06,43.59
order_002285,1,prod_0093,seller_020,71.97,16.33
order_002286,1,prod_0197,seller_003,308.63,5.63
order_002287,1,prod_0288,seller_000,81.63,34.11
order_002288,1,prod_0430,seller_016,194.77,39.31
order_002289,1,prod_0149,seller_016,342.76,24.76
order_002289,1,prod_0110,seller_016,97.78,31.96
order_002290,1,prod_0056,seller_003,54.43,43.77
order_002290,1,prod_0425,seller_003,159.76,38.34
order_002291,1,prod_0321,seller_027,104.49,36.09
order_002292,1,prod_0047,seller_022,212.47,36.34
order_002293,1,prod_0221,seller_024,62.56,23.78
order_002294,1,prod_0422,seller_038,46.24,23.07
order_002294,1,prod_0283,seller_038,45.44,19.94
order_002295,1,prod_0365,seller_008,26.85,8.73
order_002296,1,prod_0419,seller_022,100.42,18.51
order_002296,1,prod_0350,seller_022,160.99,25.3
order_002297,1,prod_0300,seller_029,248.73,28.55
order_002298,1,prod_0125,seller_013,175.35,18.98
order_002299,1,prod_0229,seller_026,173.2,5.28
order_002300,1,prod_0301,seller_015,37.77,25.12
order_002301,1,prod_0419,seller_009,200.19,11.76
order_002301,1,prod_0264,seller_009,135.34,23.09
order_002302,1,prod_0007,seller_020,364.37,7.47
order_002302,1,prod_0194,seller_020,128.06,15.0
order_002303,1,prod_0284,seller_030,123.21,32.2
order_002303,1,prod_0335,seller_030,392.37,22.59
order_002304,1,prod_0308,seller_030,372.27,24.19
order_002305,1,prod_0174,seller_015,283.11,9.71
order_002305,1,prod_0150,seller_015,80.66,34.89
order_002306,1,prod_0217,seller_039,379.85,39.38
order_002306,1,prod_0209,seller_039,188.56,5.99
order_002307,1,prod_0462,seller_031,280.31,27.91
order_002308,1,prod_0308,seller_014,386.67,20.01
order_002308,1,prod_0206,seller_014,33.35,38.34
order_002309,1,prod_0419,seller_003,262.94,19.59
order_002309,1,prod_0182,seller_003,138.05,38.54
order_002310,1,prod_0191,seller_028,259.19,26.6
order_002311,1,prod_0334,seller_003,356.49,27.96
order_002311,1,prod_0401,seller_003,196.07,32.14
order_002312,1,prod_0037,seller_021,32.92,16.21
order_002313,1,prod_0130,seller_030,40.01,20.0
order_002313,1,prod_0276,seller_030,180.49,11.9
order_002314,1,prod_0299,seller_021,356.86,32.79
order_002315,1,prod_0333,seller_002,169.27,6.13
order_002316,1,prod_0054,seller_006,316.84,32.37
order_002317,1,prod_0180,seller_032,16.17,26.17
order_002317,1,prod_0248,seller_032,114.45,22.09
order_002318,1,prod_0214,seller_015,133.77,36.98
order_002318,1,prod_0444,seller_015,376.98,30.76
order_002319,1,prod_0490,seller_000,310.86,25.11
order_002320,1,prod_0011,seller_016,333.31,24.16
order_002320,1,prod_0034,seller_016,189.91,31.0
order_002321,1,prod_0405,seller_011,292.59,37.61
order_002321,1,prod_0016,seller_011,68.69,40.66
order_002322,1,prod_0398,seller_013,57.4,36.32
order_002322,1,prod_0007,seller_013,237.22,20.52
order_002323,1,prod_0416,seller_032,266.05,28.63
order_002324,1,prod_0076,seller_012,170.83,35.93
order_002325,1,prod_0061,seller_014,171.97,43.97
order_002326,1,prod_0012,seller_029,327.02,31.3
order_002327,1,prod_0202,seller_028,358.58,11.15
order_002328,1,prod_0195,seller_039,206.13,14.44
order_002329,1,prod_0443,seller_016,37.98,38.36
order_002330,1,prod_0423,seller_021,24.0,40.59
order_002330,1,prod_0246,seller_021,71.81,38.19
order_002331,1,prod_0055,seller_005,74.15,35.25
order_002332,1,prod_0362,seller_006,70.43,29.85
order_002333,1,prod_0093,seller_012,388.96,23.23
order_002334,1,prod_0058,seller_009,352.27,40.99
order_002334,1,prod_0085,seller_009,376.96,40.24
order_002335,1,prod_0437,seller_008,82.63,27.05
order_002336,1,prod_0090,seller_037,140.42,22.76
order_002337,1,prod_0321,seller_035,173.45,6.44
order_002338,1,prod_0365,seller_012,188.68,5.2
order_002339,1,prod_0354,seller_020,212.02,8.09
order_002340,1,prod_0098,seller_017,362.02,16.14
order_002341,1,prod_0371,seller_004,28.12,29.18
order_002341,1,prod_0220,seller_004,95.28,22.86
order_002342,1,prod_0337,seller_024,300.82,39.52
order_002343,1,prod_0152,seller_008,260.44,17.32
order_002344,1,prod_0312,seller_039,51.91,33.86
order_002344,1,prod_0138,seller_039,161.75,8.86
order_002345,1,prod_0048,seller_012,399.01,5.18
order_002346,1,prod_0265,seller_029,246.2,30.78
order_002346,1,prod_0355,seller_029,277.82,6.91
order_002347,1,prod_0422,seller_018,350.18,5.41
order_002348,1,prod_0025,seller_003,146.39,24.25
order_002349,1,prod_0313,seller_012,33.2,8.19
order_002349,1,prod_0466,seller_012,318.2,40.21
order_002350,1,prod_0043,seller_020,344.13,42.32
order_002350,1,prod_0443,seller_020,39.83,41.35
order_002351,1,prod_0393,seller_012,153.41,18.93
order_002351,1,prod_0074,seller_012,274.75,28.23
order_002352,1,prod_0217,seller_012,390.93,6.27
order_002352,1,prod_0045,seller_012,295.93,16.5
order_002353,1,prod_0262,seller_027,387.59,30.31
order_002354,1,prod_0119,seller_000,392.64,8.12
order_002354,1,prod_0428,seller_000,199.04,37.66
order_002355,1,prod_0481,seller_028,182.14,38.41
order_002356,1,prod_0091,seller_016,226.29,37.22
order_002357,1,prod_0190,seller_029,120.28,31.83
order_002358,1,prod_0263,seller_017,262.53,40.79
order_002359,1,prod_0444,seller_006,271.01,34.7
order_002360,1,prod_0338,seller_019,49.07,30.09
order_002361,1,prod_0241,seller_020,233.03,41.95
order_002362,1,prod_0186,seller_024,183.51,15.08
order_002363,1,prod_0306,seller_035,356.22,37.61
order_002363,1,prod_0113,seller_035,351.14,40.99
order_002364,1,prod_0496,seller_038,343.15,38.24
order_002364,1,prod_0205,seller_038,189.0,30.61
order_002365,1,prod_0393,seller_020,337.43,15.14
order_002366,1,prod_0230,seller_037,298.84,40.1
order_002366,1,prod_0008,seller_037,382.41,15.72
order_002367,1,prod_0451,seller_022,156.39,15.92
order_002367,1,prod_0497,seller_022,123.85,29.68
order_002368,1,prod_0206,seller_029,383.66,34.6
order_002368,1,prod_0391,seller_029,262.47,5.33
order_002369,1,prod_0284,seller_029,396.37,36.2
order_002370,1,prod_0403,seller_033,107.43,43.59
order_002371,1,prod_0188,seller_028,89.54,35.47
order_002372,1,prod_0233,seller_001,368.05,22.06
order_002373,1,prod_0276,seller_024,68.08,19.26
order_002373,1,prod_0105,seller_024,71.12,27.79
order_002374,1,prod_0061,seller_000,268.83,20.14
order_002375,1,prod_0426,seller_012,192.62,5.64
order_002375,1,prod_0299,seller_012,378.99,26.48
order_002376,1,prod_0420,seller_005,176.73,43.07
order_002377,1,prod_0298,seller_029,289.5,7.51
order_002377,1,prod_0117,seller_029,92.33,17.79
order_002378,1,prod_0014,seller_007,246.59,9.38
order_002378,1,prod_0318,seller_007,212.59,39.06
order_002379,1,prod_0124,seller_037,194.2,43.12
order_002379,1,prod_0168,seller_037,175.77,28.98
order_002380,1,prod_0479,seller_031,243.93,23.85
order_002380,1,prod_0433,seller_031,199.9,11.64
order_002381,1,prod_0100,seller_003,251.88,42.83
order_002382,1,prod_0000,seller_028,326.36,23.58
order_002382,1,prod_0151,seller_028,284.65,39.91
order_002383,1,prod_0362,seller_039,124.93,11.31
order_002383,1,prod_0217,seller_039,240.37,18.36
order_002384,1,prod_0459,seller_021,201.86,37.5
order_002385,1,prod_0109,seller_013,16.37,35.96
order_002386,1,prod_0031,seller_008,161.17,31.43
order_002386,1,prod_0122,seller_008,274.17,23.51
order_002387,1,prod_0210,seller_028,162.12,28.42
order_002388,1,prod_0380,seller_019,210.93,39.66
order_002388,1,prod_0389,seller_019,103.69,42.15
order_002389,1,prod_0010,seller_038,223.13,7.95
order_002390,1,prod_0143,seller_003,266.74,39.72
order_002390,1,prod_0268,seller_003,309.02,35.8
order_002391,1,prod_0371,seller_020,204.83,13.16
order_002392,1,prod_0390,seller_009,19.44,16.43
order_002393,1,prod_0144,seller_033,109.46,38.55
order_002393,1,prod_0258,seller_033,211.21,19.03
order_002394,1,prod_0346,seller_037,260.43,43.65
order_002395,1,prod_0203,seller_034,123.37,32.12
order_002396,1,prod_0006,seller_026,204.2,31.28
order_002396,1,prod_0059,seller_026,135.81,31.02
order_002397,1,prod_0233,seller_030,168.0,23.16
order_002397,1,prod_0073,seller_030,266.27,29.47
order_002398,1,prod_0451,seller_031,380.09,43.14
order_002399,1,prod_0128,seller_037,64.9,39.09
order_002399,1,prod_0341,seller_037,41.85,9.85
order_002400,1,prod_0378,seller_039,58.75,17.05
order_002401,1,prod_0408,seller_007,118.82,22.43
order_002402,1,prod_0391,seller_033,328.31,36.04
order_002403,1,prod_0185,seller_021,199.31,43.98
order_002404,1,prod_0110,seller_027,215.6,31.91
order_002404,1,prod_0450,seller_027,124.08,13.7
order_002405,1,prod_0495,seller_014,263.58,10.7
order_002406,1,prod_0484,seller_038,329.67,37.06
order_002407,1,prod_0405,seller_016,39.25,42.63
order_002407,1,prod_0316,seller_016,142.93,38.62
order_002408,1,prod_0048,seller_009,258.46,38.79
order_002408,1,prod_0165,seller_009,168.97,34.39
order_002409,1,prod_0134,seller_036,126.16,39.36
order_002409,1,prod_0394,seller_036,330.43,39.37
order_002410,1,prod_0303,seller_008,192.62,40.95
order_002411,1,prod_0038,seller_028,209.82,14.47
order_002411,1,prod_0384,seller_028,366.15,32.53
order_002412,1,prod_0082,seller_016,75.05,18.6
order_002413,1,prod_0368,seller_008,386.61,32.84
order_002414,1,prod_0337,seller_008,297.24,11.23
order_002414,1,prod_0313,seller_008,139.61,27.45
order_002415,1,prod_0345,seller_035,110.86,11.64
order_002416,1,prod_0210,seller_022,34.72,34.07
order_002416,1,prod_0143,seller_022,372.03,37.32
order_002417,1,prod_0288,seller_022,15.78,37.6
order_002417,1,prod_0002,seller_022,53.27,32.35
order_002418,1,prod_0457,seller_031,96.4,31.98
order_002419,1,prod_0338,seller_017,327.15,41.2
order_002420,1,prod_0095,seller_001,134.66,7.55
order_002421,1,prod_0346,seller_035,235.44,12.46
order_002422,1,prod_0097,seller_020,75.35,31.24
order_002423,1,prod_0168,seller_013,386.69,23.2
order_002423,1,prod_0364,seller_013,378.55,34.45
order_002424,1,prod_0210,seller_015,394.11,8.37
order_002424,1,prod_0190,seller_015,182.62,11.77
order_002425,1,prod_0422,seller_004,53.82,28.24
order_002425,1,prod_0089,seller_004,109.72,6.98
order_002426,1,prod_0488,seller_024,58.77,44.98
order_002427,1,prod_0186,seller_034,204.86,8.11
order_002427,1,prod_0354,seller_034,399.63,5.62
order_002428,1,prod_0061,seller_035,51.25,44.16
order_002429,1,prod_0415,seller_009,259.1,35.75
order_002429,1,prod_0265,seller_009,115.17,42.4
order_002430,1,prod_0398,seller_029,131.29,32.54
order_002431,1,prod_0261,seller_039,71.22,9.07
order_002432,1,prod_0144,seller_000,89.76,36.57
order_002433,1,prod_0275,seller_020,250.98,32.51
order_002434,1,prod_0203,seller_021,62.53,32.78
order_002435,1,prod_0087,seller_031,371.69,33.52
order_002436,1,prod_0248,seller_007,16.02,12.72
order_002436,1,prod_0175,seller_007,38.41,42.93
order_002437,1,prod_0098,seller_006,113.9,39.48
order_002438,1,prod_0411,seller_020,153.36,29.68
order_002438,1,prod_0266,seller_020,176.68,24.0
order_002439,1,prod_0058,seller_037,308.86,29.18
order_002439,1,prod_0445,seller_037,220.08,27.07
order_002440,1,prod_0116,seller_016,40.62,26.34
order_002440,1,prod_0068,seller_016,351.14,19.24
order_002441,1,prod_0264,seller_037,289.43,31.18
order_002442,1,prod_0415,seller_001,205.17,10.41
order_002443,1,prod_0301,seller_023,24.22,19.9
order_002444,1,prod_0419,seller_013,87.77,42.37
order_002445,1,prod_0300,seller_005,74.03,19.22
order_002446,1,prod_0288,seller_038,137.85,29.75
order_002446,1,prod_0065,seller_038,322.1,31.14
order_002447,1,prod_0396,seller_021,384.58,28.99
order_002448,1,prod_0429,seller_001,382.01,9.0
order_002449,1,prod_0002,seller_020,316.48,42.69
order_002450,1,prod_0462,seller_015,183.83,10.51
order_002450,1,prod_0181,seller_015,27.08,42.6
order_002451,1,prod_0239,seller_026,388.53,14.22
order_002451,1,prod_0433,seller_026,59.26,17.1
order_002452,1,prod_0149,seller_021,220.97,14.34
order_002453,1,prod_0253,seller_033,353.06,6.99
order_002453,1,prod_0271,seller_033,25.26,12.54
order_002454,1,prod_0442,seller_027,183.78,43.51
order_002454,1,prod_0357,seller_027,91.79,25.56
order_002455,1,prod_0477,seller_001,23.1,41.6
order_002455,1,prod_0181,seller_001,321.05,10.39
order_002456,1,prod_0082,seller_004,137.78,42.89
order_002457,1,prod_0466,seller_012,287.98,26.3
order_002458,1,prod_0383,seller_010,197.52,44.09
order_002459,1,prod_0105,seller_004,90.42,37.52
order_002459,1,prod_0186,seller_004,157.89,36.64
order_002460,1,prod_0299,seller_026,201.98,26.48
order_002460,1,prod_0156,seller_026,120.97,5.94
order_002461,1,prod_0189,seller_001,302.02,40.57
order_002462,1,prod_0080,seller_022,134.33,32.12
order_002463,1,prod_0230,seller_035,370.67,43.45
order_002463,1,prod_0387,seller_035,371.2,25.53
order_002464,1,prod_0347,seller_027,48.85,14.41
order_002464,1,prod_0113,seller_027,33.83,11.64
order_002465,1,prod_0319,seller_017,36.78,38.68
order_002465,1,prod_0067,seller_017,284.83,12.0
order_002466,1,prod_0372,seller_008,67.57,8.71
order_002467,1,prod_0035,seller_021,101.82,39.09
order_002467,1,prod_0093,seller_021,325.66,19.78
order_002468,1,prod_0214,seller_020,390.28,15.88
order_002468,1,prod_0406,seller_020,378.72,27.65
order_002469,1,prod_0100,seller_028,369.22,19.81
order_002470,1,prod_0213,seller_000,107.06,35.23
order_002471,1,prod_0325,seller_005,334.77,15.94
order_002471,1,prod_0288,seller_005,86.8,42.47
order_002472,1,prod_0009,seller_004,316.37,33.7
order_002472,1,prod_0008,seller_004,117.26,15.86
order_002473,1,prod_0230,seller_010,160.29,23.8
order_002473,1,prod_0242,seller_010,355.22,44.63
order_002474,1,prod_0181,seller_028,214.64,13.23
order_002475,1,prod_0098,seller_020,282.37,26.53
order_002476,1,prod_0398,seller_029,293.27,14.0
order_002476,1,prod_0438,seller_029,73.48,37.38
order_002477,1,prod_0433,seller_020,343.56,13.08
order_002477,1,prod_0360,seller_020,392.82,43.76
order_002478,1,prod_0252,seller_039,386.42,30.97
order_002478,1,prod_0412,seller_039,320.24,27.01
order_002479,1,prod_0231,seller_018,174.78,27.35
order_002480,1,prod_0105,seller_017,72.89,14.38
order_002480,1,prod_0029,seller_017,256.54,26.47
order_002481,1,prod_0144,seller_028,366.84,37.77
order_002482,1,prod_0385,seller_017,191.14,31.64
order_002483,1,prod_0264,seller_009,159.63,13.74
order_002483,1,prod_0033,seller_009,383.74,19.01
order_002484,1,prod_0076,seller_035,273.84,42.16
order_002485,1,prod_0088,seller_009,273.49,16.52
order_002485,1,prod_0267,seller_009,24.78,22.68
order_002486,1,prod_0035,seller_020,365.76,12.35
order_002486,1,prod_0115,seller_020,21.98,13.97
order_002487,1,prod_0128,seller_028,276.39,36.45
order_002487,1,prod_0194,seller_028,394.44,28.07
order_002488,1,prod_0111,seller_000,33.59,44.18
order_002488,1,prod_0464,seller_000,319.9,5.11
order_002489,1,prod_0469,seller_029,231.09,17.18
order_002489,1,prod_0365,seller_029,264.94,38.54
order_002490,1,prod_0031,seller_039,253.03,21.02
order_002491,1,prod_0444,seller_037,100.76,35.4
order_002492,1,prod_0278,seller_014,38.35,16.03
order_002492,1,prod_0231,seller_014,370.4,28.32
order_002493,1,prod_0079,seller_016,330.07,10.21
order_002493,1,prod_0227,seller_016,73.1,15.93
order_002494,1,prod_0022,seller_004,54.89,18.96
order_002494,1,prod_0303,seller_004,48.08,41.76
order_002495,1,prod_0106,seller_023,207.42,8.0
order_002496,1,prod_0172,seller_026,41.26,18.35
order_002497,1,prod_0467,seller_032,203.53,23.21
order_002498,1,prod_0335,seller_015,48.73,18.8
order_002498,1,prod_0096,seller_015,50.45,35.94
order_002499,1,prod_0494,seller_007,177.62,13.05
order_002500,1,prod_0125,seller_015,238.6,40.11
order_002501,1,prod_0107,seller_014,369.07,42.34
order_002502,1,prod_0411,seller_022,239.24,12.09
order_002502,1,prod_0143,seller_022,325.51,31.83
order_002503,1,prod_0284,seller_025,89.65,39.31
order_002504,1,prod_0005,seller_037,120.75,27.65
order_002504,1,prod_0060,seller_037,381.88,28.18
order_002505,1,prod_0243,seller_035,318.17,28.44
order_002505,1,prod_0456,seller_035,383.23,27.19
order_002506,1,prod_0408,seller_032,304.5,18.18
order_002506,1,prod_0141,seller_032,347.22,42.46
order_002507,1,prod_0173,seller_019,347.88,5.45
order_002508,1,prod_0018,seller_034,228.05,8.28
order_002508,1,prod_0350,seller_034,347.22,44.34
order_002509,1,prod_0492,seller_008,84.83,35.13
order_002510,1,prod_0383,seller_003,218.87,28.74
order_002510,1,prod_0328,seller_003,288.63,6.42
order_002511,1,prod_0159,seller_015,200.01,13.4
order_002512,1,prod_0352,seller_037,306.38,25.92
order_002512,1,prod_0328,seller_037,156.46,13.05
order_002513,1,prod_0466,seller_021,26.18,40.14
order_002513,1,prod_0458,seller_021,294.31,36.02
order_002514,1,prod_0416,seller_020,125.84,22.03
order_002515,1,prod_0460,seller_034,174.3,19.49
order_002516,1,prod_0421,seller_010,143.96,20.87
order_002517,1,prod_0437,seller_024,120.72,37.75
order_002517,1,prod_0346,seller_024,229.63,23.81
order_002518,1,prod_0408,seller_032,138.58,16.5
order_002518,1,prod_0281,seller_032,220.6,9.78
order_002519,1,prod_0091,seller_028,124.94,41.2
order_002520,1,prod_0112,seller_024,131.78,33.32
order_002521,1,prod_0335,seller_039,329.71,32.75
order_002521,1,prod_0312,seller_039,94.96,7.8
order_002522,1,prod_0365,seller_006,209.14,13.62
order_002522,1,prod_0144,seller_006,38.3,24.99
order_002523,1,prod_0465,seller_015,214.3,29.89
order_002523,1,prod_0041,seller_015,207.11,34.9
order_002524,1,prod_0043,seller_026,196.06,28.7
order_002525,1,prod_0355,seller_008,311.59,37.99
order_002526,1,prod_0412,seller_038,229.93,5.58
order_002527,1,prod_0331,seller_007,309.01,31.42
order_002528,1,prod_0124,seller_035,360.56,43.78
order_002528,1,prod_0410,seller_035,289.52,11.5
order_002529,1,prod_0110,seller_001,371.24,11.08
order_002530,1,prod_0336,seller_032,329.83,15.84
order_002531,1,prod_0140,seller_031,100.05,33.45
order_002531,1,prod_0350,seller_031,25.01,14.45
order_002532,1,prod_0115,seller_025,41.84,20.66
order_002532,1,prod_0332,seller_025,177.25,17.26
order_002533,1,prod_0381,seller_008,58.85,21.19
order_002533,1,prod_0384,seller_008,166.94,19.07
order_002534,1,prod_0269,seller_021,342.82,34.58
order_002534,1,prod_0380,seller_021,84.35,38.86
order_002535,1,prod_0261,seller_029,179.37,36.35
order_002536,1,prod_0461,seller_039,270.55,41.38
order_002537,1,prod_0280,seller_011,16.69,15.7
order_002538,1,prod_0284,seller_039,59.62,7.25
order_002538,1,prod_0276,seller_039,324.81,26.25
order_002539,1,prod_0007,seller_019,52.42,11.81
order_002539,1,prod_0019,seller_019,219.34,20.88
order_002540,1,prod_0047,seller_004,19.11,5.75
order_002541,1,prod_0119,seller_032,166.04,44.58
order_002542,1,prod_0437,seller_019,220.1,29.63
order_002542,1,prod_0337,seller_019,115.39,15.37
order_002543,1,prod_0277,seller_000,284.17,36.28
order_002544,1,prod_0280,seller_033,239.59,21.38
order_002544,1,prod_0348,seller_033,202.67,43.69
order_002545,1,prod_0418,seller_035,62.03,41.43
order_002545,1,prod_0399,seller_035,313.05,18.96
order_002546,1,prod_0453,seller_001,231.68,29.78
order_002546,1,prod_0410,seller_001,354.18,15.48
order_002547,1,prod_0081,seller_030,111.62,23.07
order_002547,1,prod_0128,seller_030,114.29,6.2
order_002548,1,prod_0353,seller_020,193.08,23.98
order_002548,1,prod_0249,seller_020,112.83,29.54
order_002549,1,prod_0351,seller_021,230.05,19.39
order_002550,1,prod_0318,seller_039,329.38,15.5
order_002550,1,prod_0090,seller_039,287.76,19.8
order_002551,1,prod_0244,seller_024,304.61,20.77
order_002551,1,prod_0261,seller_024,98.93,22.98
order_002552,1,prod_0297,seller_037,244.6,36.5
order_002552,1,prod_0171,seller_037,19.19,35.57
order_002553,1,prod_0128,seller_031,132.51,33.42
order_002553,1,prod_0059,seller_031,203.86,40.17
order_002554,1,prod_0364,seller_036,108.2,12.0
order_002555,1,prod_0296,seller_034,66.11,12.71
order_002555,1,prod_0346,seller_034,360.99,30.37
order_002556,1,prod_0231,seller_003,66.2,30.53
order_002557,1,prod_0360,seller_018,372.0,34.63
order_002558,1,prod_0214,seller_007,99.07,7.0
order_002558,1,prod_0231,seller_007,266.68,31.77
order_002559,1,prod_0384,seller_030,310.71,41.3
order_002560,1,prod_0494,seller_025,161.08,30.1
order_002561,1,prod_0127,seller_010,349.8,38.86
order_002562,1,prod_0109,seller_027,102.51,39.64
order_002562,1,prod_0329,seller_027,262.34,27.27
order_002563,1,prod_0110,seller_037,286.73,35.14
order_002563,1,prod_0377,seller_037,180.05,29.28
order_002564,1,prod_0326,seller_029,72.07,33.99
order_002565,1,prod_0192,seller_002,55.52,36.91
order_002566,1,prod_0275,seller_019,16.33,44.72
order_002567,1,prod_0497,seller_016,304.64,12.01
order_002567,1,prod_0321,seller_016,374.63,23.19
order_002568,1,prod_0300,seller_039,253.91,18.6
order_002569,1,prod_0050,seller_017,102.58,8.51
order_002569,1,prod_0233,seller_017,256.29,13.02
order_002570,1,prod_0493,seller_017,289.86,41.31
order_002571,1,prod_0192,seller_037,96.94,28.27
order_002572,1,prod_0056,seller_022,377.62,6.38
order_002573,1,prod_0335,seller_037,295.19,16.59
order_002573,1,prod_0333,seller_037,390.52,21.31
order_002574,1,prod_0343,seller_025,345.11,43.65
order_002574,1,prod_0336,seller_025,142.05,26.54
order_002575,1,prod_0063,seller_039,211.95,28.47
order_002575,1,prod_0418,seller_039,84.71,37.33
order_002576,1,prod_0180,seller_002,145.34,14.39
order_002576,1,prod_0145,seller_002,186.82,23.64
order_002577,1,prod_0106,seller_004,229.59,19.82
order_002577,1,prod_0416,seller_004,299.38,12.08
order_002578,1,prod_0158,seller_022,370.88,19.25
order_002579,1,prod_0479,seller_010,38.15,12.91
order_002579,1,prod_0087,seller_010,179.43,9.84
order_002580,1,prod_0256,seller_009,346.16,33.46
order_002580,1,prod_0104,seller_009,231.27,9.66
order_002581,1,prod_0488,seller_014,40.98,18.21
order_002581,1,prod_0029,seller_014,383.42,26.84
order_002582,1,prod_0354,seller_006,17.02,43.39
order_002583,1,prod_0343,seller_026,394.36,18.31
order_002584,1,prod_0440,seller_007,85.59,39.32
order_002584,1,prod_0220,seller_007,332.0,7.81
order_002585,1,prod_0175,seller_023,243.94,7.74
order_002586,1,prod_0476,seller_004,119.87,18.59
order_002587,1,prod_0029,seller_016,124.61,22.54
order_002588,1,prod_0154,seller_023,41.23,8.33
order_002588,1,prod_0365,seller_023,198.5,18.67
order_002589,1,prod_0447,seller_030,348.09,5.92
order_002590,1,prod_0377,seller_024,96.5,38.3
order_002591,1,prod_0372,seller_028,49.05,5.68
order_002591,1,prod_0006,seller_028,353.91,6.79
order_002592,1,prod_0170,seller_003,142.18,12.43
order_002592,1,prod_0360,seller_003,218.97,19.27
order_002593,1,prod_0211,seller_028,60.3,13.39
order_002593,1,prod_0107,seller_028,150.33,26.45
order_002594,1,prod_0151,seller_002,380.87,25.26
order_002594,1,prod_0081,seller_002,74.87,34.41
order_002595,1,prod_0376,seller_023,105.24,25.46
order_002596,1,prod_0411,seller_015,99.16,11.33
order_002596,1,prod_0014,seller_015,248.5,18.03
order_002597,1,prod_0264,seller_000,222.06,15.42
order_002597,1,prod_0335,seller_000,16.42,14.07
order_002598,1,prod_0205,seller_031,182.26,43.7
order_002598,1,prod_0406,seller_031,90.62,44.89
order_002599,1,prod_0347,seller_027,255.99,22.46
order_002600,1,prod_0144,seller_030,177.12,32.29
order_002600,1,prod_0169,seller_030,355.76,32.6
order_002601,1,prod_0398,seller_014,199.05,22.29
order_002601,1,prod_0189,seller_014,36.24,5.87
order_002602,1,prod_0030,seller_018,338.49,38.58
order_002602,1,prod_0394,seller_018,320.76,23.31
order_002603,1,prod_0394,seller_025,269.21,20.07
order_002603,1,prod_0070,seller_025,102.72,19.43
order_002604,1,prod_0335,seller_014,348.87,15.32
order_002605,1,prod_0495,seller_026,99.78,34.76
order_002605,1,prod_0289,seller_026,334.88,32.4
order_002606,1,prod_0273,seller_030,24.77,24.66
order_002607,1,prod_0272,seller_029,262.71,41.62
order_002607,1,prod_0301,seller_029,227.08,29.62
order_002608,1,prod_0268,seller_039,48.61,30.58
order_002609,1,prod_0443,seller_033,328.9,9.38
order_002609,1,prod_0193,seller_033,252.54,33.4
order_002610,1,prod_0471,seller_008,49.47,25.24
order_002611,1,prod_0300,seller_008,259.98,25.77
order_002611,1,prod_0320,seller_008,146.7,14.75
order_002612,1,prod_0069,seller_033,272.49,29.02
order_002612,1,prod_0305,seller_033,264.03,13.77
order_002613,1,prod_0226,seller_036,201.24,17.4
order_002613,1,prod_0191,seller_036,159.98,14.11
order_002614,1,prod_0331,seller_016,321.51,24.24
order_002615,1,prod_0057,seller_018,212.5,34.48
order_002615,1,prod_0223,seller_018,344.41,16.46
order_002616,1,prod_0090,seller_027,383.61,17.98
order_002616,1,prod_0116,seller_027,112.99,28.03
order_002617,1,prod_0015,seller_025,277.85,23.48
order_002617,1,prod_0234,seller_025,283.93,35.56
order_002618,1,prod_0068,seller_022,191.95,23.38
order_002618,1,prod_0475,seller_022,197.95,30.66
order_002619,1,prod_0493,seller_020,30.23,13.55
order_002620,1,prod_0014,seller_022,350.82,14.16
order_002621,1,prod_0394,seller_027,279.58,12.89
order_002621,1,prod_0414,seller_027,299.28,30.91
order_002622,1,prod_0261,seller_006,302.23,17.42
order_002622,1,prod_0409,seller_006,63.55,16.62
order_002623,1,prod_0278,seller_008,382.57,42.77
order_002623,1,prod_0349,seller_008,221.55,11.03
order_002624,1,prod_0496,seller_011,282.26,10.39
order_002625,1,prod_0231,seller_006,120.1,23.8
order_002626,1,prod_0398,seller_032,188.62,7.41
order_002626,1,prod_0480,seller_032,186.15,15.62
order_002627,1,prod_0305,seller_008,121.56,24.05
order_002627,1,prod_0253,seller_008,277.0,39.17
order_002628,1,prod_0276,seller_009,42.05,7.98
order_002629,1,prod_0420,seller_018,33.09,15.8
order_002629,1,prod_0006,seller_018,101.68,24.94
order_002630,1,prod_0484,seller_038,322.18,30.08
order_002631,1,prod_0245,seller_001,114.34,34.99
order_002632,1,prod_0209,seller_013,319.71,20.64
order_002633,1,prod_0381,seller_036,381.38,16.97
order_002633,1,prod_0355,seller_036,107.44,15.95
order_002634,1,prod_0267,seller_017,286.04,36.12
order_002634,1,prod_0047,seller_017,92.6,27.93
order_002635,1,prod_0138,seller_023,104.11,40.68
order_002636,1,prod_0411,seller_034,393.66,40.12
order_002637,1,prod_0077,seller_032,132.72,8.61
order_002638,1,prod_0236,seller_032,185.21,25.72
order_002638,1,prod_0211,seller_032,40.64,28.27
order_002639,1,prod_0014,seller_009,236.81,29.91
order_002639,1,prod_0369,seller_009,56.92,32.97
order_002640,1,prod_0224,seller_027,167.51,27.22
order_002640,1,prod_0137,seller_027,255.96,24.91
order_002641,1,prod_0470,seller_033,307.9,44.36
order_002642,1,prod_0331,seller_008,150.78,24.71
order_002642,1,prod_0208,seller_008,232.44,31.68
order_002643,1,prod_0061,seller_036,330.14,5.77
order_002644,1,prod_0198,seller_032,68.32,30.2
order_002644,1,prod_0094,seller_032,103.84,12.77
order_002645,1,prod_0065,seller_033,274.08,23.05
order_002645,1,prod_0040,seller_033,314.67,24.76
order_002646,1,prod_0152,seller_037,22.71,35.53
order_002646,1,prod_0080,seller_037,246.22,9.44
order_002647,1,prod_0165,seller_037,295.04,42.84
order_002647,1,prod_0302,seller_037,46.75,6.41
order_002648,1,prod_0442,seller_011,18.39,35.13
order_002648,1,prod_0124,seller_011,311.47,6.74
order_002649,1,prod_0445,seller_023,239.17,40.45
order_002650,1,prod_0138,seller_024,233.21,7.64
order_002651,1,prod_0195,seller_011,213.4,24.16
order_002651,1,prod_0350,seller_011,302.22,39.72
order_002652,1,prod_0177,seller_018,92.45,34.2
order_002653,1,prod_0051,seller_002,38.05,26.09
order_002653,1,prod_0258,seller_002,228.97,10.93
order_002654,1,prod_0311,seller_010,351.87,13.5
order_002654,1,prod_0257,seller_010,302.07,34.16
order_002655,1,prod_0118,seller_034,64.02,43.94
order_002655,1,prod_0021,seller_034,104.33,10.15
order_002656,1,prod_0093,seller_018,273.42,13.68
order_002656,1,prod_0370,seller_018,229.25,32.84
order_002657,1,prod_0408,seller_007,20.79,25.43
order_002657,1,prod_0061,seller_007,100.3,42.96
order_002658,1,prod_0195,seller_005,337.32,22.61
order_002658,1,prod_0313,seller_005,341.07,12.15
order_002659,1,prod_0492,seller_036,309.58,27.16
order_002660,1,prod_0010,seller_012,124.49,19.22
order_002660,1,prod_0378,seller_012,108.72,9.33
order_002661,1,prod_0139,seller_012,151.43,23.46
order_002661,1,prod_0181,seller_012,392.27,15.75
order_002662,1,prod_0276,seller_004,339.08,19.72
order_002663,1,prod_0370,seller_023,216.61,43.39
order_002664,1,prod_0204,seller_013,176.88,43.03
order_002665,1,prod_0377,seller_026,394.47,41.3
order_002666,1,prod_0054,seller_031,83.81,17.2
order_002667,1,prod_0441,seller_003,40.11,44.2
order_002668,1,prod_0076,seller_017,65.46,7.44
order_002669,1,prod_0031,seller_001,221.62,24.02
order_002669,1,prod_0378,seller_001,296.37,26.19
order_002670,1,prod_0064,seller_031,279.42,8.01
order_002670,1,prod_0272,seller_031,51.72,26.27
order_002671,1,prod_0287,seller_017,142.18,9.74
order_002671,1,prod_0127,seller_017,161.44,6.43
order_002672,1,prod_0207,seller_001,109.99,39.16
order_002672,1,prod_0100,seller_001,52.43,36.44
order_002673,1,prod_0198,seller_002,375.86,39.89
order_002673,1,prod_0396,seller_002,310.67,28.17
order_002674,1,prod_0225,seller_018,95.97,43.8
order_002674,1,prod_0494,seller_018,118.29,21.51
order_002675,1,prod_0256,seller_010,163.71,6.23
order_002675,1,prod_0434,seller_010,78.39,7.98
order_002676,1,prod_0348,seller_008,51.61,32.04
order_002677,1,prod_0023,seller_008,99.02,30.5
order_002678,1,prod_0052,seller_024,86.96,19.04
order_002678,1,prod_0264,seller_024,100.15,15.57
order_002679,1,prod_0081,seller_029,350.77,14.57
order_002680,1,prod_0193,seller_002,161.98,40.1
order_002680,1,prod_0453,seller_002,80.49,32.36
order_002681,1,prod_0253,seller_038,381.39,35.57
order_002681,1,prod_0096,seller_038,95.06,28.84
order_002682,1,prod_0326,seller_006,308.81,43.75
order_002682,1,prod_0101,seller_006,152.04,26.39
order_002683,1,prod_0037,seller_033,144.16,42.67
order_002683,1,prod_0210,seller_033,135.04,29.19
order_002684,1,prod_0191,seller_018,143.86,34.26
order_002684,1,prod_0221,seller_018,180.24,13.0
order_002685,1,prod_0307,seller_023,327.16,40.54
order_002685,1,prod_0037,seller_023,241.88,15.68
order_002686,1,prod_0130,seller_032,358.49,5.61
order_002686,1,prod_0289,seller_032,307.39,10.86
order_002687,1,prod_0176,seller_035,265.27,24.84
order_002688,1,prod_0164,seller_001,251.46,13.76
order_002688,1,prod_0287,seller_001,374.84,22.91
order_002689,1,prod_0272,seller_022,142.3,8.97
order_002690,1,prod_0056,seller_026,95.88,28.67
order_002690,1,prod_0472,seller_026,107.03,33.79
order_002691,1,prod_0340,seller_037,20.64,38.46
order_002692,1,prod_0042,seller_027,130.03,20.16
order_002692,1,prod_0378,seller_027,208.06,28.45
order_002693,1,prod_0391,seller_008,70.31,34.79
order_002693,1,prod_0108,seller_008,89.86,23.3
order_002694,1,prod_0336,seller_035,105.05,31.81
order_002694,1,prod_0145,seller_035,235.52,15.04
order_002695,1,prod_0016,seller_011,198.94,6.26
order_002695,1,prod_0256,seller_011,192.98,29.95
order_002696,1,prod_0117,seller_013,370.48,30.23
order_002696,1,prod_0111,seller_013,173.59,22.46
order_002697,1,prod_0384,seller_000,333.75,29.8
order_002698,1,prod_0190,seller_009,44.27,18.36
order_002698,1,prod_0207,seller_009,112.54,37.44
order_002699,1,prod_0241,seller_030,241.65,36.15
order_002699,1,prod_0004,seller_030,213.65,40.29
order_002700,1,prod_0278,seller_031,284.64,19.24
order_002700,1,prod_0348,seller_031,322.27,40.04
order_002701,1,prod_0004,seller_020,309.14,26.45
order_002701,1,prod_0246,seller_020,211.06,36.63
order_002702,1,prod_0456,seller_027,293.46,12.88
order_002702,1,prod_0470,seller_027,112.17,22.25
order_002703,1,prod_0037,seller_029,111.11,14.83
order_002703,1,prod_0110,seller_029,123.63,26.35
order_002704,1,prod_0216,seller_023,136.89,28.63
order_002705,1,prod_0327,seller_033,205.06,34.15
order_002706,1,prod_0435,seller_018,140.06,9.41
order_002707,1,prod_0137,seller_032,360.06,35.67
order_002708,1,prod_0336,seller_011,119.72,31.34
order_002709,1,prod_0377,seller_017,394.5,9.68
order_002709,1,prod_0243,seller_017,75.94,15.33
order_002710,1,prod_0306,seller_025,172.8,25.95
order_002711,1,prod_0018,seller_024,369.01,8.21
order_002711,1,prod_0214,seller_024,226.07,12.85
order_002712,1,prod_0346,seller_034,251.39,21.83
order_002712,1,prod_0429,seller_034,230.02,14.17
order_002713,1,prod_0496,seller_002,314.98,28.76
order_002714,1,prod_0183,seller_036,290.94,41.39
order_002714,1,prod_0354,seller_036,284.27,15.22
order_002715,1,prod_0283,seller_033,302.56,44.53
order_002716,1,prod_0445,seller_036,105.91,21.9
order_002717,1,prod_0451,seller_001,265.89,37.9
order_002718,1,prod_0497,seller_016,75.47,9.18
order_002719,1,prod_0219,seller_035,324.77,38.84
order_002719,1,prod_0077,seller_035,216.2,6.22
order_002720,1,prod_0185,seller_009,32.47,15.42
order_002721,1,prod_0288,seller_005,333.3,24.34
order_002721,1,prod_0174,seller_005,86.97,35.32
order_002722,1,prod_0495,seller_003,31.18,18.96
order_002723,1,prod_0371,seller_024,218.4,39.86
order_002724,1,prod_0457,seller_008,275.17,22.79
order_002724,1,prod_0050,seller_008,227.47,7.06
order_002725,1,prod_0378,seller_024,372.78,44.58
order_002726,1,prod_0432,seller_017,102.42,18.89
order_002726,1,prod_0449,seller_017,167.02,20.78
order_002727,1,prod_0393,seller_023,151.78,31.23
order_002728,1,prod_0065,seller_031,376.79,26.75
order_002729,1,prod_0365,seller_003,276.82,10.94
order_002729,1,prod_0025,seller_003,290.81,11.43
order_002730,1,prod_0091,seller_034,351.48,26.13
order_002730,1,prod_0412,seller_034,103.01,31.44
order_002731,1,prod_0107,seller_005,380.91,29.35
order_002732,1,prod_0148,seller_038,274.91,33.19
order_002733,1,prod_0081,seller_014,305.41,6.08
order_002733,1,prod_0487,seller_014,219.94,5.24
order_002734,1,prod_0276,seller_012,107.1,30.52
order_002735,1,prod_0251,seller_002,399.91,18.42
order_002736,1,prod_0427,seller_018,270.48,12.52
order_002736,1,prod_0359,seller_018,204.59,25.87
order_002737,1,prod_0248,seller_016,175.28,14.91
order_002738,1,prod_0338,seller_033,75.98,18.05
order_002738,1,prod_0039,seller_033,195.88,12.24
order_002739,1,prod_0245,seller_031,119.17,26.69
order_002740,1,prod_0443,seller_007,136.18,24.11
order_002740,1,prod_0384,seller_007,224.19,5.19
order_002741,1,prod_0203,seller_026,40.62,8.29
order_002741,1,prod_0348,seller_026,74.58,15.15
order_002742,1,prod_0303,seller_038,218.95,40.55
order_002742,1,prod_0063,seller_038,116.29,23.89
order_002743,1,prod_0186,seller_023,42.4,44.5
order_002744,1,prod_0274,seller_036,105.02,28.91
order_002745,1,prod_0408,seller_028,275.04,19.83
order_002746,1,prod_0113,seller_014,121.76,16.1
order_002746,1,prod_0491,seller_014,249.97,8.05
order_002747,1,prod_0049,seller_009,227.17,35.46
order_002748,1,prod_0195,seller_016,44.28,16.85
order_002748,1,prod_0085,seller_016,375.77,35.26
order_002749,1,prod_0108,seller_017,34.43,10.3
order_002750,1,prod_0296,seller_016,116.99,5.3
order_002750,1,prod_0377,seller_016,217.97,33.23
order_002751,1,prod_0247,seller_005,111.34,38.51
order_002751,1,prod_0318,seller_005,93.46,36.16
order_002752,1,prod_0151,seller_016,280.52,32.49
order_002753,1,prod_0242,seller_029,399.35,18.86
order_002754,1,prod_0205,seller_029,330.94,38.06
order_002754,1,prod_0403,seller_029,331.76,11.5
order_002755,1,prod_0035,seller_013,206.88,24.48
order_002755,1,prod_0220,seller_013,58.36,15.06
order_002756,1,prod_0252,seller_015,275.78,39.54
order_002756,1,prod_0477,seller_015,381.09,41.54
order_002757,1,prod_0353,seller_009,316.71,14.95
order_002757,1,prod_0080,seller_009,222.61,22.82
order_002758,1,prod_0317,seller_019,383.25,44.5
order_002759,1,prod_0011,seller_009,139.75,20.49
order_002760,1,prod_0450,seller_001,181.13,17.87
order_002760,1,prod_0374,seller_001,204.9,27.2
order_002761,1,prod_0060,seller_028,241.96,28.18
order_002761,1,prod_0081,seller_028,385.51,30.42
order_002762,1,prod_0023,seller_012,99.56,39.77
order_002762,1,prod_0312,seller_012,55.46,5.73
order_002763,1,prod_0335,seller_033,32.25,39.7
order_002763,1,prod_0443,seller_033,368.38,26.43
order_002764,1,prod_0375,seller_021,126.04,25.01
order_002764,1,prod_0304,seller_021,353.76,20.31
order_002765,1,prod_0201,seller_016,61.28,7.56
order_002765,1,prod_0307,seller_016,129.85,31.3
order_002766,1,prod_0098,seller_021,223.32,43.57
order_002766,1,prod_0456,seller_021,245.19,31.9
order_002767,1,prod_0086,seller_033,30.67,21.54
order_002768,1,prod_0012,seller_030,371.34,40.32
order_002768,1,prod_0358,seller_030,40.33,15.03
order_002769,1,prod_0404,seller_008,172.42,29.41
order_002769,1,prod_0196,seller_008,255.24,11.06
order_002770,1,prod_0198,seller_017,393.31,17.08
order_002771,1,prod_0093,seller_009,92.24,8.41
order_002772,1,prod_0364,seller_024,286.08,23.46
order_002773,1,prod_0121,seller_036,202.3,34.57
order_002774,1,prod_0223,seller_027,193.99,31.69
order_002775,1,prod_0267,seller_006,52.45,17.64
order_002776,1,prod_0270,seller_031,29.32,36.7
order_002776,1,prod_0295,seller_031,97.72,24.36
order_002777,1,prod_0072,seller_014,300.6,25.9
order_002778,1,prod_0285,seller_026,319.17,9.05
order_002778,1,prod_0300,seller_026,348.57,25.02
order_002779,1,prod_0413,seller_033,210.88,38.58
order_002780,1,prod_0435,seller_028,284.72,37.82
order_002781,1,prod_0074,seller_034,248.15,15.53
order_002782,1,prod_0261,seller_004,322.82,24.43
order_002782,1,prod_0193,seller_004,282.4,6.91
order_002783,1,prod_0235,seller_001,310.49,42.59
order_002784,1,prod_0119,seller_000,299.5,18.86
order_002784,1,prod_0008,seller_000,272.42,42.69
order_002785,1,prod_0156,seller_015,295.41,32.96
order_002786,1,prod_0217,seller_004,47.38,38.62
order_002787,1,prod_0262,seller_039,84.42,16.34
order_002788,1,prod_0425,seller_014,181.39,25.77
order_002789,1,prod_0341,seller_021,75.77,13.66
order_002790,1,prod_0311,seller_017,97.18,5.58
order_002790,1,prod_0158,seller_017,71.03,32.75
order_002791,1,prod_0465,seller_027,40.4,24.81
order_002792,1,prod_0435,seller_035,87.63,5.72
order_002793,1,prod_0385,seller_022,271.59,13.0
order_002794,1,prod_0418,seller_021,181.76,39.9
order_002794,1,prod_0495,seller_021,270.78,5.34
order_002795,1,prod_0419,seller_023,85.5,29.07
order_002795,1,prod_0180,seller_023,345.17,42.4
order_002796,1,prod_0206,seller_008,228.41,14.88
order_002796,1,prod_0046,seller_008,342.39,18.57
order_002797,1,prod_0162,seller_015,252.42,18.73
order_002798,1,prod_0136,seller_010,382.24,20.75
order_002798,1,prod_0364,seller_010,375.39,18.67
order_002799,1,prod_0452,seller_029,310.98,35.1
order_002800,1,prod_0255,seller_039,274.42,37.2
order_002800,1,prod_0179,seller_039,322.46,11.45
order_002801,1,prod_0376,seller_030,312.29,14.99
order_002801,1,prod_0286,seller_030,101.38,33.26
order_002802,1,prod_0181,seller_020,180.45,28.16
order_002802,1,prod_0155,seller_020,15.21,19.16
order_002803,1,prod_0115,seller_015,245.38,44.12
order_002804,1,prod_0206,seller_027,84.04,13.78
order_002804,1,prod_0243,seller_027,227.6,8.32
order_002805,1,prod_0400,seller_011,361.88,26.45
order_002805,1,prod_0343,seller_011,193.23,36.41
order_002806,1,prod_0067,seller_028,277.71,31.02
order_002807,1,prod_0034,seller_027,190.96,6.66
order_002807,1,prod_0184,seller_027,17.03,11.99
order_002808,1,prod_0273,seller_006,144.36,31.29
order_002809,1,prod_0263,seller_027,59.76,19.16
order_002810,1,prod_0016,seller_028,388.58,29.19
order_002811,1,prod_0236,seller_006,121.41,8.87
order_002812,1,prod_0298,seller_021,216.03,31.99
order_002813,1,prod_0479,seller_021,22.87,5.84
order_002814,1,prod_0016,seller_026,373.11,8.47
order_002814,1,prod_0400,seller_026,69.56,6.34
order_002815,1,prod_0146,seller_037,220.4,28.44
order_002815,1,prod_0401,seller_037,184.42,30.48
order_002816,1,prod_0394,seller_006,219.26,7.44
order_002817,1,prod_0464,seller_036,162.75,10.96
order_002818,1,prod_0036,seller_021,297.41,28.24
order_002818,1,prod_0477,seller_021,389.54,18.04
order_002819,1,prod_0347,seller_018,73.02,13.37
order_002820,1,prod_0413,seller_031,162.1,41.05
order_002821,1,prod_0017,seller_029,139.31,28.9
order_002822,1,prod_0321,seller_030,284.97,30.37
order_002822,1,prod_0404,seller_030,312.24,36.07
order_002823,1,prod_0334,seller_035,104.15,13.96
order_002824,1,prod_0090,seller_031,126.12,32.99
order_002824,1,prod_0488,seller_031,355.51,10.19
order_002825,1,prod_0331,seller_037,27.36,17.52
order_002825,1,prod_0037,seller_037,176.19,9.58
order_002826,1,prod_0486,seller_012,65.13,30.1
order_002827,1,prod_0158,seller_022,121.45,22.38
order_002828,1,prod_0026,seller_010,155.6,43.71
order_002828,1,prod_0019,seller_010,95.42,16.97
order_002829,1,prod_0358,seller_022,92.1,5.87
order_002829,1,prod_0278,seller_022,76.6,5.49
order_002830,1,prod_0401,seller_024,174.57,25.73
order_002830,1,prod_0389,seller_024,53.02,41.31
order_002831,1,prod_0198,seller_026,242.48,30.0
order_002831,1,prod_0030,seller_026,218.43,25.4
order_002832,1,prod_0171,seller_033,102.55,27.67
order_002833,1,prod_0233,seller_005,365.39,22.37
order_002834,1,prod_0282,seller_030,38.86,15.0
order_002834,1,prod_0094,seller_030,31.09,17.06
order_002835,1,prod_0419,seller_037,16.49,9.34
order_002835,1,prod_0341,seller_037,71.79,12.31
order_002836,1,prod_0106,seller_013,19.39,5.59
order_002837,1,prod_0480,seller_001,226.87,20.09
order_002838,1,prod_0261,seller_029,229.99,33.1
order_002838,1,prod_0453,seller_029,203.26,8.33
order_002839,1,prod_0260,seller_004,301.7,40.56
order_002839,1,prod_0356,seller_004,292.57,18.12
order_002840,1,prod_0439,seller_005,240.6,28.39
order_002840,1,prod_0209,seller_005,169.35,39.03
order_002841,1,prod_0138,seller_016,24.65,28.74
order_002841,1,prod_0127,seller_016,317.87,5.17
order_002842,1,prod_0462,seller_019,367.05,25.67
order_002842,1,prod_0413,seller_019,393.37,40.7
order_002843,1,prod_0334,seller_008,225.72,37.58
order_002844,1,prod_0031,seller_013,50.84,11.72
order_002845,1,prod_0193,seller_024,199.95,21.42
order_002846,1,prod_0257,seller_028,106.59,41.84
order_002847,1,prod_0469,seller_035,123.79,34.21
order_002847,1,prod_0136,seller_035,230.11,34.66
order_002848,1,prod_0365,seller_000,119.37,30.28
order_002849,1,prod_0438,seller_036,133.22,23.34
order_002849,1,prod_0048,seller_036,146.11,17.69
order_002850,1,prod_0493,seller_024,41.01,38.49
order_002850,1,prod_0076,seller_024,241.19,40.93
order_002851,1,prod_0464,seller_003,375.29,21.7
order_002851,1,prod_0052,seller_003,313.68,44.62
order_002852,1,prod_0328,seller_022,365.17,17.38
order_002853,1,prod_0198,seller_026,258.83,39.49
order_002853,1,prod_0429,seller_026,20.32,30.05
order_002854,1,prod_0039,seller_013,16.67,9.15
order_002854,1,prod_0135,seller_013,389.12,20.38
order_002855,1,prod_0082,seller_039,215.53,14.77
order_002855,1,prod_0356,seller_039,90.66,13.63
order_002856,1,prod_0151,seller_022,320.69,18.51
order_002857,1,prod_0178,seller_023,368.89,43.53
order_002857,1,prod_0396,seller_023,298.73,23.0
order_002858,1,prod_0127,seller_006,162.53,17.45
order_002859,1,prod_0048,seller_010,143.05,32.88
order_002859,1,prod_0416,seller_010,188.11,23.47
order_002860,1,prod_0118,seller_028,345.04,15.09
order_002860,1,prod_0238,seller_028,257.0,24.3
order_002861,1,prod_0270,seller_033,121.29,14.38
order_002861,1,prod_0286,seller_033,183.17,25.75
order_002862,1,prod_0449,seller_038,71.99,14.06
order_002863,1,prod_0266,seller_029,21.53,39.67
order_002863,1,prod_0297,seller_029,237.82,38.37
order_002864,1,prod_0196,seller_026,80.0,41.99
order_002865,1,prod_0114,seller_010,111.44,28.67
order_002866,1,prod_0022,seller_019,265.31,25.52
order_002867,1,prod_0134,seller_017,228.93,33.04
order_002868,1,prod_0435,seller_008,46.83,22.62
order_002868,1,prod_0260,seller_008,141.99,15.5
order_002869,1,prod_0175,seller_015,159.55,28.18
order_002869,1,prod_0422,seller_015,121.58,16.37
order_002870,1,prod_0155,seller_021,74.4,31.75
order_002871,1,prod_0133,seller_004,83.59,42.98
order_002871,1,prod_0149,seller_004,209.21,26.94
order_002872,1,prod_0397,seller_038,323.3,39.47
order_002872,1,prod_0085,seller_038,181.28,30.07
order_002873,1,prod_0259,seller_009,164.09,17.77
order_002874,1,prod_0451,seller_033,24.06,7.05
order_002874,1,prod_0053,seller_033,49.79,30.74
order_002875,1,prod_0038,seller_031,53.93,13.78
order_002876,1,prod_0070,seller_018,386.65,31.64
order_002877,1,prod_0491,seller_034,160.73,40.47
order_002877,1,prod_0385,seller_034,370.24,39.67
order_002878,1,prod_0051,seller_000,380.46,29.32
order_002879,1,prod_0175,seller_027,321.46,37.07
order_002879,1,prod_0040,seller_027,337.89,28.76
order_002880,1,prod_0021,seller_037,361.03,5.42
order_002880,1,prod_0446,seller_037,398.1,36.8
order_002881,1,prod_0447,seller_012,149.77,15.38
order_002881,1,prod_0321,seller_012,226.0,16.66
order_002882,1,prod_0156,seller_009,124.29,29.93
order_002883,1,prod_0288,seller_018,82.13,20.2
order_002883,1,prod_0349,seller_018,64.12,25.43
order_002884,1,prod_0265,seller_011,61.86,13.98
order_002884,1,prod_0065,seller_011,106.17,43.5
order_002885,1,prod_0254,seller_038,67.6,36.59
order_002886,1,prod_0219,seller_003,128.87,5.29
order_002887,1,prod_0083,seller_021,289.88,16.21
order_002888,1,prod_0126,seller_033,323.58,12.65
order_002888,1,prod_0451,seller_033,385.03,35.45
order_002889,1,prod_0215,seller_000,148.33,40.7
order_002889,1,prod_0228,seller_000,375.92,17.79
order_002890,1,prod_0452,seller_011,51.15,29.58
order_002891,1,prod_0088,seller_005,203.77,9.59
order_002891,1,prod_0065,seller_005,239.51,22.1
order_002892,1,prod_0425,seller_010,18.79,29.15
order_002892,1,prod_0223,seller_010,70.89,23.72
order_002893,1,prod_0382,seller_023,262.67,34.93
order_002894,1,prod_0369,seller_010,306.09,39.54
order_002895,1,prod_0186,seller_014,16.79,19.19
order_002895,1,prod_0239,seller_014,237.89,40.18
order_002896,1,prod_0019,seller_002,267.41,10.97
order_002896,1,prod_0419,seller_002,85.1,32.15
order_002897,1,prod_0159,seller_030,98.38,12.37
order_002898,1,prod_0323,seller_001,214.0,17.19
order_002898,1,prod_0272,seller_001,183.7,27.85
order_002899,1,prod_0389,seller_036,142.04,42.39
order_002900,1,prod_0217,seller_016,35.94,24.14
order_002901,1,prod_0320,seller_008,170.99,44.22
order_002901,1,prod_0388,seller_008,284.64,25.63
order_002902,1,prod_0299,seller_033,277.53,20.99
order_002902,1,prod_0033,seller_033,285.75,42.36
order_002903,1,prod_0075,seller_000,236.55,16.94
order_002903,1,prod_0082,seller_000,378.77,34.11
order_002904,1,prod_0262,seller_028,346.15,6.1
order_002904,1,prod_0365,seller_028,353.97,36.83
order_002905,1,prod_0427,seller_029,133.23,37.28
order_002905,1,prod_0137,seller_029,57.84,16.35
order_002906,1,prod_0192,seller_008,131.15,27.83
order_002907,1,prod_0059,seller_028,353.43,27.19
order_002908,1,prod_0104,seller_014,171.9,34.86
order_002908,1,prod_0332,seller_014,309.42,40.13
order_002909,1,prod_0424,seller_028,348.06,44.04
order_002909,1,prod_0125,seller_028,44.23,13.24
order_002910,1,prod_0122,seller_011,22.88,37.42
order_002911,1,prod_0261,seller_016,166.07,26.57
order_002912,1,prod_0145,seller_017,234.13,12.38
order_002912,1,prod_0376,seller_017,284.72,37.77
order_002913,1,prod_0127,seller_017,131.9,6.47
order_002913,1,prod_0178,seller_017,294.06,27.67
order_002914,1,prod_0031,seller_006,39.65,36.04
order_002915,1,prod_0116,seller_015,184.36,36.56
order_002916,1,prod_0051,seller_010,296.25,21.3
order_002917,1,prod_0234,seller_002,168.12,36.41
order_002917,1,prod_0425,seller_002,273.48,17.1
order_002918,1,prod_0078,seller_001,239.55,33.96
order_002918,1,prod_0167,seller_001,294.27,29.13
order_002919,1,prod_0223,seller_037,81.24,13.99
order_002919,1,prod_0225,seller_037,135.14,12.21
order_002920,1,prod_0091,seller_019,305.04,24.21
order_002920,1,prod_0258,seller_019,249.16,13.16
order_002921,1,prod_0273,seller_037,308.94,23.98
order_002922,1,prod_0024,seller_034,357.32,33.63
order_002922,1,prod_0120,seller_034,240.98,10.22
order_002923,1,prod_0243,seller_017,262.04,39.28
order_002924,1,prod_0152,seller_019,310.14,21.53
order_002925,1,prod_0332,seller_021,54.12,31.52
order_002926,1,prod_0435,seller_011,281.88,19.23
order_002927,1,prod_0492,seller_038,51.82,9.44
order_002927,1,prod_0123,seller_038,324.65,30.27
order_002928,1,prod_0408,seller_037,185.73,28.81
order_002929,1,prod_0370,seller_020,372.77,14.62
order_002929,1,prod_0010,seller_020,44.14,7.92
order_002930,1,prod_0063,seller_003,283.84,17.71
order_002931,1,prod_0432,seller_026,207.49,38.01
order_002932,1,prod_0123,seller_011,182.67,10.36
order_002932,1,prod_0298,seller_011,308.66,17.56
order_002933,1,prod_0412,seller_016,276.4,37.69
order_002933,1,prod_0304,seller_016,251.61,19.7
order_002934,1,prod_0131,seller_006,266.99,38.64
order_002935,1,prod_0152,seller_005,320.46,30.16
order_002935,1,prod_0292,seller_005,236.7,23.07
order_002936,1,prod_0448,seller_013,53.95,21.2
order_002937,1,prod_0243,seller_031,59.95,11.35
order_002937,1,prod_0137,seller_031,147.74,36.96
order_002938,1,prod_0062,seller_032,344.74,34.74
order_002938,1,prod_0413,seller_032,238.36,41.09
order_002939,1,prod_0107,seller_011,282.29,22.52
order_002940,1,prod_0268,seller_034,265.35,43.78
order_002941,1,prod_0396,seller_001,259.76,5.11
order_002942,1,prod_0269,seller_013,50.75,34.83
order_002942,1,prod_0269,seller_013,48.32,8.66
order_002943,1,prod_0053,seller_023,63.88,17.8
order_002943,1,prod_0301,seller_023,130.76,30.6
order_002944,1,prod_0407,seller_018,398.33,34.99
order_002945,1,prod_0064,seller_029,27.25,33.58
order_002946,1,prod_0152,seller_004,25.44,41.4
order_002946,1,prod_0439,seller_004,51.56,5.1
order_002947,1,prod_0389,seller_012,132.26,18.23
order_002948,1,prod_0384,seller_029,31.99,21.31
order_002949,1,prod_0151,seller_009,74.38,25.04
order_002950,1,prod_0445,seller_038,274.8,14.38
order_002951,1,prod_0022,seller_021,128.88,40.3
order_002951,1,prod_0305,seller_021,195.2,32.07
order_002952,1,prod_0015,seller_006,340.08,22.6
order_002952,1,prod_0157,seller_006,237.54,20.08
order_002953,1,prod_0364,seller_002,210.31,7.53
order_002953,1,prod_0091,seller_002,378.69,12.57
order_002954,1,prod_0496,seller_004,55.0,38.06
order_002955,1,prod_0340,seller_027,28.39,33.38
order_002956,1,prod_0267,seller_018,95.32,18.36
order_002957,1,prod_0387,seller_014,371.0,40.44
order_002958,1,prod_0095,seller_015,219.6,12.04
order_002958,1,prod_0095,seller_015,43.58,44.5
order_002959,1,prod_0053,seller_034,295.7,11.75
order_002960,1,prod_0288,seller_033,127.62,26.43
order_002960,1,prod_0065,seller_033,116.74,25.24
order_002961,1,prod_0279,seller_020,227.19,23.47
order_002962,1,prod_0360,seller_007,161.95,44.91
order_002962,1,prod_0418,seller_007,206.1,31.96
order_002963,1,prod_0058,seller_009,23.18,21.49
order_002963,1,prod_0002,seller_009,336.36,43.09
order_002964,1,prod_0093,seller_007,37.87,38.98
order_002964,1,prod_0169,seller_007,371.62,18.1
order_002965,1,prod_0216,seller_031,317.39,19.07
order_002966,1,prod_0238,seller_025,20.59,31.85
order_002966,1,prod_0345,seller_025,267.78,5.0
order_002967,1,prod_0061,seller_012,167.63,6.53
order_002967,1,prod_0183,seller_012,145.24,36.38
order_002968,1,prod_0396,seller_004,141.56,28.97
order_002969,1,prod_0441,seller_013,76.47,42.28
order_002970,1,prod_0371,seller_036,296.36,36.03
order_002971,1,prod_0117,seller_027,147.23,36.98
order_002972,1,prod_0113,seller_017,139.22,7.73
order_002973,1,prod_0179,seller_029,187.84,6.67
order_002974,1,prod_0220,seller_002,79.36,20.53
order_002974,1,prod_0317,seller_002,392.55,10.11
order_002975,1,prod_0001,seller_028,113.42,35.04
order_002976,1,prod_0406,seller_007,157.48,10.84
order_002976,1,prod_0125,seller_007,168.73,40.97
order_002977,1,prod_0419,seller_010,203.51,13.02
order_002977,1,prod_0490,seller_010,390.51,5.23
order_002978,1,prod_0339,seller_001,52.2,39.59
order_002979,1,prod_0491,seller_012,328.46,21.49
order_002979,1,prod_0047,seller_012,246.01,31.03
order_002980,1,prod_0063,seller_016,327.05,25.68
order_002981,1,prod_0470,seller_031,121.53,41.76
order_002982,1,prod_0443,seller_033,98.41,13.53
order_002982,1,prod_0054,seller_033,254.5,33.35
order_002983,1,prod_0361,seller_037,44.52,10.01
order_002984,1,prod_0238,seller_029,284.38,17.87
order_002984,1,prod_0330,seller_029,28.43,32.9
order_002985,1,prod_0068,seller_038,159.92,5.34
order_002986,1,prod_0030,seller_030,130.22,23.38
order_002987,1,prod_0107,seller_028,261.18,19.66
order_002988,1,prod_0191,seller_015,139.94,44.49
order_002989,1,prod_0049,seller_017,320.56,39.15
order_002989,1,prod_0385,seller_017,376.83,9.31
order_002990,1,prod_0045,seller_036,16.63,41.8
order_002991,1,prod_0258,seller_030,319.49,38.87
order_002992,1,prod_0083,seller_037,49.66,40.73
order_002992,1,prod_0059,seller_037,222.6,40.6
order_002993,1,prod_0305,seller_020,236.64,6.05
order_002993,1,prod_0197,seller_020,191.25,25.01
order_002994,1,prod_0359,seller_013,160.54,10.16
order_002995,1,prod_0003,seller_009,39.53,41.38
order_002996,1,prod_0475,seller_027,44.35,23.35
order_002996,1,prod_0261,seller_027,224.66,27.61
order_002997,1,prod_0069,seller_031,22.96,19.19
order_002997,1,prod_0407,seller_031,29.22,15.51
order_002998,1,prod_0155,seller_034,106.75,6.72
order_002999,1,prod_0487,seller_014,315.99,34.05
order_002999,1,prod_0160,seller_014,28.66,39.23
order_003000,1,prod_0321,seller_037,272.73,26.36
order_003001,1,prod_0263,seller_035,296.18,34.71
order_003002,1,prod_0174,seller_011,364.89,13.08
order_003002,1,prod_0435,seller_011,212.84,26.38
order_003003,1,prod_0187,seller_032,59.97,8.5
order_003004,1,prod_0060,seller_016,269.28,40.55
order_003005,1,prod_0485,seller_016,366.67,42.18
order_003005,1,prod_0199,seller_016,298.88,42.7
order_003006,1,prod_0227,seller_010,84.6,35.13
order_003007,1,prod_0464,seller_024,46.84,8.59
order_003008,1,prod_0414,seller_028,214.76,20.76
order_003008,1,prod_0354,seller_028,140.04,22.54
order_003009,1,prod_0300,seller_027,145.62,21.71
order_003009,1,prod_0123,seller_027,384.42,31.09
order_003010,1,prod_0417,seller_007,365.27,19.92
order_003010,1,prod_0223,seller_007,140.85,42.76
order_003011,1,prod_0043,seller_030,340.88,19.0
order_003012,1,prod_0136,seller_039,188.95,11.39
order_003012,1,prod_0421,seller_039,273.84,31.03
order_003013,1,prod_0432,seller_001,208.02,44.68
order_003014,1,prod_0087,seller_014,263.11,23.68
order_003014,1,prod_0168,seller_014,187.71,42.59
order_003015,1,prod_0138,seller_000,299.13,8.65
order_003015,1,prod_0221,seller_000,103.22,40.84
order_003016,1,prod_0425,seller_014,344.75,14.72
order_003017,1,prod_0335,seller_033,329.23,42.2
order_003017,1,prod_0213,seller_033,286.7,21.76
order_003018,1,prod_0260,seller_007,20.43,21.24
order_003019,1,prod_0174,seller_031,29.5,32.29
order_003020,1,prod_0048,seller_009,295.97,31.93
order_003021,1,prod_0271,seller_031,383.4,9.37
order_003021,1,prod_0421,seller_031,142.03,13.66
order_003022,1,prod_0492,seller_000,311.91,37.44
order_003022,1,prod_0274,seller_000,279.46,7.83
order_003023,1,prod_0324,seller_008,132.42,19.69
order_003023,1,prod_0344,seller_008,362.04,39.35
order_003024,1,prod_0111,seller_034,95.68,36.19
order_003024,1,prod_0251,seller_034,170.66,39.51
order_003025,1,prod_0183,seller_023,84.19,6.31
order_003026,1,prod_0465,seller_036,384.67,24.04
order_003027,1,prod_0446,seller_003,214.82,16.46
order_003028,1,prod_0122,seller_026,37.09,27.81
order_003029,1,prod_0050,seller_020,159.16,8.06
order_003029,1,prod_0249,seller_020,220.14,20.64
order_003030,1,prod_0277,seller_015,259.93,12.33
order_003031,1,prod_0062,seller_013,335.75,43.66
order_003031,1,prod_0084,seller_013,204.32,40.07
order_003032,1,prod_0103,seller_026,122.13,20.36
order_003032,1,prod_0308,seller_026,111.07,30.3
order_003033,1,prod_0112,seller_018,203.06,6.7
order_003034,1,prod_0399,seller_023,94.14,33.66
order_003035,1,prod_0101,seller_024,272.78,30.41
order_003036,1,prod_0207,seller_021,20.25,25.42
order_003036,1,prod_0166,seller_021,172.18,15.97
order_003037,1,prod_0199,seller_039,163.51,26.89
order_003037,1,prod_0426,seller_039,177.8,16.4
order_003038,1,prod_0267,seller_010,294.83,29.47
order_003039,1,prod_0499,seller_026,143.04,39.31
order_003039,1,prod_0434,seller_026,160.31,6.01
order_003040,1,prod_0253,seller_001,156.81,26.96
order_003040,1,prod_0177,seller_001,89.46,38.85
order_003041,1,prod_0392,seller_008,289.53,40.53
order_003042,1,prod_0091,seller_017,201.99,10.05
order_003043,1,prod_0151,seller_028,302.82,43.48
order_003043,1,prod_0442,seller_028,90.99,40.11
order_003044,1,prod_0418,seller_032,340.47,35.22
order_003044,1,prod_0063,seller_032,35.11,34.26
order_003045,1,prod_0178,seller_003,367.42,23.75
order_003045,1,prod_0370,seller_003,338.75,29.68
order_003046,1,prod_0164,seller_022,364.85,23.07
order_003047,1,prod_0400,seller_037,54.04,36.55
order_003047,1,prod_0336,seller_037,190.57,37.55
order_003048,1,prod_0061,seller_008,249.37,25.62
order_003049,1,prod_0253,seller_017,123.66,7.1
order_003049,1,prod_0200,seller_017,304.21,26.11
order_003050,1,prod_0030,seller_002,250.69,14.06
order_003051,1,prod_0228,seller_015,239.04,42.61
order_003052,1,prod_0017,seller_016,320.15,10.46
order_003053,1,prod_0265,seller_000,75.57,23.43
order_003054,1,prod_0251,seller_015,378.52,13.46
order_003054,1,prod_0276,seller_015,235.79,42.16
order_003055,1,prod_0114,seller_007,34.49,20.16
order_003055,1,prod_0034,seller_007,168.19,23.79
order_003056,1,prod_0108,seller_017,100.66,44.68
order_003056,1,prod_0213,seller_017,173.36,24.15
order_003057,1,prod_0190,seller_010,45.71,38.69
order_003057,1,prod_0045,seller_010,363.26,10.43
order_003058,1,prod_0491,seller_009,345.72,19.05
order_003059,1,prod_0381,seller_030,52.59,16.7
order_003059,1,prod_0374,seller_030,16.28,32.01
order_003060,1,prod_0424,seller_023,120.71,10.94
order_003061,1,prod_0223,seller_007,228.68,14.09
order_003061,1,prod_0254,seller_007,23.44,37.03
order_003062,1,prod_0432,seller_026,178.11,13.99
order_003062,1,prod_0013,seller_026,155.31,34.97
order_003063,1,prod_0163,seller_009,296.66,31.68
order_003063,1,prod_0196,seller_009,393.41,28.0
order_003064,1,prod_0163,seller_001,349.96,19.34
order_003064,1,prod_0301,seller_001,37.09,20.01
order_003065,1,prod_0044,seller_039,94.12,30.01
order_003065,1,prod_0070,seller_039,285.04,20.8
order_003066,1,prod_0128,seller_020,308.25,6.88
order_003067,1,prod_0319,seller_017,125.81,42.01
order_003067,1,prod_0335,seller_017,115.2,20.38
order_003068,1,prod_0098,seller_016,366.33,9.27
order_003068,1,prod_0304,seller_016,114.85,15.63
order_003069,1,prod_0303,seller_038,397.94,5.9
order_003069,1,prod_0497,seller_038,63.13,12.38
order_003070,1,prod_0200,seller_012,221.49,10.28
order_003071,1,prod_0384,seller_009,183.06,30.44
order_003072,1,prod_0122,seller_014,53.8,27.87
order_003073,1,prod_0278,seller_001,77.49,42.18
order_003074,1,prod_0038,seller_006,334.4,22.1
order_003075,1,prod_0112,seller_021,387.02,24.35
order_003075,1,prod_0339,seller_021,106.6,19.41
order_003076,1,prod_0023,seller_022,204.26,26.19
order_003077,1,prod_0156,seller_020,205.96,38.89
order_003078,1,prod_0145,seller_027,249.71,6.55
order_003078,1,prod_0265,seller_027,268.64,43.79
order_003079,1,prod_0182,seller_005,76.25,6.82
order_003079,1,prod_0107,seller_005,223.36,29.76
order_003080,1,prod_0337,seller_007,156.38,19.71
order_003081,1,prod_0312,seller_016,188.71,35.91
order_003082,1,prod_0021,seller_036,50.69,30.97
order_003083,1,prod_0110,seller_004,17.71,22.83
order_003083,1,prod_0129,seller_004,186.67,23.32
order_003084,1,prod_0240,seller_021,159.82,23.64
order_003084,1,prod_0264,seller_021,68.45,16.74
order_003085,1,prod_0280,seller_003,248.65,36.99
order_003086,1,prod_0317,seller_027,151.76,43.18
order_003087,1,prod_0052,seller_038,78.2,16.61
order_003087,1,prod_0146,seller_038,389.65,24.57
order_003088,1,prod_0348,seller_038,122.19,35.52
order_003089,1,prod_0001,seller_010,46.38,28.09
order_003089,1,prod_0019,seller_010,336.59,42.66
order_003090,1,prod_0379,seller_024,367.89,38.59
order_003091,1,prod_0376,seller_030,182.71,6.75
order_003092,1,prod_0002,seller_032,311.64,19.21
order_003093,1,prod_0334,seller_013,342.76,29.71
order_003093,1,prod_0263,seller_013,92.26,19.53
order_003094,1,prod_0064,seller_003,269.53,13.73
order_003094,1,prod_0226,seller_003,104.85,34.4
order_003095,1,prod_0355,seller_037,114.31,25.58
order_003095,1,prod_0472,seller_037,364.17,9.05
order_003096,1,prod_0400,seller_031,191.03,41.71
order_003096,1,prod_0227,seller_031,282.44,42.83
order_003097,1,prod_0244,seller_009,372.88,43.4
order_003098,1,prod_0282,seller_009,245.34,43.02
order_003098,1,prod_0479,seller_009,62.48,29.31
order_003099,1,prod_0342,seller_011,346.96,9.05
order_003100,1,prod_0379,seller_016,61.19,14.01
order_003100,1,prod_0277,seller_016,356.05,44.55
order_003101,1,prod_0129,seller_019,47.16,30.57
order_003102,1,prod_0259,seller_006,74.72,6.08
order_003102,1,prod_0484,seller_006,177.94,21.4
order_003103,1,prod_0304,seller_023,64.8,37.57
order_003104,1,prod_0046,seller_016,53.91,44.81
order_003105,1,prod_0136,seller_002,338.7,15.29
order_003106,1,prod_0248,seller_010,303.53,39.48
order_003106,1,prod_0414,seller_010,393.66,32.61
order_003107,1,prod_0194,seller_029,329.01,10.05
order_003107,1,prod_0251,seller_029,218.14,25.05
order_003108,1,prod_0159,seller_039,122.37,42.35
order_003109,1,prod_0270,seller_011,113.54,10.22
order_003110,1,prod_0017,seller_027,374.11,8.17
order_003110,1,prod_0088,seller_027,382.99,34.08
order_003111,1,prod_0169,seller_022,223.38,27.96
order_003111,1,prod_0038,seller_022,21.88,20.09
order_003112,1,prod_0368,seller_028,85.99,26.22
order_003112,1,prod_0167,seller_028,282.32,35.21
order_003113,1,prod_0280,seller_031,260.64,13.96
order_003114,1,prod_0321,seller_038,176.31,18.7
order_003115,1,prod_0386,seller_033,36.1,6.74
order_003116,1,prod_0348,seller_039,312.09,9.52
order_003116,1,prod_0305,seller_039,121.3,31.18
order_003117,1,prod_0346,seller_015,75.21,40.56
order_003118,1,prod_0335,seller_038,253.01,33.33
order_003119,1,prod_0351,seller_003,314.16,6.63
order_003120,1,prod_0259,seller_000,359.37,40.48
order_003121,1,prod_0106,seller_019,378.41,28.39
order_003121,1,prod_0265,seller_019,173.41,8.39
order_003122,1,prod_0038,seller_018,18.76,23.53
order_003123,1,prod_0140,seller_033,300.42,10.5
order_003123,1,prod_0040,seller_033,163.89,19.27
order_003124,1,prod_0183,seller_015,241.74,22.75
order_003124,1,prod_0239,seller_015,175.27,33.05
order_003125,1,prod_0254,seller_024,123.29,9.72
order_003126,1,prod_0169,seller_008,362.4,39.11
order_003127,1,prod_0232,seller_017,378.29,26.95
order_003128,1,prod_0056,seller_008,38.88,9.87
order_003129,1,prod_0139,seller_034,287.46,28.87
order_003130,1,prod_0148,seller_013,91.89,13.69
order_003131,1,prod_0379,seller_032,395.34,21.39
order_003131,1,prod_0009,seller_032,198.95,28.09
order_003132,1,prod_0391,seller_026,248.84,19.44
order_003133,1,prod_0001,seller_010,217.77,15.0
order_003134,1,prod_0258,seller_024,323.81,39.32
order_003134,1,prod_0391,seller_024,345.96,16.76
order_003135,1,prod_0306,seller_039,281.6,28.53
order_003135,1,prod_0188,seller_039,110.79,30.34
order_003136,1,prod_0294,seller_013,373.18,43.37
order_003136,1,prod_0426,seller_013,257.86,20.6
order_003137,1,prod_0332,seller_024,183.22,6.73
order_003138,1,prod_0166,seller_036,304.93,32.31
order_003139,1,prod_0370,seller_033,181.43,43.38
order_003140,1,prod_0370,seller_037,45.44,36.35
order_003140,1,prod_0298,seller_037,331.46,29.3
order_003141,1,prod_0011,seller_033,129.55,33.65
order_003141,1,prod_0443,seller_033,116.53,14.4
order_003142,1,prod_0243,seller_013,43.79,5.07
order_003143,1,prod_0469,seller_000,265.1,42.91
order_003144,1,prod_0154,seller_002,363.82,23.17
order_003144,1,prod_0085,seller_002,73.32,33.17
order_003145,1,prod_0322,seller_026,298.58,13.77
order_003146,1,prod_0292,seller_011,88.14,15.64
order_003146,1,prod_0039,seller_011,193.15,17.9
order_003147,1,prod_0371,seller_016,289.98,41.58
order_003147,1,prod_0306,seller_016,71.54,17.82
order_003148,1,prod_0449,seller_038,93.69,25.04
order_003148,1,prod_0160,seller_038,153.71,14.09
order_003149,1,prod_0467,seller_017,375.51,31.86
order_003150,1,prod_0439,seller_010,165.59,19.76
order_003151,1,prod_0270,seller_013,329.47,37.93
order_003151,1,prod_0340,seller_013,214.87,14.66
order_003152,1,prod_0333,seller_034,224.83,10.39
order_003153,1,prod_0073,seller_039,115.44,16.58
order_003154,1,prod_0328,seller_000,104.96,40.2
order_003154,1,prod_0365,seller_000,64.96,22.57
order_003155,1,prod_0142,seller_010,345.47,15.95
order_003156,1,prod_0210,seller_030,339.46,34.39
order_003157,1,prod_0338,seller_032,340.32,12.7
order_003158,1,prod_0328,seller_024,331.04,34.97
order_003158,1,prod_0324,seller_024,242.84,28.92
order_003159,1,prod_0007,seller_011,64.14,31.37
order_003160,1,prod_0449,seller_021,292.75,5.92
order_003161,1,prod_0072,seller_022,211.56,29.89
order_003161,1,prod_0040,seller_022,343.03,15.62
order_003162,1,prod_0150,seller_020,37.64,13.04
order_003163,1,prod_0494,seller_002,396.88,21.68
order_003164,1,prod_0048,seller_002,228.04,33.4
order_003165,1,prod_0298,seller_034,54.55,41.07
order_003165,1,prod_0132,seller_034,84.77,36.39
order_003166,1,prod_0188,seller_029,230.75,14.76
order_003167,1,prod_0048,seller_021,322.56,38.29
order_003167,1,prod_0081,seller_021,136.74,36.07
order_003168,1,prod_0263,seller_027,259.34,19.41
order_003168,1,prod_0329,seller_027,276.27,16.64
order_003169,1,prod_0086,seller_006,139.31,17.95
order_003170,1,prod_0413,seller_030,309.27,11.69
order_003170,1,prod_0176,seller_030,269.46,44.27
order_003171,1,prod_0234,seller_030,333.66,16.48
order_003171,1,prod_0138,seller_030,134.52,6.5
order_003172,1,prod_0123,seller_038,104.92,10.16
order_003172,1,prod_0496,seller_038,212.94,10.81
order_003173,1,prod_0081,seller_017,20.11,30.79
order_003173,1,prod_0401,seller_017,202.98,28.02
order_003174,1,prod_0260,seller_030,281.37,22.18
order_003175,1,prod_0461,seller_003,86.72,5.09
order_003176,1,prod_0130,seller_035,319.02,17.19
order_003177,1,prod_0263,seller_029,46.66,22.22
order_003177,1,prod_0157,seller_029,232.37,18.97
order_003178,1,prod_0304,seller_016,157.93,34.53
order_003178,1,prod_0266,seller_016,57.83,40.76
order_003179,1,prod_0331,seller_005,242.78,44.91
order_003180,1,prod_0105,seller_026,385.14,5.53
order_003180,1,prod_0198,seller_026,281.28,41.21
order_003181,1,prod_0054,seller_032,316.22,17.33
order_003181,1,prod_0264,seller_032,264.24,8.13
order_003182,1,prod_0149,seller_014,371.66,19.72
order_003182,1,prod_0365,seller_014,72.27,6.16
order_003183,1,prod_0278,seller_020,347.28,39.31
order_003184,1,prod_0480,seller_034,248.29,21.49
order_003184,1,prod_0018,seller_034,266.01,13.44
order_003185,1,prod_0248,seller_009,281.23,38.08
order_003185,1,prod_0365,seller_009,77.58,13.67
order_003186,1,prod_0482,seller_034,329.39,33.97
order_003186,1,prod_0312,seller_034,30.25,8.35
order_003187,1,prod_0159,seller_027,372.81,42.39
order_003188,1,prod_0401,seller_023,397.87,31.81
order_003189,1,prod_0031,seller_037,270.47,5.83
order_003190,1,prod_0217,seller_028,63.58,23.88
order_003191,1,prod_0465,seller_009,318.08,29.29
order_003191,1,prod_0040,seller_009,38.11,21.51
order_003192,1,prod_0377,seller_017,277.55,41.14
order_003193,1,prod_0451,seller_003,276.51,8.43
order_003193,1,prod_0109,seller_003,346.47,24.27
order_003194,1,prod_0054,seller_011,324.99,6.19
order_003194,1,prod_0358,seller_011,149.01,22.3
order_003195,1,prod_0038,seller_038,84.18,5.05
order_003196,1,prod_0078,seller_029,321.67,15.27
order_003196,1,prod_0241,seller_029,291.79,30.27
order_003197,1,prod_0425,seller_031,44.62,18.91
order_003197,1,prod_0262,seller_031,253.37,10.02
order_003198,1,prod_0236,seller_013,192.91,43.36
order_003198,1,prod_0166,seller_013,249.04,5.24
order_003199,1,prod_0085,seller_012,122.69,40.91
order_003200,1,prod_0083,seller_015,58.37,15.41
order_003200,1,prod_0213,seller_015,273.59,36.41
order_003201,1,prod_0399,seller_028,54.99,37.29
order_003201,1,prod_0126,seller_028,253.72,40.16
order_003202,1,prod_0497,seller_022,306.12,36.61
order_003202,1,prod_0133,seller_022,310.28,14.73
order_003203,1,prod_0427,seller_027,333.72,38.21
order_003204,1,prod_0093,seller_022,225.7,17.75
order_003204,1,prod_0055,seller_022,286.22,39.21
order_003205,1,prod_0050,seller_025,27.36,34.42
order_003205,1,prod_0370,seller_025,385.2,19.75
order_003206,1,prod_0354,seller_024,235.0,14.88
order_003207,1,prod_0340,seller_038,337.04,6.52
order_003208,1,prod_0481,seller_000,284.14,33.51
order_003208,1,prod_0154,seller_000,383.5,8.36
order_003209,1,prod_0043,seller_009,48.42,18.13
order_003210,1,prod_0068,seller_031,68.11,25.41
order_003210,1,prod_0239,seller_031,366.57,25.44
order_003211,1,prod_0117,seller_015,233.48,9.63
order_003211,1,prod_0193,seller_015,342.8,25.6
order_003212,1,prod_0388,seller_021,112.49,34.5
order_003212,1,prod_0439,seller_021,303.22,7.56
order_003213,1,prod_0403,seller_003,227.27,23.0
order_003214,1,prod_0441,seller_010,277.29,37.92
order_003214,1,prod_0090,seller_010,107.88,9.51
order_003215,1,prod_0460,seller_011,284.37,31.09
order_003216,1,prod_0369,seller_038,106.25,17.51
order_003217,1,prod_0441,seller_027,389.98,32.72
order_003218,1,prod_0461,seller_003,159.04,14.39
order_003218,1,prod_0350,seller_003,71.07,38.99
order_003219,1,prod_0227,seller_005,52.61,6.8
order_003220,1,prod_0070,seller_032,25.23,43.57
order_003220,1,prod_0474,seller_032,78.82,16.89
order_003221,1,prod_0050,seller_021,80.96,43.83
order_003222,1,prod_0307,seller_012,259.54,8.73
order_003222,1,prod_0366,seller_012,203.54,19.73
order_003223,1,prod_0039,seller_033,127.74,12.39
order_003224,1,prod_0176,seller_027,341.72,41.03
order_003224,1,prod_0233,seller_027,193.24,12.12
order_003225,1,prod_0160,seller_004,15.94,10.53
order_003226,1,prod_0185,seller_036,390.72,26.95
order_003227,1,prod_0130,seller_004,67.87,28.26
order_003227,1,prod_0095,seller_004,300.67,24.9
order_003228,1,prod_0012,seller_001,22.59,27.41
order_003228,1,prod_0276,seller_001,314.91,44.53
order_003229,1,prod_0218,seller_017,393.4,6.77
order_003229,1,prod_0286,seller_017,173.03,40.01
order_003230,1,prod_0293,seller_012,225.86,31.51
order_003231,1,prod_0080,seller_027,373.55,39.42
order_003232,1,prod_0040,seller_026,286.21,23.91
order_003233,1,prod_0261,seller_032,83.57,34.46
order_003234,1,prod_0188,seller_039,322.02,43.88
order_003235,1,prod_0191,seller_005,266.03,11.82
order_003236,1,prod_0086,seller_034,363.31,28.01
order_003237,1,prod_0311,seller_039,335.84,36.31
order_003237,1,prod_0135,seller_039,205.4,17.08
order_003238,1,prod_0179,seller_027,298.47,7.88
order_003239,1,prod_0157,seller_037,341.76,10.29
order_003239,1,prod_0100,seller_037,259.16,18.48
order_003240,1,prod_0284,seller_015,266.52,18.03
order_003241,1,prod_0182,seller_011,360.01,21.67
order_003242,1,prod_0178,seller_035,379.21,43.69
order_003243,1,prod_0016,seller_027,68.85,15.99
order_003243,1,prod_0343,seller_027,347.74,43.78
order_003244,1,prod_0353,seller_015,329.34,38.79
order_003244,1,prod_0003,seller_015,316.65,17.14
order_003245,1,prod_0207,seller_028,268.34,15.68
order_003245,1,prod_0115,seller_028,256.95,19.69
order_003246,1,prod_0179,seller_032,137.93,13.13
order_003246,1,prod_0262,seller_032,47.1,33.5
order_003247,1,prod_0386,seller_004,315.27,8.11
order_003247,1,prod_0107,seller_004,69.56,42.37
order_003248,1,prod_0474,seller_004,348.02,16.99
order_003249,1,prod_0261,seller_000,311.17,41.24
order_003250,1,prod_0045,seller_013,124.66,37.94
order_003251,1,prod_0078,seller_005,194.35,14.24
order_003251,1,prod_0471,seller_005,258.72,42.45
order_003252,1,prod_0285,seller_015,204.5,36.53
order_003252,1,prod_0317,seller_015,56.79,30.72
order_003253,1,prod_0052,seller_015,216.26,17.22
order_003254,1,prod_0134,seller_035,342.06,11.02
order_003255,1,prod_0453,seller_010,209.21,8.58
order_003255,1,prod_0199,seller_010,155.74,19.14
order_003256,1,prod_0013,seller_025,284.18,12.33
order_003257,1,prod_0397,seller_012,390.78,17.78
order_003257,1,prod_0477,seller_012,27.39,33.63
order_003258,1,prod_0389,seller_015,210.51,25.21
order_003258,1,prod_0080,seller_015,353.43,26.29
order_003259,1,prod_0267,seller_021,315.71,13.73
order_003259,1,prod_0422,seller_021,126.29,16.12
order_003260,1,prod_0260,seller_031,182.9,16.75
order_003261,1,prod_0040,seller_004,41.78,10.9
order_003261,1,prod_0020,seller_004,334.53,29.33
order_003262,1,prod_0031,seller_032,22.69,28.51
order_003262,1,prod_0052,seller_032,279.31,36.1
order_003263,1,prod_0402,seller_010,165.38,22.37
order_003263,1,prod_0200,seller_010,236.94,19.99
order_003264,1,prod_0403,seller_013,260.28,5.09
order_003264,1,prod_0358,seller_013,365.27,39.87
order_003265,1,prod_0313,seller_034,192.8,35.19
order_003266,1,prod_0127,seller_002,304.32,30.1
order_003267,1,prod_0062,seller_004,194.16,40.84
order_003267,1,prod_0370,seller_004,305.29,16.79
order_003268,1,prod_0196,seller_023,336.76,20.31
order_003268,1,prod_0202,seller_023,47.43,15.1
order_003269,1,prod_0235,seller_008,79.75,13.75
order_003269,1,prod_0366,seller_008,287.23,38.35
order_003270,1,prod_0203,seller_014,146.31,33.94
order_003270,1,prod_0070,seller_014,224.23,7.43
order_003271,1,prod_0456,seller_003,136.15,6.17
order_003271,1,prod_0208,seller_003,340.14,36.87
order_003272,1,prod_0388,seller_035,273.22,6.67
order_003272,1,prod_0377,seller_035,229.08,12.53
order_003273,1,prod_0215,seller_038,183.49,44.01
order_003273,1,prod_0211,seller_038,355.4,18.78
order_003274,1,prod_0170,seller_011,267.87,20.03
order_003274,1,prod_0412,seller_011,214.03,40.38
order_003275,1,prod_0374,seller_000,256.62,24.87
order_003275,1,prod_0379,seller_000,205.17,19.55
order_003276,1,prod_0495,seller_018,304.33,38.49
order_003276,1,prod_0170,seller_018,62.37,8.71
order_003277,1,prod_0085,seller_004,329.75,37.95
order_003277,1,prod_0309,seller_004,50.03,21.03
order_003278,1,prod_0499,seller_022,59.3,38.32
order_003278,1,prod_0234,seller_022,307.34,39.49
order_003279,1,prod_0193,seller_005,66.74,21.72
order_003280,1,prod_0440,seller_017,137.46,41.38
order_003280,1,prod_0260,seller_017,394.54,5.82
order_003281,1,prod_0464,seller_021,356.74,28.36
order_003281,1,prod_0053,seller_021,152.12,37.36
order_003282,1,prod_0412,seller_000,232.79,43.54
order_003283,1,prod_0290,seller_026,379.99,16.24
order_003284,1,prod_0365,seller_027,240.06,16.08
order_003284,1,prod_0071,seller_027,257.45,11.94
order_003285,1,prod_0047,seller_015,362.69,36.62
order_003285,1,prod_0319,seller_015,31.95,8.39
order_003286,1,prod_0196,seller_021,193.81,24.35
order_003286,1,prod_0445,seller_021,343.64,23.4
order_003287,1,prod_0140,seller_006,208.46,29.67
order_003288,1,prod_0424,seller_000,39.71,19.9
order_003289,1,prod_0303,seller_016,367.46,15.51
order_003289,1,prod_0406,seller_016,17.53,29.62
order_003290,1,prod_0289,seller_006,366.25,12.33
order_003290,1,prod_0079,seller_006,236.4,5.22
order_003291,1,prod_0079,seller_009,39.41,24.85
order_003291,1,prod_0379,seller_009,57.8,21.36
order_003292,1,prod_0284,seller_011,74.96,36.54
order_003293,1,prod_0057,seller_037,345.94,32.98
order_003293,1,prod_0160,seller_037,225.35,5.48
order_003294,1,prod_0266,seller_006,274.47,10.83
order_003295,1,prod_0265,seller_029,46.8,27.07
order_003296,1,prod_0155,seller_020,110.71,21.74
order_003297,1,prod_0184,seller_011,84.48,18.1
order_003298,1,prod_0453,seller_033,54.08,9.48
order_003299,1,prod_0402,seller_038,395.45,22.76
order_003299,1,prod_0467,seller_038,66.5,18.04
order_003300,1,prod_0090,seller_017,304.2,18.27
order_003300,1,prod_0279,seller_017,76.03,15.59
order_003301,1,prod_0466,seller_025,62.41,31.24
order_003302,1,prod_0380,seller_035,294.75,17.77
order_003302,1,prod_0333,seller_035,335.74,41.2
order_003303,1,prod_0248,seller_002,387.29,36.01
order_003304,1,prod_0351,seller_026,314.51,40.76
order_003305,1,prod_0109,seller_012,376.0,18.0
order_003306,1,prod_0318,seller_003,58.69,19.48
order_003307,1,prod_0338,seller_032,61.26,27.37
order_003307,1,prod_0082,seller_032,362.79,43.29
order_003308,1,prod_0424,seller_025,19.11,40.15
order_003309,1,prod_0379,seller_009,297.91,42.68
order_003309,1,prod_0031,seller_009,339.6,32.21
order_003310,1,prod_0285,seller_026,165.41,5.18
order_003310,1,prod_0189,seller_026,236.5,15.03
order_003311,1,prod_0486,seller_011,139.84,18.14
order_003312,1,prod_0152,seller_036,46.82,43.15
order_003312,1,prod_0390,seller_036,381.53,21.01
order_003313,1,prod_0097,seller_031,303.62,36.93
order_003314,1,prod_0063,seller_021,80.26,17.57
order_003315,1,prod_0210,seller_029,184.05,28.08
order_003316,1,prod_0458,seller_010,377.3,9.72
order_003317,1,prod_0049,seller_009,125.14,11.91
order_003317,1,prod_0408,seller_009,363.29,35.72
order_003318,1,prod_0175,seller_012,172.04,18.99
order_003319,1,prod_0313,seller_027,189.42,15.4
order_003320,1,prod_0305,seller_008,201.29,23.46
order_003321,1,prod_0335,seller_017,330.82,13.64
order_003322,1,prod_0464,seller_005,394.31,27.23
order_003323,1,prod_0217,seller_004,263.54,9.45
order_003324,1,prod_0108,seller_020,202.76,42.29
order_003324,1,prod_0131,seller_020,201.62,25.05
order_003325,1,prod_0365,seller_000,208.57,30.7
order_003325,1,prod_0058,seller_000,169.31,32.74
order_003326,1,prod_0474,seller_023,324.72,21.59
order_003327,1,prod_0280,seller_028,396.1,7.05
order_003328,1,prod_0278,seller_034,200.8,28.84
order_003329,1,prod_0059,seller_012,324.44,33.57
order_003329,1,prod_0132,seller_012,104.3,31.32
order_003330,1,prod_0238,seller_013,323.24,16.48
order_003331,1,prod_0243,seller_024,353.75,13.86
order_003332,1,prod_0037,seller_027,384.58,42.81
order_003332,1,prod_0210,seller_027,90.36,7.62
order_003333,1,prod_0189,seller_012,250.61,22.75
order_003334,1,prod_0117,seller_003,299.03,33.99
order_003334,1,prod_0467,seller_003,132.28,22.68
order_003335,1,prod_0015,seller_034,312.55,26.88
order_003335,1,prod_0295,seller_034,47.96,35.98
order_003336,1,prod_0036,seller_020,171.5,29.14
order_003336,1,prod_0051,seller_020,240.29,19.38
order_003337,1,prod_0059,seller_009,78.67,17.97
order_003338,1,prod_0263,seller_026,270.0,8.52
order_003338,1,prod_0287,seller_026,351.77,18.95
order_003339,1,prod_0009,seller_025,238.78,37.02
order_003339,1,prod_0475,seller_025,363.54,11.0
order_003340,1,prod_0116,seller_009,158.23,32.23
order_003340,1,prod_0327,seller_009,343.03,18.44
order_003341,1,prod_0303,seller_029,349.11,30.68
order_003342,1,prod_0022,seller_009,38.75,35.08
order_003343,1,prod_0305,seller_012,186.85,36.06
order_003343,1,prod_0413,seller_012,392.6,19.27
order_003344,1,prod_0345,seller_028,171.88,42.78
order_003344,1,prod_0369,seller_028,77.26,26.09
order_003345,1,prod_0126,seller_012,376.78,25.8
order_003345,1,prod_0488,seller_012,286.79,21.1
order_003346,1,prod_0430,seller_009,155.87,37.35
order_003347,1,prod_0396,seller_020,320.53,19.44
order_003348,1,prod_0126,seller_021,381.84,33.54
order_003349,1,prod_0491,seller_033,187.36,9.22
order_003350,1,prod_0186,seller_023,326.85,40.43
order_003351,1,prod_0247,seller_019,350.0,33.27
order_003352,1,prod_0294,seller_023,285.04,22.85
order_003352,1,prod_0152,seller_023,149.17,22.62
order_003353,1,prod_0191,seller_010,219.22,24.31
order_003354,1,prod_0316,seller_000,196.14,10.55
order_003354,1,prod_0002,seller_000,385.25,34.93
order_003355,1,prod_0064,seller_018,322.57,44.81
order_003356,1,prod_0455,seller_005,301.4,19.06
order_003356,1,prod_0267,seller_005,252.08,21.53
order_003357,1,prod_0010,seller_012,207.52,25.01
order_003357,1,prod_0206,seller_012,30.58,36.84
order_003358,1,prod_0394,seller_034,302.48,43.47
order_003358,1,prod_0048,seller_034,342.63,40.77
order_003359,1,prod_0289,seller_036,383.69,14.89
order_003359,1,prod_0495,seller_036,367.51,40.36
order_003360,1,prod_0103,seller_020,216.94,29.66
order_003361,1,prod_0159,seller_002,289.54,18.65
order_003361,1,prod_0317,seller_002,189.47,9.54
order_003362,1,prod_0215,seller_010,393.73,25.02
order_003362,1,prod_0282,seller_010,319.63,42.15
order_003363,1,prod_0481,seller_008,79.54,37.05
order_003364,1,prod_0496,seller_033,207.99,19.16
order_003364,1,prod_0389,seller_033,67.62,7.04
order_003365,1,prod_0018,seller_014,103.6,11.73
order_003366,1,prod_0060,seller_039,187.01,27.46
order_003366,1,prod_0460,seller_039,96.62,13.7
order_003367,1,prod_0310,seller_016,76.67,35.74
order_003367,1,prod_0377,seller_016,211.62,15.25
order_003368,1,prod_0222,seller_019,220.21,9.87
order_003368,1,prod_0260,seller_019,201.36,21.37
order_003369,1,prod_0479,seller_003,189.27,30.44
order_003370,1,prod_0403,seller_031,103.11,7.95
order_003370,1,prod_0002,seller_031,386.81,37.12
order_003371,1,prod_0409,seller_007,350.12,38.39
order_003372,1,prod_0041,seller_009,190.04,16.19
order_003372,1,prod_0391,seller_009,214.88,19.59
order_003373,1,prod_0313,seller_000,218.25,29.88
order_003373,1,prod_0108,seller_000,62.37,19.28
order_003374,1,prod_0457,seller_012,270.1,27.43
order_003375,1,prod_0130,seller_022,24.41,44.14
order_003376,1,prod_0181,seller_003,93.92,38.12
order_003377,1,prod_0045,seller_036,390.02,44.9
order_003378,1,prod_0309,seller_012,332.91,19.96
order_003379,1,prod_0436,seller_002,17.47,24.1
order_003380,1,prod_0353,seller_001,65.03,37.72
order_003381,1,prod_0351,seller_026,85.44,36.99
order_003382,1,prod_0332,seller_027,270.72,31.36
order_003383,1,prod_0186,seller_020,386.56,39.69
order_003383,1,prod_0450,seller_020,225.81,35.16
order_003384,1,prod_0440,seller_012,138.45,5.69
order_003384,1,prod_0224,seller_012,42.15,14.29
order_003385,1,prod_0342,seller_035,260.51,11.71
order_003386,1,prod_0405,seller_007,88.3,36.47
order_003386,1,prod_0118,seller_007,326.89,31.43
order_003387,1,prod_0403,seller_039,74.02,12.67
order_003388,1,prod_0393,seller_016,150.45,35.12
order_003388,1,prod_0437,seller_016,253.64,30.25
order_003389,1,prod_0273,seller_029,67.72,43.47
order_003389,1,prod_0336,seller_029,212.38,26.33
order_003390,1,prod_0448,seller_039,162.99,43.9
order_003391,1,prod_0236,seller_006,99.73,37.01
order_003392,1,prod_0181,seller_029,398.07,40.97
order_003392,1,prod_0027,seller_029,162.03,26.48
order_003393,1,prod_0237,seller_028,233.0,18.1
order_003394,1,prod_0496,seller_030,326.04,9.49
order_003395,1,prod_0332,seller_012,118.21,37.01
order_003395,1,prod_0167,seller_012,232.53,19.92
order_003396,1,prod_0402,seller_009,163.88,10.11
order_003397,1,prod_0225,seller_001,107.78,25.96
order_003398,1,prod_0432,seller_035,377.08,15.24
order_003398,1,prod_0147,seller_035,266.7,44.47
order_003399,1,prod_0483,seller_031,111.96,8.16
order_003399,1,prod_0352,seller_031,247.02,5.69
order_003400,1,prod_0229,seller_039,168.23,35.33
order_003401,1,prod_0146,seller_032,278.04,16.4
order_003401,1,prod_0209,seller_032,348.16,30.0
order_003402,1,prod_0100,seller_029,91.92,33.12
order_003402,1,prod_0401,seller_029,273.55,24.3
order_003403,1,prod_0443,seller_026,396.93,11.54
order_003404,1,prod_0412,seller_032,91.82,20.64
order_003405,1,prod_0497,seller_027,397.95,8.32
order_003405,1,prod_0478,seller_027,167.77,8.29
order_003406,1,prod_0282,seller_023,166.97,21.82
order_003407,1,prod_0301,seller_033,198.96,16.33
order_003407,1,prod_0206,seller_033,342.3,16.01
order_003408,1,prod_0313,seller_006,316.33,29.61
order_003408,1,prod_0482,seller_006,66.0,42.95
order_003409,1,prod_0078,seller_035,340.19,20.58
order_003410,1,prod_0090,seller_007,183.74,41.12
order_003410,1,prod_0094,seller_007,51.59,10.32
order_003411,1,prod_0350,seller_027,275.35,39.85
order_003411,1,prod_0061,seller_027,107.6,24.2
order_003412,1,prod_0007,seller_038,41.23,13.09
order_003413,1,prod_0444,seller_023,78.07,18.99
order_003414,1,prod_0399,seller_008,71.49,26.69
order_003415,1,prod_0495,seller_025,72.71,11.94
order_003415,1,prod_0196,seller_025,146.23,10.91
order_003416,1,prod_0323,seller_010,200.01,43.89
order_003416,1,prod_0163,seller_010,83.68,28.1
order_003417,1,prod_0239,seller_015,233.21,8.37
order_003418,1,prod_0400,seller_039,375.9,36.11
order_003418,1,prod_0163,seller_039,244.51,13.38
order_003419,1,prod_0378,seller_010,67.79,28.59
order_003420,1,prod_0354,seller_035,349.07,11.84
order_003421,1,prod_0251,seller_035,337.69,20.81
order_003422,1,prod_0458,seller_009,67.97,19.85
order_003422,1,prod_0299,seller_009,336.42,31.82
order_003423,1,prod_0363,seller_038,313.49,37.37
order_003424,1,prod_0011,seller_006,210.48,14.88
order_003425,1,prod_0402,seller_009,119.44,12.66
order_003425,1,prod_0443,seller_009,72.72,33.79
order_003426,1,prod_0371,seller_006,324.17,44.11
order_003427,1,prod_0406,seller_012,156.35,25.57
order_003427,1,prod_0279,seller_012,109.41,7.97
order_003428,1,prod_0117,seller_039,176.84,40.74
order_003428,1,prod_0224,seller_039,28.35,24.49
order_003429,1,prod_0256,seller_028,259.53,41.89
order_003429,1,prod_0287,seller_028,110.91,13.06
order_003430,1,prod_0368,seller_003,384.32,36.98
order_003431,1,prod_0004,seller_035,391.67,31.2
order_003431,1,prod_0125,seller_035,237.95,29.76
order_003432,1,prod_0429,seller_012,249.46,24.59
order_003432,1,prod_0039,seller_012,226.71,19.15
order_003433,1,prod_0090,seller_005,376.61,14.72
order_003434,1,prod_0345,seller_031,45.83,17.86
order_003434,1,prod_0327,seller_031,150.11,20.53
order_003435,1,prod_0437,seller_011,337.55,15.8
order_003436,1,prod_0402,seller_004,189.29,24.64
order_003436,1,prod_0069,seller_004,178.71,34.04
order_003437,1,prod_0386,seller_023,166.31,23.69
order_003438,1,prod_0415,seller_037,108.93,30.55
order_003438,1,prod_0088,seller_037,36.02,25.14
order_003439,1,prod_0216,seller_026,69.6,43.63
order_003440,1,prod_0469,seller_011,67.65,40.19
order_003440,1,prod_0158,seller_011,301.31,24.87
order_003441,1,prod_0096,seller_033,36.59,12.19
order_003441,1,prod_0258,seller_033,343.86,31.13
order_003442,1,prod_0155,seller_020,372.32,9.65
order_003443,1,prod_0068,seller_006,198.5,38.9
order_003443,1,prod_0176,seller_006,237.19,39.06
order_003444,1,prod_0244,seller_024,99.99,20.08
order_003444,1,prod_0284,seller_024,226.87,5.76
order_003445,1,prod_0263,seller_003,294.09,21.08
order_003446,1,prod_0420,seller_031,147.59,7.09
order_003447,1,prod_0305,seller_030,229.53,26.34
order_003447,1,prod_0463,seller_030,273.28,43.61
order_003448,1,prod_0179,seller_004,198.48,37.12
order_003448,1,prod_0459,seller_004,306.82,36.73
order_003449,1,prod_0068,seller_008,358.26,11.0
order_003449,1,prod_0298,seller_008,281.41,27.95
order_003450,1,prod_0061,seller_017,190.28,10.83
order_003450,1,prod_0302,seller_017,84.56,21.57
order_003451,1,prod_0212,seller_021,105.17,17.14
order_003452,1,prod_0174,seller_009,98.23,35.52
order_003453,1,prod_0292,seller_039,372.0,6.21
order_003453,1,prod_0082,seller_039,217.19,36.23
order_003454,1,prod_0499,seller_038,306.5,43.28
order_003455,1,prod_0043,seller_026,301.27,36.89
order_003456,1,prod_0421,seller_010,349.71,13.3
order_003456,1,prod_0066,seller_010,261.7,42.07
order_003457,1,prod_0390,seller_030,344.26,14.7
order_003457,1,prod_0263,seller_030,80.08,35.88
order_003458,1,prod_0051,seller_033,365.13,44.75
order_003459,1,prod_0211,seller_010,68.67,34.04
order_003460,1,prod_0301,seller_012,54.4,30.89
order_003461,1,prod_0301,seller_039,321.72,33.9
order_003462,1,prod_0188,seller_009,304.11,15.15
order_003463,1,prod_0479,seller_027,331.67,8.35
order_003464,1,prod_0083,seller_025,185.94,34.92
order_003465,1,prod_0358,seller_029,364.08,33.07
order_003465,1,prod_0391,seller_029,312.73,8.21
order_003466,1,prod_0139,seller_034,356.58,43.77
order_003466,1,prod_0049,seller_034,299.2,16.51
order_003467,1,prod_0248,seller_005,94.86,21.68
order_003468,1,prod_0037,seller_039,241.9,29.08
order_003468,1,prod_0270,seller_039,336.85,9.08
order_003469,1,prod_0310,seller_032,150.92,5.53
order_003470,1,prod_0365,seller_031,277.94,8.27
order_003471,1,prod_0222,seller_014,67.86,24.3
order_003472,1,prod_0321,seller_022,145.11,41.14
order_003473,1,prod_0091,seller_020,320.9,40.32
order_003474,1,prod_0459,seller_035,134.59,8.25
order_003475,1,prod_0388,seller_027,234.98,24.76
order_003475,1,prod_0137,seller_027,127.49,23.08
order_003476,1,prod_0489,seller_006,141.91,26.41
order_003477,1,prod_0379,seller_030,113.57,28.86
order_003477,1,prod_0193,seller_030,112.95,16.46
order_003478,1,prod_0008,seller_027,237.29,31.66
order_003479,1,prod_0470,seller_021,169.54,29.7
order_003480,1,prod_0416,seller_023,203.12,19.68
order_003480,1,prod_0093,seller_023,233.89,18.39
order_003481,1,prod_0008,seller_034,47.76,18.07
order_003482,1,prod_0282,seller_004,312.41,32.45
order_003483,1,prod_0320,seller_036,93.75,14.5
order_003483,1,prod_0098,seller_036,318.98,34.12
order_003484,1,prod_0355,seller_039,340.24,21.64
order_003484,1,prod_0354,seller_039,333.5,22.43
order_003485,1,prod_0282,seller_007,44.75,28.92
order_003485,1,prod_0499,seller_007,104.49,40.37
order_003486,1,prod_0236,seller_036,212.34,15.28
order_003487,1,prod_0078,seller_032,291.53,33.93
order_003488,1,prod_0277,seller_022,328.74,17.89
order_003489,1,prod_0196,seller_016,68.42,37.75
order_003490,1,prod_0270,seller_029,184.46,44.44
order_003490,1,prod_0465,seller_029,155.4,8.47
order_003491,1,prod_0277,seller_004,306.54,24.91
order_003492,1,prod_0359,seller_011,327.48,13.02
order_003493,1,prod_0009,seller_034,214.74,7.79
order_003493,1,prod_0011,seller_034,247.31,23.06
order_003494,1,prod_0051,seller_020,116.53,44.66
order_003494,1,prod_0327,seller_020,329.83,39.07
order_003495,1,prod_0004,seller_021,207.57,16.99
order_003496,1,prod_0247,seller_009,178.97,44.57
order_003497,1,prod_0381,seller_013,80.82,15.96
order_003497,1,prod_0490,seller_013,355.5,39.44
order_003498,1,prod_0182,seller_013,221.28,11.48
order_003499,1,prod_0034,seller_012,279.82,12.84
order_003500,1,prod_0337,seller_011,353.66,21.25
order_003500,1,prod_0181,seller_011,283.87,36.51
order_003501,1,prod_0158,seller_002,195.14,43.51
order_003502,1,prod_0276,seller_017,248.69,15.55
order_003502,1,prod_0352,seller_017,154.66,38.28
order_003503,1,prod_0362,seller_039,153.46,34.3
order_003503,1,prod_0280,seller_039,39.44,31.62
order_003504,1,prod_0242,seller_016,106.33,12.75
order_003505,1,prod_0254,seller_024,257.03,28.67
order_003506,1,prod_0368,seller_029,95.63,36.19
order_003507,1,prod_0354,seller_010,346.21,27.26
order_003507,1,prod_0280,seller_010,263.65,7.25
order_003508,1,prod_0173,seller_011,225.19,41.71
order_003509,1,prod_0207,seller_024,61.11,31.02
order_003509,1,prod_0265,seller_024,226.29,41.86
order_003510,1,prod_0396,seller_012,136.37,41.79
order_003511,1,prod_0413,seller_022,19.05,41.96
order_003512,1,prod_0214,seller_000,189.57,40.46
order_003512,1,prod_0463,seller_000,135.44,39.2
order_003513,1,prod_0106,seller_008,339.9,31.27
order_003514,1,prod_0222,seller_035,108.66,21.86
order_003514,1,prod_0308,seller_035,218.82,37.48
order_003515,1,prod_0354,seller_025,94.89,31.4
order_003516,1,prod_0148,seller_000,66.22,42.78
order_003517,1,prod_0170,seller_031,47.55,36.74
order_003518,1,prod_0265,seller_026,298.51,12.22
order_003518,1,prod_0027,seller_026,22.84,17.49
order_003519,1,prod_0488,seller_004,362.46,37.25
order_003519,1,prod_0413,seller_004,60.48,12.42
order_003520,1,prod_0387,seller_028,42.62,22.82
order_003521,1,prod_0315,seller_036,327.57,26.46
order_003521,1,prod_0217,seller_036,218.53,27.69
order_003522,1,prod_0166,seller_025,294.44,44.93
order_003522,1,prod_0306,seller_025,192.66,43.93
order_003523,1,prod_0467,seller_007,267.3,9.81
order_003524,1,prod_0455,seller_000,365.79,41.84
order_003525,1,prod_0440,seller_002,90.05,8.36
order_003526,1,prod_0383,seller_015,268.99,27.87
order_003527,1,prod_0441,seller_017,333.79,37.08
order_003528,1,prod_0276,seller_033,277.68,19.47
order_003529,1,prod_0084,seller_028,366.87,16.67
order_003529,1,prod_0129,seller_028,379.57,19.69
order_003530,1,prod_0257,seller_014,90.21,38.15
order_003530,1,prod_0178,seller_014,254.62,32.28
order_003531,1,prod_0087,seller_030,152.51,19.21
order_003532,1,prod_0478,seller_019,395.81,10.15
order_003533,1,prod_0404,seller_007,173.56,30.29
order_003533,1,prod_0390,seller_007,290.63,20.87
order_003534,1,prod_0191,seller_030,322.62,37.1
order_003535,1,prod_0300,seller_033,66.36,39.71
order_003536,1,prod_0455,seller_029,115.62,8.41
order_003537,1,prod_0430,seller_024,148.59,33.36
order_003537,1,prod_0151,seller_024,90.69,39.41
order_003538,1,prod_0432,seller_010,18.28,10.68
order_003538,1,prod_0496,seller_010,137.36,39.65
order_003539,1,prod_0296,seller_004,58.98,35.43
order_003539,1,prod_0359,seller_004,393.48,27.1
order_003540,1,prod_0265,seller_025,234.37,28.29
order_003540,1,prod_0208,seller_025,64.4,33.77
order_003541,1,prod_0227,seller_028,134.37,27.26
order_003541,1,prod_0186,seller_028,307.58,19.22
order_003542,1,prod_0447,seller_028,16.48,9.07
order_003543,1,prod_0328,seller_007,244.47,19.93
order_003544,1,prod_0009,seller_031,278.59,7.78
order_003545,1,prod_0450,seller_037,247.75,12.33
order_003545,1,prod_0054,seller_037,244.8,11.05
order_003546,1,prod_0286,seller_025,244.89,13.81
order_003546,1,prod_0274,seller_025,62.93,10.96
order_003547,1,prod_0273,seller_019,176.29,36.79
order_003548,1,prod_0043,seller_031,339.62,31.93
order_003548,1,prod_0328,seller_031,279.98,16.59
order_003549,1,prod_0337,seller_032,320.52,38.5
order_003549,1,prod_0087,seller_032,35.42,22.2
order_003550,1,prod_0148,seller_004,249.94,19.81
order_003551,1,prod_0124,seller_003,310.36,27.19
order_003552,1,prod_0126,seller_024,46.1,7.1
order_003553,1,prod_0409,seller_003,372.76,14.55
order_003553,1,prod_0002,seller_003,133.82,20.41
order_003554,1,prod_0384,seller_001,129.53,17.32
order_003554,1,prod_0123,seller_001,102.21,6.55
order_003555,1,prod_0196,seller_004,332.32,6.72
order_003556,1,prod_0286,seller_001,243.03,10.48
order_003556,1,prod_0272,seller_001,31.36,27.66
order_003557,1,prod_0485,seller_028,241.94,17.71
order_003558,1,prod_0042,seller_037,387.68,23.72
order_003558,1,prod_0343,seller_037,37.91,38.79
order_003559,1,prod_0449,seller_034,63.17,7.23
order_003559,1,prod_0448,seller_034,354.38,25.56
order_003560,1,prod_0175,seller_039,23.91,43.36
order_003561,1,prod_0478,seller_012,63.95,37.54
order_003561,1,prod_0298,seller_012,129.56,20.87
order_003562,1,prod_0426,seller_001,369.05,5.52
order_003563,1,prod_0408,seller_033,28.72,35.28
order_003564,1,prod_0199,seller_003,350.58,40.71
order_003565,1,prod_0124,seller_020,215.81,12.7
order_003566,1,prod_0182,seller_026,29.6,16.25
order_003567,1,prod_0185,seller_033,124.24,33.04
order_003567,1,prod_0335,seller_033,343.66,10.95
order_003568,1,prod_0129,seller_004,220.82,42.57
order_003569,1,prod_0195,seller_010,274.39,5.26
order_003570,1,prod_0368,seller_016,246.31,36.78
order_003570,1,prod_0399,seller_016,329.59,27.61
order_003571,1,prod_0182,seller_007,300.13,13.02
order_003572,1,prod_0413,seller_005,54.12,6.98
order_003572,1,prod_0222,seller_005,39.48,12.52
order_003573,1,prod_0073,seller_014,389.64,9.79
order_003573,1,prod_0392,seller_014,199.41,18.71
order_003574,1,prod_0443,seller_032,271.04,17.22
order_003574,1,prod_0083,seller_032,384.75,30.38
order_003575,1,prod_0139,seller_037,279.87,36.92
order_003575,1,prod_0448,seller_037,38.88,22.35
order_003576,1,prod_0315,seller_025,95.9,41.07
order_003577,1,prod_0140,seller_006,329.27,39.76
order_003578,1,prod_0251,seller_016,341.92,37.5
order_003578,1,prod_0027,seller_016,350.38,11.5
order_003579,1,prod_0296,seller_003,283.01,19.58
order_003579,1,prod_0167,seller_003,203.53,40.93
order_003580,1,prod_0177,seller_010,187.56,44.91
order_003581,1,prod_0383,seller_004,44.59,37.23
order_003581,1,prod_0378,seller_004,96.25,24.16
order_003582,1,prod_0255,seller_011,101.44,14.3
order_003583,1,prod_0022,seller_033,92.19,20.64
order_003583,1,prod_0076,seller_033,57.24,34.75
order_003584,1,prod_0123,seller_035,262.12,34.26
order_003584,1,prod_0484,seller_035,272.77,26.97
order_003585,1,prod_0265,seller_016,34.51,30.08
order_003585,1,prod_0156,seller_016,338.17,36.91
order_003586,1,prod_0050,seller_021,330.22,43.88
order_003586,1,prod_0215,seller_021,64.27,8.53
order_003587,1,prod_0294,seller_019,274.43,7.0
order_003588,1,prod_0015,seller_032,57.19,35.44
order_003588,1,prod_0486,seller_032,320.43,40.08
order_003589,1,prod_0362,seller_030,345.09,35.44
order_003590,1,prod_0295,seller_013,271.06,13.92
order_003591,1,prod_0027,seller_031,269.15,34.14
order_003592,1,prod_0403,seller_033,140.11,10.84
order_003593,1,prod_0285,seller_010,289.18,40.22
order_003593,1,prod_0368,seller_010,269.96,17.34
order_003594,1,prod_0175,seller_012,303.88,16.46
order_003595,1,prod_0446,seller_026,225.26,7.91
order_003596,1,prod_0488,seller_039,205.74,39.19
order_003596,1,prod_0362,seller_039,192.72,19.49
order_003597,1,prod_0278,seller_016,97.86,18.95
order_003598,1,prod_0395,seller_036,52.33,29.58
order_003598,1,prod_0183,seller_036,28.69,6.72
order_003599,1,prod_0440,seller_007,327.58,19.17
order_003600,1,prod_0353,seller_028,75.14,40.42
order_003601,1,prod_0141,seller_026,334.86,22.44
order_003602,1,prod_0231,seller_010,238.18,20.28
order_003602,1,prod_0161,seller_010,313.69,30.15
order_003603,1,prod_0349,seller_026,279.96,9.57
order_003603,1,prod_0467,seller_026,288.34,5.6
order_003604,1,prod_0299,seller_025,240.94,24.9
order_003604,1,prod_0145,seller_025,397.36,37.49
order_003605,1,prod_0344,seller_003,216.84,16.32
order_003606,1,prod_0370,seller_010,240.74,13.33
order_003606,1,prod_0308,seller_010,161.03,10.63
order_003607,1,prod_0433,seller_036,144.53,15.38
order_003608,1,prod_0089,seller_012,269.69,6.69
order_003608,1,prod_0241,seller_012,144.32,44.49
order_003609,1,prod_0229,seller_021,303.39,33.33
order_003610,1,prod_0027,seller_031,361.78,32.58
order_003611,1,prod_0272,seller_038,111.94,34.05
order_003612,1,prod_0224,seller_011,168.83,35.19
order_003613,1,prod_0020,seller_017,165.65,20.98
order_003613,1,prod_0330,seller_017,34.71,12.8
order_003614,1,prod_0042,seller_015,45.83,38.14
order_003615,1,prod_0308,seller_010,68.92,16.85
order_003615,1,prod_0193,seller_010,41.62,37.87
order_003616,1,prod_0410,seller_021,179.05,15.05
order_003617,1,prod_0456,seller_006,78.88,35.11
order_003617,1,prod_0159,seller_006,360.83,19.09
order_003618,1,prod_0496,seller_018,21.7,43.8
order_003618,1,prod_0200,seller_018,59.23,21.54
order_003619,1,prod_0148,seller_022,378.59,32.22
order_003620,1,prod_0278,seller_001,323.31,18.11
order_003620,1,prod_0150,seller_001,151.22,40.88
order_003621,1,prod_0265,seller_005,299.05,14.71
order_003621,1,prod_0054,seller_005,133.74,13.22
order_003622,1,prod_0200,seller_020,333.66,36.17
order_003622,1,prod_0025,seller_020,123.76,5.85
order_003623,1,prod_0368,seller_027,174.63,36.89
order_003624,1,prod_0148,seller_019,54.32,22.34
order_003625,1,prod_0457,seller_014,391.49,22.18
order_003626,1,prod_0430,seller_028,65.73,6.15
order_003627,1,prod_0288,seller_029,237.46,42.5
order_003628,1,prod_0409,seller_011,265.62,35.91
order_003628,1,prod_0059,seller_011,109.75,16.43
order_003629,1,prod_0321,seller_029,242.17,31.53
order_003629,1,prod_0215,seller_029,121.76,44.03
order_003630,1,prod_0052,seller_039,274.29,7.39
order_003631,1,prod_0348,seller_012,35.9,9.14
order_003631,1,prod_0482,seller_012,363.46,8.98
order_003632,1,prod_0245,seller_034,200.18,41.5
order_003632,1,prod_0464,seller_034,85.8,13.16
order_003633,1,prod_0091,seller_020,71.52,17.87
order_003633,1,prod_0450,seller_020,137.12,43.94
order_003634,1,prod_0379,seller_000,25.11,32.48
order_003634,1,prod_0235,seller_000,293.79,12.21
order_003635,1,prod_0019,seller_008,196.97,14.27
order_003636,1,prod_0238,seller_006,95.47,43.56
order_003636,1,prod_0109,seller_006,284.56,44.12
order_003637,1,prod_0440,seller_022,30.06,22.66
order_003637,1,prod_0306,seller_022,83.32,29.63
order_003638,1,prod_0182,seller_032,295.52,19.77
order_003638,1,prod_0161,seller_032,207.63,41.32
order_003639,1,prod_0246,seller_019,353.73,35.92
order_003639,1,prod_0010,seller_019,82.61,29.75
order_003640,1,prod_0369,seller_022,245.56,17.78
order_003640,1,prod_0251,seller_022,190.41,13.07
order_003641,1,prod_0141,seller_037,342.51,38.79
order_003642,1,prod_0144,seller_025,196.14,16.8
order_003642,1,prod_0087,seller_025,148.95,19.8
order_003643,1,prod_0391,seller_018,333.95,29.84
order_003644,1,prod_0178,seller_020,338.91,7.02
order_003644,1,prod_0450,seller_020,394.23,30.64
order_003645,1,prod_0058,seller_010,219.77,21.11
order_003646,1,prod_0100,seller_006,69.47,35.27
order_003646,1,prod_0316,seller_006,72.48,34.59
order_003647,1,prod_0011,seller_010,162.33,33.38
order_003647,1,prod_0459,seller_010,212.54,37.89
order_003648,1,prod_0079,seller_018,160.67,11.23
order_003649,1,prod_0009,seller_023,225.75,43.22
order_003650,1,prod_0468,seller_013,338.11,20.18
order_003650,1,prod_0117,seller_013,174.76,36.78
order_003651,1,prod_0202,seller_027,157.01,12.27
order_003651,1,prod_0064,seller_027,292.91,15.6
order_003652,1,prod_0492,seller_031,149.32,20.1
order_003653,1,prod_0240,seller_036,87.32,29.2
order_003654,1,prod_0379,seller_013,340.77,35.39
order_003655,1,prod_0411,seller_035,29.6,23.61
order_003655,1,prod_0252,seller_035,335.51,37.11
order_003656,1,prod_0306,seller_009,144.72,34.44
order_003657,1,prod_0005,seller_019,252.69,16.74
order_003657,1,prod_0483,seller_019,240.76,11.22
order_003658,1,prod_0481,seller_015,370.22,26.54
order_003658,1,prod_0090,seller_015,257.12,9.17
order_003659,1,prod_0063,seller_023,273.02,12.31
order_003659,1,prod_0458,seller_023,173.8,42.59
order_003660,1,prod_0171,seller_035,344.25,5.26
order_003660,1,prod_0468,seller_035,352.56,30.08
order_003661,1,prod_0286,seller_027,117.67,34.48
order_003661,1,prod_0378,seller_027,309.59,37.11
order_003662,1,prod_0330,seller_024,77.66,26.91
order_003663,1,prod_0197,seller_023,368.1,26.06
order_003663,1,prod_0279,seller_023,186.14,36.67
order_003664,1,prod_0262,seller_030,68.29,30.01
order_003665,1,prod_0104,seller_039,290.36,19.61
order_003665,1,prod_0426,seller_039,201.4,18.52
order_003666,1,prod_0077,seller_034,371.01,8.2
order_003666,1,prod_0415,seller_034,33.17,19.51
order_003667,1,prod_0169,seller_013,108.76,9.52
order_003667,1,prod_0203,seller_013,56.75,31.96
order_003668,1,prod_0404,seller_020,394.14,14.44
order_003669,1,prod_0069,seller_004,45.76,32.21
order_003669,1,prod_0225,seller_004,72.15,36.7
order_003670,1,prod_0077,seller_017,41.38,24.15
order_003671,1,prod_0499,seller_029,377.85,37.19
order_003672,1,prod_0339,seller_020,154.41,33.53
order_003673,1,prod_0226,seller_022,198.1,21.25
order_003674,1,prod_0386,seller_006,185.58,12.67
order_003675,1,prod_0399,seller_036,249.23,18.53
order_003675,1,prod_0368,seller_036,378.92,19.1
order_003676,1,prod_0128,seller_027,357.26,35.33
order_003676,1,prod_0091,seller_027,168.69,14.81
order_003677,1,prod_0403,seller_006,306.03,21.38
order_003678,1,prod_0163,seller_028,211.33,6.54
order_003678,1,prod_0053,seller_028,359.72,28.92
order_003679,1,prod_0440,seller_022,188.99,12.35
order_003679,1,prod_0110,seller_022,380.97,43.32
order_003680,1,prod_0024,seller_028,164.52,5.5
order_003680,1,prod_0059,seller_028,48.41,13.35
order_003681,1,prod_0028,seller_028,351.13,44.04
order_003682,1,prod_0210,seller_020,192.56,36.88
order_003683,1,prod_0048,seller_022,297.16,25.63
order_003683,1,prod_0200,seller_022,20.56,33.96
order_003684,1,prod_0351,seller_012,60.1,18.72
order_003684,1,prod_0381,seller_012,240.4,28.18
order_003685,1,prod_0029,seller_020,218.03,9.18
order_003685,1,prod_0356,seller_020,311.28,35.9
order_003686,1,prod_0454,seller_016,245.56,42.62
order_003687,1,prod_0225,seller_019,376.46,39.56
order_003687,1,prod_0244,seller_019,368.37,15.56
order_003688,1,prod_0464,seller_029,83.13,8.23
order_003688,1,prod_0352,seller_029,326.92,8.88
order_003689,1,prod_0190,seller_010,336.33,14.77
order_003690,1,prod_0271,seller_034,298.85,41.22
order_003690,1,prod_0470,seller_034,335.34,8.11
order_003691,1,prod_0444,seller_027,183.37,28.51
order_003691,1,prod_0330,seller_027,394.61,26.79
order_003692,1,prod_0264,seller_005,295.16,22.5
order_003692,1,prod_0438,seller_005,222.21,26.3
order_003693,1,prod_0422,seller_004,133.14,36.79
order_003694,1,prod_0200,seller_039,256.15,7.49
order_003694,1,prod_0005,seller_039,24.02,39.88
order_003695,1,prod_0290,seller_011,362.79,40.7
order_003695,1,prod_0047,seller_011,117.47,19.14
order_003696,1,prod_0426,seller_012,196.53,14.12
order_003697,1,prod_0391,seller_004,203.58,35.88
order_003697,1,prod_0236,seller_004,35.17,31.7
order_003698,1,prod_0208,seller_026,271.84,35.96
order_003699,1,prod_0042,seller_006,352.04,27.31
order_003699,1,prod_0040,seller_006,295.76,34.28
order_003700,1,prod_0161,seller_037,254.25,27.91
order_003701,1,prod_0180,seller_037,189.01,22.76
order_003701,1,prod_0413,seller_037,197.24,43.76
order_003702,1,prod_0230,seller_006,135.46,36.37
order_003702,1,prod_0026,seller_006,268.8,8.38
order_003703,1,prod_0183,seller_033,244.88,31.81
order_003703,1,prod_0214,seller_033,205.77,31.32
order_003704,1,prod_0469,seller_019,183.43,28.01
order_003704,1,prod_0405,seller_019,286.66,17.88
order_003705,1,prod_0283,seller_038,260.27,22.43
order_003705,1,prod_0204,seller_038,242.92,37.0
order_003706,1,prod_0070,seller_012,138.93,30.15
order_003707,1,prod_0265,seller_010,328.28,16.3
order_003707,1,prod_0374,seller_010,331.19,26.21
order_003708,1,prod_0240,seller_015,21.79,25.19
order_003708,1,prod_0374,seller_015,380.1,17.76
order_003709,1,prod_0196,seller_036,176.75,39.06
order_003710,1,prod_0188,seller_004,132.57,14.37
order_003711,1,prod_0278,seller_037,356.73,6.48
order_003712,1,prod_0263,seller_003,52.63,40.97
order_003713,1,prod_0181,seller_023,238.23,21.05
order_003713,1,prod_0232,seller_023,256.21,15.08
order_003714,1,prod_0203,seller_032,62.85,24.18
order_003715,1,prod_0055,seller_021,385.85,16.25
order_003715,1,prod_0292,seller_021,173.85,31.52
order_003716,1,prod_0202,seller_038,120.59,14.54
order_003716,1,prod_0289,seller_038,125.98,9.91
order_003717,1,prod_0123,seller_013,205.53,41.8
order_003717,1,prod_0089,seller_013,307.95,28.37
order_003718,1,prod_0255,seller_030,249.84,33.19
order_003718,1,prod_0393,seller_030,296.28,23.25
order_003719,1,prod_0424,seller_011,263.76,42.15
order_003720,1,prod_0020,seller_002,147.88,10.34
order_003720,1,prod_0318,seller_002,349.76,44.75
order_003721,1,prod_0328,seller_007,324.44,24.48
order_003721,1,prod_0078,seller_007,317.94,7.04
order_003722,1,prod_0276,seller_039,346.66,15.5
order_003722,1,prod_0494,seller_039,139.03,41.82
order_003723,1,prod_0250,seller_036,176.62,31.55
order_003723,1,prod_0039,seller_036,268.65,12.07
order_003724,1,prod_0060,seller_007,255.66,44.96
order_003725,1,prod_0163,seller_039,302.43,19.2
order_003725,1,prod_0119,seller_039,101.58,23.83
order_003726,1,prod_0343,seller_015,398.96,24.91
order_003726,1,prod_0087,seller_015,43.96,29.37
order_003727,1,prod_0311,seller_021,69.65,9.18
order_003727,1,prod_0089,seller_021,172.99,9.52
order_003728,1,prod_0309,seller_007,55.16,40.79
order_003728,1,prod_0248,seller_007,274.66,24.79
order_003729,1,prod_0208,seller_003,338.33,29.67
order_003730,1,prod_0264,seller_026,299.81,10.08
order_003731,1,prod_0331,seller_002,131.73,33.92
order_003732,1,prod_0198,seller_013,272.08,43.16
order_003732,1,prod_0496,seller_013,260.95,12.11
order_003733,1,prod_0257,seller_018,346.33,34.49
order_003733,1,prod_0495,seller_018,26.58,44.08
order_003734,1,prod_0401,seller_020,172.63,27.51
order_003735,1,prod_0034,seller_011,343.8,39.14
order_003736,1,prod_0492,seller_003,224.64,29.33
order_003737,1,prod_0024,seller_029,276.75,8.99
order_003737,1,prod_0499,seller_029,282.38,30.65
order_003738,1,prod_0114,seller_033,174.3,38.6
order_003738,1,prod_0047,seller_033,131.9,34.27
order_003739,1,prod_0114,seller_010,130.4,33.03
order_003739,1,prod_0200,seller_010,213.46,22.43
order_003740,1,prod_0325,seller_006,23.11,33.0
order_003741,1,prod_0456,seller_035,31.68,23.27
order_003742,1,prod_0122,seller_039,41.56,35.07
order_003742,1,prod_0260,seller_039,315.31,23.45
order_003743,1,prod_0050,seller_025,66.29,21.91
order_003743,1,prod_0056,seller_025,368.47,13.58
order_003744,1,prod_0294,seller_021,35.69,25.88
order_003745,1,prod_0170,seller_004,138.3,27.97
order_003745,1,prod_0386,seller_004,141.35,6.07
order_003746,1,prod_0083,seller_023,305.64,12.96
order_003747,1,prod_0300,seller_018,354.13,40.45
order_003748,1,prod_0174,seller_032,109.44,36.43
order_003748,1,prod_0030,seller_032,22.56,25.72
order_003749,1,prod_0467,seller_029,201.88,30.97
order_003749,1,prod_0052,seller_029,146.82,19.82
order_003750,1,prod_0487,seller_019,73.66,14.3
order_003751,1,prod_0019,seller_017,111.55,8.4
order_003752,1,prod_0369,seller_019,169.53,9.33
order_003753,1,prod_0082,seller_013,137.08,33.22
order_003754,1,prod_0173,seller_018,296.97,7.73
order_003755,1,prod_0104,seller_035,31.19,26.3
order_003755,1,prod_0188,seller_035,375.89,33.33
order_003756,1,prod_0253,seller_019,338.0,14.39
order_003757,1,prod_0147,seller_028,16.27,15.37
order_003757,1,prod_0075,seller_028,132.08,42.65
order_003758,1,prod_0331,seller_013,217.22,37.87
order_003758,1,prod_0344,seller_013,139.71,19.71
order_003759,1,prod_0182,seller_039,164.25,38.75
order_003760,1,prod_0320,seller_000,374.83,35.43
order_003761,1,prod_0357,seller_009,264.38,9.83
order_003762,1,prod_0284,seller_020,134.48,26.21
order_003763,1,prod_0476,seller_014,275.09,11.68
order_003764,1,prod_0233,seller_035,144.57,38.6
order_003765,1,prod_0441,seller_012,225.91,31.83
order_003765,1,prod_0211,seller_012,34.77,11.9
order_003766,1,prod_0027,seller_019,372.82,23.29
order_003766,1,prod_0297,seller_019,196.88,17.46
order_003767,1,prod_0467,seller_031,113.11,40.74
order_003768,1,prod_0463,seller_030,21.56,28.93
order_003769,1,prod_0029,seller_015,149.19,43.06
order_003770,1,prod_0093,seller_039,381.96,44.94
order_003770,1,prod_0229,seller_039,87.05,18.61
order_003771,1,prod_0481,seller_023,90.85,21.58
order_003772,1,prod_0462,seller_005,287.36,8.32
order_003772,1,prod_0169,seller_005,273.21,31.13
order_003773,1,prod_0109,seller_035,386.66,11.3
order_003774,1,prod_0006,seller_013,178.85,6.45
order_003774,1,prod_0443,seller_013,255.54,5.14
order_003775,1,prod_0120,seller_022,237.29,38.21
order_003775,1,prod_0100,seller_022,307.65,15.44
order_003776,1,prod_0276,seller_028,280.85,42.14
order_003776,1,prod_0288,seller_028,247.23,10.67
order_003777,1,prod_0090,seller_017,117.53,40.65
order_003777,1,prod_0455,seller_017,203.53,36.56
order_003778,1,prod_0148,seller_003,145.08,12.02
order_003779,1,prod_0110,seller_028,272.64,26.84
order_003780,1,prod_0497,seller_021,166.18,23.25
order_003781,1,prod_0312,seller_037,167.46,6.37
order_003782,1,prod_0277,seller_029,299.35,30.32
order_003783,1,prod_0018,seller_025,301.69,10.87
order_003784,1,prod_0483,seller_014,233.43,9.08
order_003784,1,prod_0238,seller_014,159.32,33.41
order_003785,1,prod_0278,seller_038,77.29,22.69
order_003786,1,prod_0291,seller_021,198.26,44.48
order_003787,1,prod_0259,seller_033,115.48,11.58
order_003788,1,prod_0412,seller_024,383.59,35.34
order_003789,1,prod_0484,seller_000,194.08,37.34
order_003789,1,prod_0144,seller_000,284.82,44.58
order_003790,1,prod_0491,seller_004,51.9,32.0
order_003790,1,prod_0437,seller_004,94.22,13.52
order_003791,1,prod_0160,seller_025,105.78,28.82
order_003791,1,prod_0326,seller_025,327.72,21.64
order_003792,1,prod_0150,seller_024,293.22,28.09
order_003793,1,prod_0269,seller_036,278.33,14.23
order_003793,1,prod_0171,seller_036,203.99,25.91
order_003794,1,prod_0368,seller_003,193.14,42.3
order_003795,1,prod_0282,seller_014,150.88,34.14
order_003796,1,prod_0413,seller_013,276.91,17.6
order_003797,1,prod_0373,seller_006,375.45,34.09
order_003797,1,prod_0175,seller_006,89.31,22.27
order_003798,1,prod_0435,seller_013,62.33,30.22
order_003798,1,prod_0172,seller_013,391.91,15.15
order_003799,1,prod_0150,seller_022,16.93,33.86
order_003799,1,prod_0032,seller_022,105.89,29.2
order_003800,1,prod_0235,seller_013,204.19,44.88
order_003800,1,prod_0456,seller_013,77.07,39.62
order_003801,1,prod_0497,seller_001,18.49,13.4
order_003801,1,prod_0261,seller_001,149.9,16.45
order_003802,1,prod_0410,seller_021,291.57,5.09
order_003803,1,prod_0420,seller_030,260.36,24.77
order_003804,1,prod_0263,seller_031,83.33,8.07
order_003805,1,prod_0493,seller_039,147.23,32.12
order_003805,1,prod_0251,seller_039,273.16,8.59
order_003806,1,prod_0189,seller_034,68.83,23.92
order_003806,1,prod_0221,seller_034,396.96,20.55
order_003807,1,prod_0208,seller_014,233.82,25.09
order_003808,1,prod_0263,seller_024,234.04,38.37
order_003809,1,prod_0064,seller_011,335.65,40.61
order_003810,1,prod_0082,seller_012,34.47,6.88
order_003811,1,prod_0225,seller_019,117.04,29.96
order_003811,1,prod_0075,seller_019,160.74,32.44
order_003812,1,prod_0127,seller_020,368.52,37.94
order_003813,1,prod_0499,seller_020,302.03,36.26
order_003813,1,prod_0498,seller_020,354.16,8.81
order_003814,1,prod_0479,seller_006,297.64,29.54
order_003815,1,prod_0040,seller_036,128.21,5.44
order_003816,1,prod_0391,seller_012,116.95,18.14
order_003816,1,prod_0094,seller_012,396.28,41.3
order_003817,1,prod_0480,seller_035,240.52,22.15
order_003817,1,prod_0111,seller_035,230.13,11.45
order_003818,1,prod_0464,seller_028,224.06,24.35
order_003819,1,prod_0045,seller_012,321.82,18.59
order_003819,1,prod_0174,seller_012,103.41,43.83
order_003820,1,prod_0489,seller_010,186.36,32.65
order_003820,1,prod_0370,seller_010,94.16,10.12
order_003821,1,prod_0002,seller_035,171.72,11.01
order_003822,1,prod_0108,seller_038,378.41,31.85
order_003823,1,prod_0431,seller_004,396.07,17.81
order_003823,1,prod_0449,seller_004,106.6,37.01
order_003824,1,prod_0309,seller_022,137.45,15.15
order_003825,1,prod_0312,seller_009,195.2,23.77
order_003826,1,prod_0361,seller_028,81.74,10.81
order_003827,1,prod_0251,seller_011,287.3,31.48
order_003828,1,prod_0362,seller_015,326.87,20.82
order_003829,1,prod_0354,seller_014,378.0,11.94
order_003830,1,prod_0227,seller_000,24.74,16.11
order_003831,1,prod_0206,seller_026,122.29,23.15
order_003831,1,prod_0480,seller_026,292.58,27.61
order_003832,1,prod_0075,seller_029,57.99,28.23
order_003833,1,prod_0430,seller_001,294.01,24.81
order_003834,1,prod_0290,seller_035,29.84,24.89
order_003834,1,prod_0468,seller_035,89.79,26.26
order_003835,1,prod_0298,seller_018,386.22,14.82
order_003835,1,prod_0348,seller_018,66.96,10.97
order_003836,1,prod_0096,seller_014,71.24,29.68
order_003836,1,prod_0212,seller_014,383.26,6.02
order_003837,1,prod_0309,seller_039,60.85,23.42
order_003837,1,prod_0356,seller_039,348.05,31.71
order_003838,1,prod_0461,seller_014,42.73,37.6
order_003839,1,prod_0171,seller_004,87.03,39.76
order_003839,1,prod_0120,seller_004,238.11,11.33
order_003840,1,prod_0151,seller_019,204.35,22.31
order_003840,1,prod_0353,seller_019,114.09,13.39
order_003841,1,prod_0297,seller_022,394.44,38.59
order_003842,1,prod_0453,seller_026,316.62,26.62
order_003842,1,prod_0326,seller_026,79.73,11.02
order_003843,1,prod_0343,seller_013,357.22,33.67
order_003844,1,prod_0401,seller_008,210.71,20.1
order_003845,1,prod_0253,seller_025,184.74,9.92
order_003845,1,prod_0264,seller_025,42.48,26.78
order_003846,1,prod_0452,seller_010,75.87,36.74
order_003846,1,prod_0303,seller_010,72.17,36.82
order_003847,1,prod_0062,seller_002,175.22,30.91
order_003848,1,prod_0087,seller_029,335.47,18.86
order_003849,1,prod_0049,seller_016,299.93,37.92
order_003850,1,prod_0479,seller_036,152.72,29.19
order_003850,1,prod_0012,seller_036,359.12,15.16
order_003851,1,prod_0289,seller_012,61.23,6.58
order_003851,1,prod_0164,seller_012,189.74,42.71
order_003852,1,prod_0473,seller_016,379.19,44.12
order_003853,1,prod_0197,seller_022,142.87,18.4
order_003853,1,prod_0344,seller_022,249.99,7.85
order_003854,1,prod_0283,seller_037,318.03,7.54
order_003854,1,prod_0245,seller_037,287.98,8.36
order_003855,1,prod_0033,seller_006,316.67,24.21
order_003855,1,prod_0366,seller_006,394.47,13.08
order_003856,1,prod_0261,seller_038,340.67,14.56
order_003856,1,prod_0403,seller_038,120.53,32.36
order_003857,1,prod_0468,seller_012,300.88,24.15
order_003858,1,prod_0450,seller_031,318.72,33.94
order_003858,1,prod_0402,seller_031,326.86,6.13
order_003859,1,prod_0077,seller_022,241.17,42.62
order_003859,1,prod_0346,seller_022,201.4,42.42
order_003860,1,prod_0408,seller_026,124.6,33.15
order_003860,1,prod_0170,seller_026,227.58,11.26
order_003861,1,prod_0291,seller_034,227.34,11.7
order_003862,1,prod_0092,seller_017,250.03,31.79
order_003863,1,prod_0310,seller_007,263.91,22.16
order_003864,1,prod_0334,seller_020,207.45,26.92
order_003865,1,prod_0429,seller_000,399.36,7.1
order_003865,1,prod_0030,seller_000,35.89,23.5
order_003866,1,prod_0296,seller_002,124.07,17.89
order_003866,1,prod_0355,seller_002,372.75,39.65
order_003867,1,prod_0447,seller_014,270.12,43.11
order_003868,1,prod_0443,seller_032,113.73,39.16
order_003869,1,prod_0038,seller_025,386.63,28.86
order_003870,1,prod_0158,seller_023,87.7,15.47
order_003871,1,prod_0172,seller_035,169.13,7.96
order_003871,1,prod_0232,seller_035,358.13,44.59
order_003872,1,prod_0114,seller_027,116.92,29.38
order_003872,1,prod_0232,seller_027,200.8,27.56
order_003873,1,prod_0469,seller_038,162.32,9.47
order_003873,1,prod_0444,seller_038,369.57,8.89
order_003874,1,prod_0399,seller_036,108.9,43.42
order_003875,1,prod_0126,seller_036,210.61,43.2
order_003876,1,prod_0139,seller_023,156.32,14.24
order_003877,1,prod_0263,seller_028,45.9,8.64
order_003878,1,prod_0218,seller_022,52.97,38.6
order_003879,1,prod_0434,seller_023,186.28,8.72
order_003880,1,prod_0017,seller_006,52.89,9.16
order_003880,1,prod_0281,seller_006,384.81,29.83
order_003881,1,prod_0420,seller_011,228.63,14.07
order_003882,1,prod_0229,seller_031,230.24,19.48
order_003882,1,prod_0002,seller_031,363.63,10.54
order_003883,1,prod_0194,seller_006,194.95,27.09
order_003883,1,prod_0179,seller_006,356.86,31.46
order_003884,1,prod_0266,seller_037,76.75,29.4
order_003885,1,prod_0372,seller_019,241.77,21.24
order_003886,1,prod_0040,seller_018,43.47,18.98
order_003886,1,prod_0179,seller_018,247.01,26.79
order_003887,1,prod_0429,seller_021,70.6,27.94
order_003888,1,prod_0208,seller_039,70.68,14.84
order_003889,1,prod_0036,seller_019,34.01,11.23
order_003890,1,prod_0427,seller_037,323.23,11.35
order_003890,1,prod_0237,seller_037,257.18,44.3
order_003891,1,prod_0354,seller_003,54.86,29.37
order_003891,1,prod_0332,seller_003,177.23,30.32
order_003892,1,prod_0342,seller_016,259.16,25.15
order_003893,1,prod_0011,seller_012,274.28,12.03
order_003894,1,prod_0241,seller_008,65.91,33.39
order_003895,1,prod_0405,seller_017,378.34,34.1
order_003895,1,prod_0341,seller_017,341.27,16.38
order_003896,1,prod_0398,seller_025,151.56,16.22
order_003896,1,prod_0471,seller_025,97.28,44.05
order_003897,1,prod_0288,seller_010,184.48,23.66
order_003897,1,prod_0262,seller_010,336.26,11.12
order_003898,1,prod_0436,seller_015,211.0,28.26
order_003898,1,prod_0304,seller_015,354.64,5.59
order_003899,1,prod_0125,seller_010,137.95,26.59
order_003899,1,prod_0312,seller_010,244.72,19.12
order_003900,1,prod_0023,seller_016,284.75,21.69
order_003901,1,prod_0312,seller_006,153.68,15.52
order_003902,1,prod_0283,seller_017,286.12,6.1
order_003903,1,prod_0450,seller_017,209.47,34.57
order_003903,1,prod_0498,seller_017,197.1,16.65
order_003904,1,prod_0261,seller_007,108.1,14.56
order_003904,1,prod_0248,seller_007,301.9,33.03
order_003905,1,prod_0098,seller_015,375.4,25.29
order_003905,1,prod_0165,seller_015,133.35,22.96
order_003906,1,prod_0146,seller_018,197.15,13.91
order_003906,1,prod_0041,seller_018,52.09,17.2
order_003907,1,prod_0180,seller_005,391.76,32.71
order_003908,1,prod_0429,seller_034,390.19,21.16
order_003908,1,prod_0452,seller_034,379.37,33.09
order_003909,1,prod_0333,seller_003,66.72,44.92
order_003909,1,prod_0211,seller_003,42.59,10.39
order_003910,1,prod_0273,seller_018,353.02,24.76
order_003910,1,prod_0484,seller_018,164.47,15.2
order_003911,1,prod_0051,seller_013,190.04,42.95
order_003911,1,prod_0397,seller_013,242.11,20.75
order_003912,1,prod_0475,seller_005,246.03,38.93
order_003913,1,prod_0122,seller_022,22.35,8.86
order_003913,1,prod_0488,seller_022,199.91,34.38
order_003914,1,prod_0070,seller_028,289.04,28.29
order_003915,1,prod_0277,seller_032,166.68,23.55
order_003916,1,prod_0468,seller_035,326.45,11.74
order_003916,1,prod_0088,seller_035,186.7,8.23
order_003917,1,prod_0287,seller_023,307.61,15.61
order_003918,1,prod_0229,seller_002,387.08,32.25
order_003918,1,prod_0102,seller_002,189.86,41.65
order_003919,1,prod_0191,seller_004,309.82,41.12
order_003919,1,prod_0408,seller_004,159.58,19.01
order_003920,1,prod_0070,seller_023,190.65,25.4
order_003920,1,prod_0181,seller_023,134.56,32.4
order_003921,1,prod_0030,seller_003,341.06,33.35
order_003922,1,prod_0405,seller_011,51.69,42.38
order_003923,1,prod_0303,seller_013,53.84,19.82
order_003924,1,prod_0236,seller_011,282.27,11.03
order_003924,1,prod_0166,seller_011,148.99,43.77
order_003925,1,prod_0002,seller_002,22.39,43.89
order_003925,1,prod_0414,seller_002,280.71,38.78
order_003926,1,prod_0277,seller_029,52.3,31.38
order_003927,1,prod_0037,seller_003,354.19,18.52
order_003928,1,prod_0432,seller_035,43.78,24.95
order_003929,1,prod_0159,seller_013,335.55,13.37
order_003930,1,prod_0215,seller_007,120.67,44.47
order_003930,1,prod_0078,seller_007,260.46,21.33
order_003931,1,prod_0401,seller_021,19.4,26.4
order_003932,1,prod_0447,seller_033,64.34,14.02
order_003932,1,prod_0050,seller_033,168.9,25.43
order_003933,1,prod_0233,seller_000,307.88,16.1
order_003934,1,prod_0076,seller_015,399.94,14.16
order_003934,1,prod_0276,seller_015,132.47,8.29
order_003935,1,prod_0315,seller_028,51.89,32.06
order_003935,1,prod_0244,seller_028,103.8,36.68
order_003936,1,prod_0184,seller_031,232.01,25.79
order_003937,1,prod_0455,seller_034,334.84,30.2
order_003937,1,prod_0088,seller_034,40.96,7.36
order_003938,1,prod_0248,seller_007,87.27,36.65
order_003939,1,prod_0352,seller_025,356.57,18.87
order_003940,1,prod_0128,seller_024,176.52,24.93
order_003941,1,prod_0001,seller_007,262.23,38.05
order_003942,1,prod_0463,seller_022,187.12,42.47
order_003942,1,prod_0091,seller_022,95.45,36.22
order_003943,1,prod_0023,seller_024,283.44,26.27
order_003943,1,prod_0186,seller_024,303.06,7.0
order_003944,1,prod_0157,seller_024,208.83,10.53
order_003944,1,prod_0021,seller_024,239.22,14.63
order_003945,1,prod_0476,seller_015,355.4,17.17
order_003946,1,prod_0323,seller_008,358.57,35.71
order_003946,1,prod_0051,seller_008,242.1,5.25
order_003947,1,prod_0140,seller_030,75.49,30.86
order_003947,1,prod_0449,seller_030,54.52,28.03
order_003948,1,prod_0113,seller_017,170.93,20.29
order_003948,1,prod_0385,seller_017,86.94,16.46
order_003949,1,prod_0206,seller_037,307.39,41.83
order_003949,1,prod_0231,seller_037,352.57,13.82
order_003950,1,prod_0411,seller_004,119.17,29.26
order_003951,1,prod_0323,seller_024,238.76,22.01
order_003952,1,prod_0457,seller_023,266.34,11.39
order_003952,1,prod_0437,seller_023,175.21,26.98
order_003953,1,prod_0409,seller_035,96.32,25.97
order_003953,1,prod_0183,seller_035,235.5,23.27
order_003954,1,prod_0134,seller_013,216.45,21.75
order_003955,1,prod_0394,seller_028,104.84,22.37
order_003956,1,prod_0223,seller_003,207.11,12.56
order_003956,1,prod_0299,seller_003,346.3,11.89
order_003957,1,prod_0144,seller_025,204.34,31.26
order_003957,1,prod_0361,seller_025,107.84,37.71
order_003958,1,prod_0369,seller_034,342.61,30.46
order_003959,1,prod_0208,seller_034,301.73,7.17
order_003960,1,prod_0436,seller_025,342.35,9.39
order_003960,1,prod_0173,seller_025,80.73,24.12
order_003961,1,prod_0484,seller_006,166.51,9.4
order_003961,1,prod_0275,seller_006,253.62,10.11
order_003962,1,prod_0198,seller_017,125.78,8.24
order_003963,1,prod_0375,seller_002,23.62,31.04
order_003964,1,prod_0162,seller_012,87.01,22.24
order_003964,1,prod_0365,seller_012,288.28,9.06
order_003965,1,prod_0416,seller_025,279.96,23.81
order_003966,1,prod_0048,seller_017,324.67,17.43
order_003967,1,prod_0009,seller_007,218.49,31.3
order_003968,1,prod_0299,seller_013,382.02,34.28
order_003969,1,prod_0179,seller_005,249.03,44.3
order_003969,1,prod_0129,seller_005,339.28,39.01
order_003970,1,prod_0425,seller_009,358.63,34.43
order_003971,1,prod_0315,seller_005,121.29,38.96
order_003972,1,prod_0316,seller_008,181.11,26.37
order_003973,1,prod_0109,seller_031,26.26,35.25
order_003974,1,prod_0050,seller_018,336.49,21.62
order_003974,1,prod_0134,seller_018,392.07,27.79
order_003975,1,prod_0154,seller_027,137.25,12.85
order_003975,1,prod_0001,seller_027,216.54,28.89
order_003976,1,prod_0334,seller_029,223.51,32.22
order_003976,1,prod_0499,seller_029,64.26,19.03
order_003977,1,prod_0470,seller_007,222.46,23.12
order_003977,1,prod_0215,seller_007,245.03,7.74
order_003978,1,prod_0171,seller_029,170.77,36.25
order_003978,1,prod_0281,seller_029,152.62,23.98
order_003979,1,prod_0216,seller_015,295.8,44.47
order_003980,1,prod_0440,seller_004,212.5,44.38
order_003980,1,prod_0202,seller_004,15.19,30.15
order_003981,1,prod_0417,seller_014,292.66,19.16
order_003981,1,prod_0230,seller_014,272.54,5.89
order_003982,1,prod_0114,seller_002,108.23,21.65
order_003983,1,prod_0413,seller_003,38.53,23.6
order_003984,1,prod_0180,seller_016,390.08,10.04
order_003984,1,prod_0422,seller_016,391.9,27.92
order_003985,1,prod_0213,seller_034,207.26,27.84
order_003985,1,prod_0087,seller_034,208.94,40.53
order_003986,1,prod_0034,seller_036,115.77,32.22
order_003986,1,prod_0198,seller_036,295.32,40.01
order_003987,1,prod_0161,seller_011,293.49,31.87
order_003988,1,prod_0140,seller_006,142.37,33.72
order_003989,1,prod_0280,seller_019,240.68,32.81
order_003989,1,prod_0071,seller_019,213.55,17.17
order_003990,1,prod_0321,seller_021,29.62,6.72
order_003991,1,prod_0206,seller_017,112.75,29.75
order_003992,1,prod_0160,seller_039,174.68,6.56
order_003993,1,prod_0191,seller_013,293.07,35.24
order_003993,1,prod_0296,seller_013,175.21,28.36
order_003994,1,prod_0198,seller_036,124.49,29.77
order_003994,1,prod_0292,seller_036,115.02,37.7
order_003995,1,prod_0214,seller_037,96.56,16.69
order_003996,1,prod_0266,seller_022,243.2,24.24
order_003997,1,prod_0311,seller_015,84.46,18.57
order_003998,1,prod_0004,seller_000,36.55,40.35
order_003998,1,prod_0456,seller_000,78.03,18.53
order_003999,1,prod_0390,seller_004,215.72,13.83
order_003999,1,prod_0306,seller_004,240.73,31.15
order_004000,1,prod_0335,seller_024,322.67,11.46
order_004000,1,prod_0328,seller_024,78.03,13.78
order_004001,1,prod_0197,seller_003,337.38,42.82
order_004001,1,prod_0093,seller_003,289.53,28.74
order_004002,1,prod_0462,seller_002,295.48,44.69
order_004003,1,prod_0146,seller_003,268.99,29.29
order_004003,1,prod_0308,seller_003,107.46,11.73
order_004004,1,prod_0416,seller_028,323.75,19.45
order_004005,1,prod_0100,seller_030,199.04,22.44
order_004005,1,prod_0137,seller_030,119.04,36.62
order_004006,1,prod_0429,seller_010,289.94,25.89
order_004006,1,prod_0196,seller_010,162.41,21.61
order_004007,1,prod_0126,seller_028,191.88,19.91
order_004007,1,prod_0187,seller_028,50.82,29.34
order_004008,1,prod_0262,seller_015,328.2,38.78
order_004008,1,prod_0456,seller_015,383.72,38.77
order_004009,1,prod_0477,seller_012,78.19,16.25
order_004009,1,prod_0129,seller_012,199.85,31.1
order_004010,1,prod_0360,seller_023,17.29,31.95
order_004011,1,prod_0113,seller_021,102.53,13.23
order_004012,1,prod_0293,seller_021,325.19,43.31
order_004012,1,prod_0336,seller_021,16.04,20.93
order_004013,1,prod_0310,seller_024,172.57,22.02
order_004013,1,prod_0376,seller_024,276.17,5.43
order_004014,1,prod_0110,seller_036,253.96,18.2
order_004015,1,prod_0041,seller_028,342.22,13.5
order_004016,1,prod_0234,seller_038,115.99,12.32
order_004016,1,prod_0380,seller_038,206.36,34.97
order_004017,1,prod_0268,seller_018,253.19,36.25
order_004018,1,prod_0266,seller_009,251.5,10.0
order_004018,1,prod_0470,seller_009,390.25,33.75
order_004019,1,prod_0193,seller_010,173.1,29.12
order_004020,1,prod_0152,seller_036,46.27,42.08
order_004021,1,prod_0044,seller_039,158.8,18.46
order_004022,1,prod_0011,seller_033,70.49,32.52
order_004022,1,prod_0463,seller_033,169.9,34.42
order_004023,1,prod_0342,seller_016,119.83,16.94
order_004024,1,prod_0482,seller_013,194.55,36.17
order_004025,1,prod_0303,seller_033,67.8,22.97
order_004025,1,prod_0335,seller_033,177.4,32.59
order_004026,1,prod_0371,seller_008,323.77,12.24
order_004027,1,prod_0228,seller_021,252.65,36.47
order_004027,1,prod_0379,seller_021,250.3,18.54
order_004028,1,prod_0182,seller_001,318.02,14.38
order_004028,1,prod_0351,seller_001,269.13,40.87
order_004029,1,prod_0374,seller_039,257.88,39.05
order_004029,1,prod_0125,seller_039,325.27,15.09
order_004030,1,prod_0222,seller_039,326.22,22.09
order_004031,1,prod_0406,seller_038,315.76,28.95
order_004032,1,prod_0324,seller_023,126.82,11.5
order_004033,1,prod_0116,seller_012,143.7,14.97
order_004033,1,prod_0190,seller_012,84.55,10.58
order_004034,1,prod_0036,seller_026,149.18,31.51
order_004035,1,prod_0261,seller_029,99.65,27.67
order_004035,1,prod_0075,seller_029,368.1,17.39
order_004036,1,prod_0432,seller_016,234.66,43.61
order_004036,1,prod_0357,seller_016,242.68,44.88
order_004037,1,prod_0118,seller_020,397.95,42.38
order_004038,1,prod_0326,seller_032,34.06,31.44
order_004038,1,prod_0028,seller_032,313.22,20.34
order_004039,1,prod_0498,seller_006,162.87,36.76
order_004040,1,prod_0486,seller_002,112.58,36.86
order_004040,1,prod_0140,seller_002,113.75,18.48
order_004041,1,prod_0253,seller_000,211.17,11.7
order_004041,1,prod_0286,seller_000,290.12,38.98
order_004042,1,prod_0413,seller_032,323.52,15.81
order_004042,1,prod_0076,seller_032,295.93,9.14
order_004043,1,prod_0385,seller_022,260.4,15.7
order_004044,1,prod_0051,seller_004,384.41,41.16
order_004045,1,prod_0337,seller_018,42.18,41.94
order_004045,1,prod_0114,seller_018,388.83,39.61
order_004046,1,prod_0075,seller_029,255.46,15.54
order_004047,1,prod_0469,seller_017,172.68,27.08
order_004048,1,prod_0195,seller_038,223.63,19.81
order_004049,1,prod_0461,seller_033,79.09,24.51
order_004049,1,prod_0344,seller_033,232.06,26.33
order_004050,1,prod_0421,seller_020,303.68,36.82
order_004050,1,prod_0497,seller_020,342.14,32.65
order_004051,1,prod_0221,seller_011,122.67,40.19
order_004052,1,prod_0029,seller_019,39.05,8.75
order_004053,1,prod_0493,seller_032,330.93,40.57
order_004054,1,prod_0034,seller_013,348.23,7.84
order_004054,1,prod_0498,seller_013,208.14,16.02
order_004055,1,prod_0254,seller_026,394.16,18.73
order_004056,1,prod_0111,seller_021,129.45,6.87
order_004057,1,prod_0468,seller_039,107.97,24.55
order_004058,1,prod_0374,seller_009,284.23,31.83
order_004058,1,prod_0164,seller_009,129.61,9.62
order_004059,1,prod_0412,seller_024,308.28,42.8
order_004059,1,prod_0354,seller_024,71.47,28.19
order_004060,1,prod_0140,seller_000,107.01,27.02
order_004060,1,prod_0146,seller_000,59.8,17.36
order_004061,1,prod_0467,seller_036,148.63,26.58
order_004062,1,prod_0255,seller_038,254.94,11.66
order_004062,1,prod_0125,seller_038,104.13,41.83
order_004063,1,prod_0127,seller_039,315.13,43.55
order_004063,1,prod_0406,seller_039,267.5,28.92
order_004064,1,prod_0285,seller_010,337.52,25.75
order_004065,1,prod_0388,seller_023,79.22,7.9
order_004066,1,prod_0020,seller_007,207.99,43.51
order_004067,1,prod_0396,seller_039,219.99,30.6
order_004067,1,prod_0113,seller_039,59.98,32.22
order_004068,1,prod_0030,seller_010,278.69,27.39
order_004069,1,prod_0229,seller_026,213.61,22.69
order_004069,1,prod_0129,seller_026,240.48,19.05
order_004070,1,prod_0251,seller_002,323.36,40.76
order_004070,1,prod_0188,seller_002,254.63,30.21
order_004071,1,prod_0100,seller_000,175.12,31.36
order_004072,1,prod_0359,seller_005,189.06,29.13
order_004073,1,prod_0207,seller_002,154.0,15.08
order_004074,1,prod_0269,seller_036,16.28,5.17
order_004075,1,prod_0152,seller_033,51.53,23.79
order_004075,1,prod_0306,seller_033,384.36,13.32
order_004076,1,prod_0451,seller_007,338.75,23.77
order_004077,1,prod_0036,seller_013,363.95,43.16
order_004077,1,prod_0373,seller_013,136.69,43.42
order_004078,1,prod_0169,seller_009,295.82,38.97
order_004079,1,prod_0115,seller_022,138.75,18.41
order_004080,1,prod_0315,seller_032,179.72,37.14
order_004081,1,prod_0464,seller_027,260.82,22.57
order_004081,1,prod_0173,seller_027,166.09,17.29
order_004082,1,prod_0232,seller_034,241.03,28.31
order_004083,1,prod_0134,seller_008,181.03,13.33
order_004084,1,prod_0170,seller_005,268.65,43.88
order_004084,1,prod_0475,seller_005,87.96,26.3
order_004085,1,prod_0344,seller_009,30.6,9.17
order_004085,1,prod_0124,seller_009,314.23,24.41
order_004086,1,prod_0054,seller_011,360.31,10.02
order_004086,1,prod_0486,seller_011,147.34,43.17
order_004087,1,prod_0465,seller_037,341.0,41.73
order_004088,1,prod_0397,seller_034,62.99,24.17
order_004088,1,prod_0399,seller_034,318.75,15.69
order_004089,1,prod_0132,seller_034,280.94,21.07
order_004090,1,prod_0434,seller_030,297.93,11.85
order_004091,1,prod_0036,seller_016,398.6,23.21
order_004092,1,prod_0266,seller_032,116.34,15.45
order_004093,1,prod_0026,seller_004,254.28,35.9
order_004094,1,prod_0093,seller_002,365.9,16.92
order_004095,1,prod_0193,seller_038,240.63,16.21
order_004096,1,prod_0155,seller_015,272.67,6.48
order_004096,1,prod_0011,seller_015,175.71,21.58
order_004097,1,prod_0497,seller_029,314.56,36.79
order_004097,1,prod_0374,seller_029,77.85,15.28
order_004098,1,prod_0437,seller_023,168.32,6.03
order_004099,1,prod_0035,seller_000,359.23,14.81
order_004100,1,prod_0253,seller_017,275.51,5.52
order_004100,1,prod_0458,seller_017,389.68,33.35
order_004101,1,prod_0221,seller_019,359.92,27.7
order_004101,1,prod_0398,seller_019,145.3,31.79
order_004102,1,prod_0302,seller_036,90.9,36.8
order_004102,1,prod_0442,seller_036,80.29,28.06
order_004103,1,prod_0188,seller_003,20.67,30.03
order_004104,1,prod_0430,seller_031,250.22,24.09
order_004104,1,prod_0017,seller_031,85.74,8.34
order_004105,1,prod_0142,seller_028,162.31,32.24
order_004105,1,prod_0224,seller_028,115.18,38.05
order_004106,1,prod_0142,seller_032,340.14,32.27
order_004107,1,prod_0260,seller_000,305.81,23.23
order_004108,1,prod_0050,seller_031,42.83,27.64
order_004109,1,prod_0429,seller_036,309.91,14.26
order_004109,1,prod_0355,seller_036,234.23,36.0
order_004110,1,prod_0315,seller_005,272.57,26.51
order_004111,1,prod_0392,seller_030,250.91,15.07
order_004112,1,prod_0097,seller_037,81.1,7.18
order_004113,1,prod_0073,seller_036,183.37,41.15
order_004114,1,prod_0278,seller_034,283.34,31.27
order_004115,1,prod_0349,seller_026,78.8,5.67
order_004115,1,prod_0309,seller_026,44.08,16.29
order_004116,1,prod_0093,seller_007,316.92,43.88
order_004117,1,prod_0461,seller_010,283.03,43.83
order_004117,1,prod_0404,seller_010,154.63,43.2
order_004118,1,prod_0070,seller_019,130.36,13.69
order_004119,1,prod_0299,seller_001,179.36,42.37
order_004120,1,prod_0417,seller_004,367.72,39.68
order_004120,1,prod_0330,seller_004,368.71,27.93
order_004121,1,prod_0378,seller_030,203.1,32.67
order_004122,1,prod_0338,seller_032,92.29,32.07
order_004122,1,prod_0156,seller_032,15.61,14.32
order_004123,1,prod_0413,seller_002,220.55,5.71
order_004123,1,prod_0017,seller_002,196.11,42.14
order_004124,1,prod_0340,seller_034,338.45,23.86
order_004124,1,prod_0240,seller_034,32.01,23.69
order_004125,1,prod_0024,seller_009,357.91,34.69
order_004126,1,prod_0444,seller_007,229.88,38.61
order_004127,1,prod_0147,seller_004,235.75,41.97
order_004127,1,prod_0132,seller_004,382.74,28.17
order_004128,1,prod_0188,seller_027,170.4,27.7
order_004128,1,prod_0388,seller_027,369.25,17.15
order_004129,1,prod_0282,seller_016,146.68,6.95
order_004129,1,prod_0240,seller_016,275.03,43.21
order_004130,1,prod_0272,seller_034,143.49,16.23
order_004131,1,prod_0026,seller_033,149.13,25.43
order_004131,1,prod_0333,seller_033,86.71,13.48
order_004132,1,prod_0254,seller_027,92.24,21.31
order_004133,1,prod_0159,seller_013,111.72,24.92
order_004133,1,prod_0352,seller_013,37.17,42.22
order_004134,1,prod_0095,seller_017,356.04,26.83
order_004134,1,prod_0478,seller_017,31.99,6.42
order_004135,1,prod_0432,seller_012,162.64,34.93
order_004135,1,prod_0303,seller_012,161.52,11.43
order_004136,1,prod_0323,seller_034,344.84,42.42
order_004137,1,prod_0433,seller_006,256.57,13.81
order_004137,1,prod_0139,seller_006,166.6,29.96
order_004138,1,prod_0314,seller_027,183.54,10.05
order_004138,1,prod_0001,seller_027,94.7,24.66
order_004139,1,prod_0450,seller_038,36.35,8.99
order_004139,1,prod_0200,seller_038,220.19,41.44
order_004140,1,prod_0203,seller_017,354.31,12.78
order_004141,1,prod_0064,seller_033,292.0,11.49
order_004141,1,prod_0374,seller_033,148.45,18.27
order_004142,1,prod_0400,seller_021,347.2,32.81
order_004142,1,prod_0026,seller_021,60.91,22.37
order_004143,1,prod_0124,seller_005,54.25,34.21
order_004144,1,prod_0318,seller_023,270.75,36.34
order_004145,1,prod_0020,seller_019,17.83,22.0
order_004146,1,prod_0307,seller_037,368.87,44.38
order_004147,1,prod_0269,seller_034,100.19,27.75
order_004148,1,prod_0216,seller_013,208.79,15.29
order_004149,1,prod_0401,seller_009,35.68,34.85
order_004149,1,prod_0426,seller_009,179.03,34.23
order_004150,1,prod_0082,seller_016,228.62,30.64
order_004151,1,prod_0330,seller_033,296.75,13.42
order_004152,1,prod_0184,seller_029,162.51,23.16
order_004153,1,prod_0480,seller_034,396.87,8.48
order_004153,1,prod_0095,seller_034,277.77,34.74
order_004154,1,prod_0311,seller_032,259.2,24.92
order_004154,1,prod_0464,seller_032,378.72,37.75
order_004155,1,prod_0042,seller_033,144.5,22.77
order_004156,1,prod_0465,seller_038,141.14,17.84
order_004157,1,prod_0379,seller_038,235.99,9.68
order_004158,1,prod_0317,seller_005,125.19,21.36
order_004158,1,prod_0366,seller_005,291.56,23.75
order_004159,1,prod_0288,seller_014,273.14,41.49
order_004160,1,prod_0432,seller_001,174.57,30.81
order_004160,1,prod_0164,seller_001,70.87,32.71
order_004161,1,prod_0139,seller_028,314.83,37.17
order_004161,1,prod_0308,seller_028,31.27,5.07
order_004162,1,prod_0106,seller_029,398.75,32.54
order_004163,1,prod_0474,seller_024,118.16,14.74
order_004163,1,prod_0155,seller_024,236.25,44.83
order_004164,1,prod_0482,seller_000,53.94,14.13
order_004164,1,prod_0073,seller_000,67.95,29.91
order_004165,1,prod_0307,seller_001,209.86,37.08
order_004165,1,prod_0360,seller_001,226.65,37.53
order_004166,1,prod_0230,seller_022,148.04,24.1
order_004167,1,prod_0346,seller_036,129.33,43.4
order_004167,1,prod_0457,seller_036,236.65,6.98
order_004168,1,prod_0009,seller_012,311.77,11.66
order_004169,1,prod_0202,seller_036,51.27,22.95
order_004169,1,prod_0302,seller_036,338.84,8.57
order_004170,1,prod_0262,seller_027,387.11,16.8
order_004170,1,prod_0290,seller_027,161.19,35.73
order_004171,1,prod_0358,seller_028,308.05,39.45
order_004171,1,prod_0137,seller_028,137.1,12.86
order_004172,1,prod_0385,seller_034,208.39,16.06
order_004172,1,prod_0414,seller_034,372.72,19.77
order_004173,1,prod_0490,seller_006,348.52,15.24
order_004174,1,prod_0275,seller_021,93.89,11.92
order_004175,1,prod_0296,seller_028,301.2,26.68
order_004175,1,prod_0267,seller_028,50.97,16.17
order_004176,1,prod_0011,seller_008,375.53,12.11
order_004177,1,prod_0018,seller_020,368.78,25.07
order_004177,1,prod_0207,seller_020,167.81,38.26
order_004178,1,prod_0134,seller_031,167.38,28.14
order_004179,1,prod_0204,seller_018,390.32,38.02
order_004180,1,prod_0384,seller_035,389.84,39.24
order_004181,1,prod_0054,seller_024,193.0,12.33
order_004182,1,prod_0376,seller_021,88.46,34.14
order_004183,1,prod_0250,seller_008,164.34,19.25
order_004184,1,prod_0067,seller_026,272.82,8.59
order_004185,1,prod_0008,seller_019,124.88,11.44
order_004185,1,prod_0326,seller_019,104.49,21.15
order_004186,1,prod_0172,seller_015,336.17,31.79
order_004186,1,prod_0479,seller_015,165.79,5.1
order_004187,1,prod_0020,seller_015,20.74,28.44
order_004187,1,prod_0062,seller_015,323.68,43.92
order_004188,1,prod_0351,seller_015,157.42,14.39
order_004189,1,prod_0404,seller_016,380.23,10.96
order_004189,1,prod_0488,seller_016,373.82,9.47
order_004190,1,prod_0061,seller_029,318.88,18.02
order_004190,1,prod_0190,seller_029,72.07,23.39
order_004191,1,prod_0045,seller_022,194.04,23.74
order_004192,1,prod_0447,seller_015,65.3,20.81
order_004192,1,prod_0238,seller_015,252.18,18.83
order_004193,1,prod_0444,seller_010,388.77,16.92
order_004194,1,prod_0180,seller_025,100.79,28.43
order_004194,1,prod_0056,seller_025,152.53,27.31
order_004195,1,prod_0053,seller_006,259.73,7.92
order_004195,1,prod_0225,seller_006,287.47,9.07
order_004196,1,prod_0258,seller_028,195.5,6.86
order_004196,1,prod_0225,seller_028,204.19,7.56
order_004197,1,prod_0027,seller_029,349.94,19.06
order_004197,1,prod_0372,seller_029,239.78,31.52
order_004198,1,prod_0094,seller_027,255.68,29.24
order_004198,1,prod_0324,seller_027,23.67,5.13
order_004199,1,prod_0346,seller_004,52.39,29.84
order_004199,1,prod_0032,seller_004,225.79,44.25
order_004200,1,prod_0381,seller_008,361.97,9.19
order_004200,1,prod_0290,seller_008,232.67,20.69
order_004201,1,prod_0207,seller_000,331.85,41.26
order_004201,1,prod_0013,seller_000,45.01,15.27
order_004202,1,prod_0323,seller_012,224.51,25.14
order_004202,1,prod_0319,seller_012,313.38,24.09
order_004203,1,prod_0222,seller_012,121.53,26.78
order_004203,1,prod_0481,seller_012,306.08,17.42
order_004204,1,prod_0092,seller_009,89.22,7.52
order_004205,1,prod_0067,seller_036,375.39,33.05
order_004206,1,prod_0212,seller_032,274.94,9.63
order_004206,1,prod_0284,seller_032,307.06,43.25
order_004207,1,prod_0104,seller_026,213.07,13.15
order_004207,1,prod_0184,seller_026,379.44,9.84
order_004208,1,prod_0387,seller_014,370.71,20.96
order_004209,1,prod_0008,seller_016,216.04,30.65
order_004210,1,prod_0418,seller_026,231.58,6.61
order_004210,1,prod_0346,seller_026,20.38,27.59
order_004211,1,prod_0043,seller_030,293.83,11.6
order_004211,1,prod_0288,seller_030,59.71,25.58
order_004212,1,prod_0382,seller_001,214.68,17.17
order_004213,1,prod_0063,seller_023,232.1,8.52
order_004213,1,prod_0254,seller_023,124.96,20.98
order_004214,1,prod_0077,seller_037,202.75,26.46
order_004214,1,prod_0291,seller_037,128.81,21.39
order_004215,1,prod_0028,seller_017,94.58,37.14
order_004215,1,prod_0023,seller_017,393.9,44.66
order_004216,1,prod_0492,seller_002,89.84,31.68
order_004216,1,prod_0021,seller_002,397.6,24.03
order_004217,1,prod_0494,seller_037,223.64,33.69
order_004218,1,prod_0234,seller_018,184.18,23.09
order_004218,1,prod_0076,seller_018,35.51,7.43
order_004219,1,prod_0094,seller_002,165.0,14.44
order_004220,1,prod_0270,seller_003,240.73,41.13
order_004220,1,prod_0491,seller_003,329.21,17.72
order_004221,1,prod_0112,seller_001,25.55,10.93
order_004222,1,prod_0335,seller_016,396.1,32.99
order_004222,1,prod_0001,seller_016,33.91,17.15
order_004223,1,prod_0078,seller_036,206.6,12.25
order_004224,1,prod_0318,seller_030,148.4,29.57
order_004224,1,prod_0260,seller_030,171.93,8.3
order_004225,1,prod_0306,seller_003,106.35,19.68
order_004226,1,prod_0210,seller_003,93.88,22.98
order_004226,1,prod_0105,seller_003,255.11,41.42
order_004227,1,prod_0363,seller_016,332.93,8.62
order_004228,1,prod_0041,seller_005,231.38,18.84
order_004229,1,prod_0115,seller_007,275.78,33.27
order_004229,1,prod_0067,seller_007,125.18,34.87
order_004230,1,prod_0288,seller_011,293.12,23.53
order_004231,1,prod_0034,seller_022,347.77,20.59
order_004231,1,prod_0301,seller_022,354.64,22.21
order_004232,1,prod_0105,seller_032,332.99,18.96
order_004232,1,prod_0440,seller_032,297.53,26.9
order_004233,1,prod_0131,seller_014,194.0,8.09
order_004233,1,prod_0360,seller_014,84.36,11.6
order_004234,1,prod_0145,seller_011,282.56,14.7
order_004235,1,prod_0299,seller_030,139.95,16.58
order_004236,1,prod_0180,seller_001,102.92,28.94
order_004237,1,prod_0496,seller_015,275.04,14.76
order_004238,1,prod_0062,seller_024,159.12,43.59
order_004238,1,prod_0098,seller_024,358.45,15.27
order_004239,1,prod_0119,seller_035,222.82,44.26
order_004239,1,prod_0015,seller_035,318.56,28.02
order_004240,1,prod_0019,seller_014,109.41,29.66
order_004241,1,prod_0249,seller_020,91.71,40.62
order_004242,1,prod_0257,seller_028,239.65,15.86
order_004242,1,prod_0475,seller_028,229.51,7.84
order_004243,1,prod_0412,seller_007,150.29,41.1
order_004244,1,prod_0447,seller_021,106.97,29.81
order_004245,1,prod_0405,seller_003,239.79,20.15
order_004245,1,prod_0419,seller_003,28.22,21.65
order_004246,1,prod_0090,seller_013,146.29,28.38
order_004247,1,prod_0298,seller_033,22.73,20.96
order_004247,1,prod_0133,seller_033,100.09,36.13
order_004248,1,prod_0177,seller_017,180.48,36.55
order_004248,1,prod_0209,seller_017,319.56,21.02
order_004249,1,prod_0195,seller_031,146.4,25.67
order_004249,1,prod_0345,seller_031,133.27,31.15
order_004250,1,prod_0164,seller_020,92.73,37.39
order_004251,1,prod_0018,seller_039,64.6,26.62
order_004252,1,prod_0032,seller_009,92.28,17.46
order_004252,1,prod_0484,seller_009,123.11,42.2
order_004253,1,prod_0304,seller_037,399.11,11.95
order_004254,1,prod_0333,seller_019,181.27,43.65
order_004254,1,prod_0472,seller_019,75.57,19.89
order_004255,1,prod_0494,seller_028,76.61,36.65
order_004256,1,prod_0030,seller_028,326.87,8.86
order_004256,1,prod_0237,seller_028,235.16,9.27
order_004257,1,prod_0498,seller_012,101.55,25.93
order_004257,1,prod_0028,seller_012,46.57,11.42
order_004258,1,prod_0311,seller_013,106.58,44.29
order_004258,1,prod_0094,seller_013,343.76,26.94
order_004259,1,prod_0374,seller_026,295.75,30.95
order_004260,1,prod_0475,seller_005,24.1,27.25
order_004261,1,prod_0385,seller_035,31.24,13.27
order_004261,1,prod_0210,seller_035,387.99,12.54
order_004262,1,prod_0294,seller_022,384.84,33.13
order_004262,1,prod_0251,seller_022,280.2,32.62
order_004263,1,prod_0034,seller_022,126.75,38.82
order_004264,1,prod_0303,seller_024,160.06,25.32
order_004264,1,prod_0026,seller_024,125.59,37.83
order_004265,1,prod_0168,seller_013,83.37,38.71
order_004266,1,prod_0085,seller_001,101.06,8.36
order_004266,1,prod_0235,seller_001,30.9,33.57
order_004267,1,prod_0132,seller_022,142.14,35.77
order_004268,1,prod_0217,seller_039,336.93,25.0
order_004269,1,prod_0069,seller_013,152.45,44.09
order_004270,1,prod_0404,seller_017,86.91,43.49
order_004271,1,prod_0067,seller_039,290.93,37.06
order_004271,1,prod_0110,seller_039,388.29,37.95
order_004272,1,prod_0143,seller_034,160.25,23.24
order_004273,1,prod_0247,seller_031,225.2,10.47
order_004274,1,prod_0393,seller_037,307.35,33.38
order_004274,1,prod_0349,seller_037,257.09,34.11
order_004275,1,prod_0166,seller_002,315.58,6.98
order_004276,1,prod_0496,seller_005,230.7,43.73
order_004277,1,prod_0255,seller_038,209.3,28.72
order_004278,1,prod_0230,seller_038,15.57,31.99
order_004278,1,prod_0164,seller_038,363.12,42.89
order_004279,1,prod_0285,seller_020,194.56,29.57
order_004279,1,prod_0135,seller_020,248.3,17.83
order_004280,1,prod_0459,seller_037,195.8,44.99
order_004280,1,prod_0095,seller_037,140.59,13.4
order_004281,1,prod_0148,seller_006,238.26,39.07
order_004282,1,prod_0113,seller_012,182.82,40.2
order_004282,1,prod_0224,seller_012,392.53,21.41
order_004283,1,prod_0452,seller_010,378.2,14.3
order_004284,1,prod_0408,seller_019,46.74,19.33
order_004284,1,prod_0406,seller_019,151.72,17.39
order_004285,1,prod_0328,seller_000,357.16,37.54
order_004286,1,prod_0254,seller_011,197.47,7.01
order_004287,1,prod_0257,seller_023,234.1,32.92
order_004287,1,prod_0110,seller_023,301.91,33.82
order_004288,1,prod_0155,seller_033,93.18,30.95
order_004288,1,prod_0000,seller_033,382.57,44.05
order_004289,1,prod_0171,seller_025,254.14,7.29
order_004290,1,prod_0148,seller_006,163.2,10.33
order_004291,1,prod_0356,seller_010,48.97,25.4
order_004292,1,prod_0038,seller_008,338.15,29.56
order_004292,1,prod_0457,seller_008,339.59,18.06
order_004293,1,prod_0489,seller_005,211.38,21.13
order_004294,1,prod_0201,seller_029,70.79,26.71
order_004295,1,prod_0412,seller_038,123.58,7.47
order_004296,1,prod_0154,seller_014,317.23,29.73
order_004297,1,prod_0478,seller_019,301.43,24.12
order_004298,1,prod_0009,seller_023,213.8,36.41
order_004298,1,prod_0383,seller_023,114.79,41.17
order_004299,1,prod_0249,seller_009,179.89,22.03
order_004299,1,prod_0408,seller_009,338.5,12.44
order_004300,1,prod_0449,seller_029,264.53,30.29
order_004300,1,prod_0233,seller_029,371.33,10.64
order_004301,1,prod_0464,seller_013,219.02,7.07
order_004302,1,prod_0362,seller_001,328.76,36.88
order_004302,1,prod_0185,seller_001,302.44,27.79
order_004303,1,prod_0322,seller_026,237.07,8.78
order_004303,1,prod_0141,seller_026,145.75,36.75
order_004304,1,prod_0406,seller_012,167.23,24.17
order_004305,1,prod_0356,seller_032,178.67,26.25
order_004306,1,prod_0343,seller_006,351.59,24.08
order_004306,1,prod_0494,seller_006,15.78,41.49
order_004307,1,prod_0152,seller_033,249.47,25.91
order_004308,1,prod_0455,seller_007,73.67,40.77
order_004308,1,prod_0408,seller_007,132.74,27.8
order_004309,1,prod_0163,seller_015,299.24,24.22
order_004309,1,prod_0171,seller_015,368.72,35.24
order_004310,1,prod_0130,seller_015,330.73,41.57
order_004310,1,prod_0467,seller_015,103.33,8.14
order_004311,1,prod_0090,seller_009,312.79,17.9
order_004312,1,prod_0144,seller_015,216.77,29.9
order_004313,1,prod_0277,seller_016,80.2,36.5
order_004314,1,prod_0162,seller_007,182.8,11.51
order_004314,1,prod_0198,seller_007,196.96,36.22
order_004315,1,prod_0293,seller_007,334.9,16.48
order_004315,1,prod_0172,seller_007,113.95,12.48
order_004316,1,prod_0187,seller_034,112.35,6.28
order_004317,1,prod_0213,seller_027,356.8,22.08
order_004318,1,prod_0322,seller_026,265.03,5.01
order_004318,1,prod_0146,seller_026,350.51,17.68
order_004319,1,prod_0423,seller_003,120.82,29.79
order_004319,1,prod_0482,seller_003,157.66,25.38
order_004320,1,prod_0334,seller_029,389.06,39.16
order_004321,1,prod_0253,seller_012,213.53,35.76
order_004321,1,prod_0001,seller_012,29.67,37.93
order_004322,1,prod_0463,seller_029,216.75,34.41
order_004323,1,prod_0490,seller_001,354.08,40.81
order_004323,1,prod_0291,seller_001,379.54,10.66
order_004324,1,prod_0375,seller_014,222.22,9.54
order_004324,1,prod_0093,seller_014,71.54,31.25
order_004325,1,prod_0340,seller_026,128.57,36.08
order_004326,1,prod_0425,seller_039,399.76,28.56
order_004326,1,prod_0128,seller_039,112.06,32.64
order_004327,1,prod_0413,seller_011,161.81,24.71
order_004327,1,prod_0377,seller_011,269.66,11.63
order_004328,1,prod_0032,seller_015,268.32,22.25
order_004329,1,prod_0343,seller_037,118.11,11.92
order_004329,1,prod_0217,seller_037,189.16,31.92
order_004330,1,prod_0085,seller_019,22.22,13.87
order_004331,1,prod_0389,seller_011,48.53,31.54
order_004332,1,prod_0156,seller_007,207.46,21.46
order_004332,1,prod_0005,seller_007,248.88,37.02
order_004333,1,prod_0232,seller_027,24.84,31.32
order_004334,1,prod_0204,seller_018,399.08,24.31
order_004335,1,prod_0395,seller_020,39.2,37.67
order_004335,1,prod_0318,seller_020,20.41,26.88
order_004336,1,prod_0466,seller_002,77.74,12.01
order_004337,1,prod_0042,seller_030,265.43,21.8
order_004338,1,prod_0319,seller_004,309.55,26.73
order_004338,1,prod_0403,seller_004,97.55,30.86
order_004339,1,prod_0237,seller_011,261.23,9.56
order_004339,1,prod_0085,seller_011,328.02,41.38
order_004340,1,prod_0486,seller_023,16.0,16.43
order_004340,1,prod_0216,seller_023,224.31,27.7
order_004341,1,prod_0131,seller_001,399.55,37.14
order_004342,1,prod_0173,seller_007,21.2,15.73
order_004342,1,prod_0084,seller_007,243.85,41.34
order_004343,1,prod_0302,seller_037,320.41,28.58
order_004343,1,prod_0336,seller_037,30.1,25.42
order_004344,1,prod_0335,seller_000,281.9,25.17
order_004345,1,prod_0143,seller_012,144.82,19.65
order_004345,1,prod_0013,seller_012,251.32,35.9
order_004346,1,prod_0033,seller_032,201.77,30.66
order_004346,1,prod_0010,seller_032,198.92,27.59
order_004347,1,prod_0461,seller_004,165.08,20.42
order_004348,1,prod_0096,seller_039,183.97,6.68
order_004349,1,prod_0019,seller_009,63.75,8.68
order_004349,1,prod_0303,seller_009,86.95,39.97
order_004350,1,prod_0162,seller_035,299.05,24.0
order_004350,1,prod_0224,seller_035,344.74,10.43
order_004351,1,prod_0063,seller_022,229.32,19.27
order_004352,1,prod_0085,seller_029,138.82,42.05
order_004352,1,prod_0314,seller_029,396.05,30.12
order_004353,1,prod_0060,seller_024,262.58,10.72
order_004354,1,prod_0284,seller_034,324.39,14.57
order_004354,1,prod_0347,seller_034,235.38,33.52
order_004355,1,prod_0123,seller_009,372.62,36.5
order_004355,1,prod_0332,seller_009,89.89,30.03
order_004356,1,prod_0463,seller_005,137.44,35.44
order_004356,1,prod_0212,seller_005,220.08,42.39
order_004357,1,prod_0176,seller_026,62.24,43.42
order_004357,1,prod_0296,seller_026,140.64,6.13
order_004358,1,prod_0155,seller_006,270.5,19.05
order_004358,1,prod_0453,seller_006,380.9,43.62
order_004359,1,prod_0292,seller_000,169.36,5.34
order_004359,1,prod_0369,seller_000,119.62,18.24
order_004360,1,prod_0334,seller_012,154.84,13.7
order_004360,1,prod_0393,seller_012,99.72,31.51
order_004361,1,prod_0184,seller_029,124.24,8.98
order_004362,1,prod_0118,seller_014,242.1,43.94
order_004363,1,prod_0018,seller_004,298.59,43.24
order_004364,1,prod_0158,seller_001,227.47,9.48
order_004365,1,prod_0063,seller_010,272.5,32.37
order_004365,1,prod_0365,seller_010,226.99,36.25
order_004366,1,prod_0175,seller_013,337.62,7.42
order_004367,1,prod_0353,seller_034,388.39,6.82
order_004368,1,prod_0048,seller_009,52.17,34.99
order_004368,1,prod_0075,seller_009,147.35,40.78
order_004369,1,prod_0461,seller_004,395.27,43.98
order_004370,1,prod_0470,seller_012,247.35,12.93
order_004370,1,prod_0346,seller_012,44.42,25.9
order_004371,1,prod_0459,seller_031,204.92,36.45
order_004371,1,prod_0493,seller_031,167.83,14.02
order_004372,1,prod_0223,seller_008,247.12,42.32
order_004373,1,prod_0174,seller_026,357.75,22.84
order_004374,1,prod_0224,seller_036,346.35,6.25
order_004375,1,prod_0062,seller_036,116.2,24.67
order_004376,1,prod_0474,seller_035,43.65,39.18
order_004377,1,prod_0028,seller_022,132.46,11.55
order_004378,1,prod_0368,seller_002,200.64,30.2
order_004378,1,prod_0129,seller_002,163.73,22.52
order_004379,1,prod_0405,seller_002,110.21,13.89
order_004379,1,prod_0004,seller_002,245.02,22.98
order_004380,1,prod_0321,seller_036,115.18,43.62
order_004381,1,prod_0086,seller_006,322.16,17.97
order_004381,1,prod_0469,seller_006,347.37,41.84
order_004382,1,prod_0211,seller_002,181.05,18.74
order_004382,1,prod_0113,seller_002,81.28,36.96
order_004383,1,prod_0276,seller_000,38.17,42.14
order_004384,1,prod_0294,seller_038,78.97,7.59
order_004385,1,prod_0134,seller_002,395.65,10.81
order_004386,1,prod_0016,seller_004,138.66,28.21
order_004386,1,prod_0256,seller_004,387.51,30.05
order_004387,1,prod_0485,seller_039,362.35,13.67
order_004387,1,prod_0450,seller_039,353.12,13.82
order_004388,1,prod_0011,seller_026,348.56,32.75
order_004388,1,prod_0345,seller_026,192.84,44.26
order_004389,1,prod_0029,seller_034,362.06,28.63
order_004389,1,prod_0202,seller_034,145.14,34.59
order_004390,1,prod_0011,seller_022,270.42,33.06
order_004391,1,prod_0205,seller_001,108.98,6.05
order_004391,1,prod_0144,seller_001,200.13,14.0
order_004392,1,prod_0257,seller_016,245.97,6.16
order_004393,1,prod_0226,seller_010,127.34,41.13
order_004394,1,prod_0337,seller_031,288.9,6.28
order_004395,1,prod_0282,seller_023,84.86,26.03
order_004396,1,prod_0489,seller_012,344.12,14.81
order_004397,1,prod_0323,seller_030,170.01,11.64
order_004398,1,prod_0148,seller_021,398.39,23.57
order_004399,1,prod_0118,seller_039,302.78,14.44
order_004399,1,prod_0055,seller_039,359.1,25.07
order_004400,1,prod_0384,seller_031,328.39,28.35
order_004400,1,prod_0462,seller_031,149.01,6.09
order_004401,1,prod_0328,seller_017,265.21,12.87
order_004401,1,prod_0265,seller_017,304.73,5.69
order_004402,1,prod_0199,seller_027,376.16,15.79
order_004403,1,prod_0139,seller_012,271.73,9.36
order_004403,1,prod_0376,seller_012,169.25,42.07
order_004404,1,prod_0019,seller_009,103.37,28.67
order_004405,1,prod_0250,seller_012,341.26,28.27
order_004406,1,prod_0390,seller_013,295.78,9.95
order_004406,1,prod_0135,seller_013,263.46,17.59
order_004407,1,prod_0015,seller_031,200.94,10.45
order_004407,1,prod_0484,seller_031,282.94,26.81
order_004408,1,prod_0299,seller_012,240.84,32.34
order_004408,1,prod_0217,seller_012,59.56,35.78
order_004409,1,prod_0302,seller_038,30.88,25.98
order_004409,1,prod_0102,seller_038,261.62,11.73
order_004410,1,prod_0223,seller_007,194.51,11.49
order_004410,1,prod_0251,seller_007,302.84,39.73
order_004411,1,prod_0350,seller_007,222.15,25.39
order_004412,1,prod_0470,seller_034,208.56,29.83
order_004412,1,prod_0181,seller_034,161.38,5.11
order_004413,1,prod_0061,seller_025,298.79,26.75
order_004413,1,prod_0464,seller_025,126.63,40.35
order_004414,1,prod_0433,seller_025,396.51,37.5
order_004414,1,prod_0406,seller_025,88.67,39.93
order_004415,1,prod_0091,seller_032,268.22,20.18
order_004416,1,prod_0178,seller_022,35.9,29.84
order_004416,1,prod_0100,seller_022,217.84,34.4
order_004417,1,prod_0264,seller_006,231.78,29.56
order_004417,1,prod_0175,seller_006,128.37,19.23
order_004418,1,prod_0458,seller_034,248.09,22.68
order_004418,1,prod_0088,seller_034,64.21,6.0
order_004419,1,prod_0226,seller_035,256.36,13.26
order_004419,1,prod_0053,seller_035,215.11,19.34
order_004420,1,prod_0208,seller_010,24.13,25.74
order_004421,1,prod_0383,seller_008,357.36,14.58
order_004421,1,prod_0415,seller_008,23.31,25.86
order_004422,1,prod_0493,seller_024,117.9,8.45
order_004422,1,prod_0421,seller_024,310.39,25.94
order_004423,1,prod_0095,seller_015,171.82,19.33
order_004423,1,prod_0003,seller_015,345.85,41.98
order_004424,1,prod_0227,seller_004,188.83,10.75
order_004425,1,prod_0075,seller_026,250.06,28.26
order_004426,1,prod_0216,seller_004,360.9,29.21
order_004427,1,prod_0493,seller_034,32.65,42.6
order_004427,1,prod_0214,seller_034,296.35,20.42
order_004428,1,prod_0068,seller_020,167.47,8.49
order_004428,1,prod_0492,seller_020,386.57,39.61
order_004429,1,prod_0076,seller_039,78.35,7.32
order_004429,1,prod_0087,seller_039,311.64,10.11
order_004430,1,prod_0462,seller_029,375.05,22.76
order_004431,1,prod_0491,seller_013,257.51,29.46
order_004431,1,prod_0126,seller_013,83.69,8.11
order_004432,1,prod_0393,seller_011,395.52,44.01
order_004432,1,prod_0461,seller_011,217.92,32.03
order_004433,1,prod_0157,seller_022,239.26,12.58
order_004433,1,prod_0251,seller_022,319.8,8.25
order_004434,1,prod_0260,seller_037,126.99,18.29
order_004434,1,prod_0210,seller_037,351.84,5.54
order_004435,1,prod_0336,seller_038,342.81,9.07
order_004435,1,prod_0017,seller_038,61.17,6.69
order_004436,1,prod_0111,seller_028,172.02,15.66
order_004437,1,prod_0165,seller_006,21.38,20.09
order_004437,1,prod_0000,seller_006,169.62,40.62
order_004438,1,prod_0121,seller_024,397.33,8.22
order_004438,1,prod_0047,seller_024,355.41,12.76
order_004439,1,prod_0375,seller_025,219.64,15.23
order_004440,1,prod_0204,seller_029,161.43,37.49
order_004441,1,prod_0002,seller_024,69.21,26.08
order_004442,1,prod_0390,seller_024,378.49,9.25
order_004442,1,prod_0223,seller_024,240.21,44.65
order_004443,1,prod_0253,seller_017,315.14,12.69
order_004443,1,prod_0349,seller_017,16.04,15.5
order_004444,1,prod_0053,seller_029,206.56,43.22
order_004444,1,prod_0185,seller_029,35.36,34.65
order_004445,1,prod_0100,seller_010,220.56,23.53
order_004446,1,prod_0358,seller_034,336.23,30.0
order_004447,1,prod_0050,seller_013,36.63,6.34
order_004447,1,prod_0235,seller_013,206.31,12.23
order_004448,1,prod_0176,seller_001,45.38,42.39
order_004449,1,prod_0309,seller_004,118.4,26.88
order_004449,1,prod_0082,seller_004,160.06,44.92
order_004450,1,prod_0048,seller_032,266.77,8.04
order_004450,1,prod_0275,seller_032,202.76,28.18
order_004451,1,prod_0423,seller_032,209.9,40.83
order_004451,1,prod_0051,seller_032,105.55,39.74
order_004452,1,prod_0200,seller_001,153.33,40.44
order_004452,1,prod_0104,seller_001,132.06,35.23
order_004453,1,prod_0255,seller_004,379.98,42.75
order_004453,1,prod_0392,seller_004,58.75,29.07
order_004454,1,prod_0213,seller_017,179.67,18.84
order_004455,1,prod_0382,seller_026,367.98,11.27
order_004455,1,prod_0383,seller_026,46.73,24.99
order_004456,1,prod_0465,seller_025,96.8,11.68
order_004457,1,prod_0197,seller_021,21.07,26.56
order_004458,1,prod_0247,seller_002,65.77,42.06
order_004458,1,prod_0071,seller_002,68.88,9.69
order_004459,1,prod_0074,seller_036,160.5,15.16
order_004460,1,prod_0047,seller_018,253.31,16.27
order_004461,1,prod_0084,seller_004,166.95,21.48
order_004462,1,prod_0041,seller_027,274.39,29.81
order_004462,1,prod_0016,seller_027,240.2,36.17
order_004463,1,prod_0208,seller_008,99.5,10.16
order_004463,1,prod_0153,seller_008,116.14,31.64
order_004464,1,prod_0354,seller_028,126.54,39.12
order_004464,1,prod_0086,seller_028,229.49,19.24
order_004465,1,prod_0122,seller_028,96.33,39.86
order_004465,1,prod_0418,seller_028,176.53,17.31
order_004466,1,prod_0479,seller_038,252.39,38.89
order_004466,1,prod_0104,seller_038,324.41,16.77
order_004467,1,prod_0300,seller_004,111.97,36.86
order_004467,1,prod_0440,seller_004,143.07,22.89
order_004468,1,prod_0152,seller_006,379.43,28.7
order_004469,1,prod_0083,seller_003,104.55,33.5
order_004469,1,prod_0499,seller_003,138.72,41.09
order_004470,1,prod_0039,seller_007,77.3,8.67
order_004470,1,prod_0117,seller_007,164.14,21.64
order_004471,1,prod_0434,seller_019,397.72,9.69
order_004472,1,prod_0258,seller_035,152.22,26.4
order_004472,1,prod_0162,seller_035,259.68,35.1
order_004473,1,prod_0473,seller_019,57.83,36.45
order_004474,1,prod_0426,seller_006,378.95,7.68
order_004475,1,prod_0358,seller_008,180.98,13.26
order_004475,1,prod_0066,seller_008,60.93,28.68
order_004476,1,prod_0216,seller_009,308.6,6.9
order_004477,1,prod_0276,seller_024,211.42,23.8
order_004478,1,prod_0448,seller_012,209.07,34.71
order_004479,1,prod_0437,seller_014,366.48,39.33
order_004480,1,prod_0344,seller_030,79.89,20.14
order_004480,1,prod_0499,seller_030,165.55,13.54
order_004481,1,prod_0058,seller_000,273.56,40.46
order_004482,1,prod_0248,seller_023,327.16,24.7
order_004482,1,prod_0064,seller_023,273.27,5.41
order_004483,1,prod_0027,seller_001,224.77,5.44
order_004484,1,prod_0453,seller_010,337.53,23.65
order_004484,1,prod_0422,seller_010,327.44,28.66
order_004485,1,prod_0252,seller_028,90.53,10.67
order_004486,1,prod_0165,seller_023,98.26,17.93
order_004487,1,prod_0302,seller_032,353.45,21.44
order_004488,1,prod_0319,seller_028,263.09,36.15
order_004489,1,prod_0454,seller_010,220.49,31.39
order_004489,1,prod_0235,seller_010,18.94,19.57
order_004490,1,prod_0372,seller_002,78.95,15.77
order_004490,1,prod_0381,seller_002,286.07,17.04
order_004491,1,prod_0294,seller_007,278.77,8.83
order_004491,1,prod_0456,seller_007,309.63,31.25
order_004492,1,prod_0080,seller_008,91.43,18.23
order_004493,1,prod_0087,seller_017,151.27,8.08
order_004493,1,prod_0286,seller_017,174.76,41.97
order_004494,1,prod_0023,seller_034,359.52,15.47
order_004495,1,prod_0096,seller_005,80.56,27.91
order_004495,1,prod_0292,seller_005,371.35,18.81
order_004496,1,prod_0325,seller_015,136.09,34.3
order_004497,1,prod_0335,seller_010,308.7,13.3
order_004497,1,prod_0347,seller_010,129.04,5.0
order_004498,1,prod_0103,seller_029,326.53,19.25
order_004498,1,prod_0104,seller_029,213.2,36.0
order_004499,1,prod_0258,seller_013,125.18,35.45
order_004499,1,prod_0069,seller_013,293.98,26.73
order_004500,1,prod_0066,seller_001,76.2,37.56
order_004501,1,prod_0141,seller_023,143.25,10.35
order_004502,1,prod_0133,seller_013,31.36,12.79
order_004503,1,prod_0400,seller_032,29.34,39.72
order_004503,1,prod_0467,seller_032,67.24,14.48
order_004504,1,prod_0308,seller_022,78.01,6.61
order_004505,1,prod_0426,seller_031,344.36,44.74
order_004505,1,prod_0203,seller_031,15.71,27.62
order_004506,1,prod_0052,seller_003,198.12,12.89
order_004507,1,prod_0362,seller_017,223.07,43.86
order_004507,1,prod_0166,seller_017,352.0,44.88
order_004508,1,prod_0404,seller_038,312.26,25.74
order_004508,1,prod_0220,seller_038,129.58,9.36
order_004509,1,prod_0274,seller_028,115.7,22.27
order_004509,1,prod_0070,seller_028,168.17,41.1
order_004510,1,prod_0335,seller_026,351.79,42.18
order_004511,1,prod_0170,seller_039,356.58,21.7
order_004512,1,prod_0041,seller_003,336.37,28.41
order_004512,1,prod_0180,seller_003,254.33,42.45
order_004513,1,prod_0054,seller_039,57.81,8.16
order_004513,1,prod_0268,seller_039,24.07,19.64
order_004514,1,prod_0135,seller_024,290.29,16.69
order_004514,1,prod_0413,seller_024,377.07,39.45
order_004515,1,prod_0052,seller_037,374.98,24.9
order_004516,1,prod_0166,seller_017,106.43,26.4
order_004516,1,prod_0155,seller_017,122.02,25.49
order_004517,1,prod_0261,seller_006,297.36,39.57
order_004518,1,prod_0342,seller_008,224.99,14.38
order_004518,1,prod_0231,seller_008,206.76,29.34
order_004519,1,prod_0133,seller_014,26.59,13.8
order_004519,1,prod_0486,seller_014,371.21,33.67
order_004520,1,prod_0153,seller_027,205.64,8.61
order_004520,1,prod_0145,seller_027,217.34,39.44
order_004521,1,prod_0492,seller_037,71.54,14.37
order_004521,1,prod_0254,seller_037,231.42,12.6
order_004522,1,prod_0404,seller_009,210.19,34.53
order_004523,1,prod_0102,seller_023,185.45,9.09
order_004523,1,prod_0308,seller_023,182.17,12.88
order_004524,1,prod_0156,seller_021,239.21,40.44
order_004525,1,prod_0131,seller_008,367.31,7.47
order_004526,1,prod_0279,seller_006,359.33,32.35
order_004526,1,prod_0396,seller_006,228.02,13.05
order_004527,1,prod_0169,seller_032,129.42,31.99
order_004528,1,prod_0496,seller_010,100.15,43.29
order_004528,1,prod_0379,seller_010,208.71,15.51
order_004529,1,prod_0225,seller_014,87.99,34.71
order_004529,1,prod_0346,seller_014,274.81,14.78
order_004530,1,prod_0265,seller_035,41.36,28.72
order_004530,1,prod_0206,seller_035,200.47,31.83
order_004531,1,prod_0117,seller_002,160.16,43.91
order_004531,1,prod_0019,seller_002,199.11,9.06
order_004532,1,prod_0104,seller_011,202.79,40.7
order_004533,1,prod_0281,seller_025,133.51,14.29
order_004533,1,prod_0481,seller_025,54.96,39.12
order_004534,1,prod_0299,seller_018,47.89,13.7
order_004535,1,prod_0495,seller_014,108.23,24.38
order_004536,1,prod_0405,seller_006,151.64,32.5
order_004536,1,prod_0460,seller_006,178.01,41.55
order_004537,1,prod_0028,seller_039,117.9,5.19
order_004538,1,prod_0178,seller_009,396.97,28.11
order_004538,1,prod_0232,seller_009,38.19,9.42
order_004539,1,prod_0143,seller_029,55.83,8.07
order_004539,1,prod_0454,seller_029,94.03,16.2
order_004540,1,prod_0284,seller_003,283.23,36.59
order_004541,1,prod_0058,seller_031,39.94,42.73
order_004542,1,prod_0400,seller_004,392.06,5.97
order_004543,1,prod_0107,seller_011,105.62,37.58
order_004544,1,prod_0157,seller_036,80.82,7.67
order_004544,1,prod_0386,seller_036,193.08,22.79
order_004545,1,prod_0303,seller_022,278.5,44.34
order_004545,1,prod_0204,seller_022,74.13,22.44
order_004546,1,prod_0358,seller_035,248.65,26.3
order_004546,1,prod_0021,seller_035,126.45,14.56
order_004547,1,prod_0456,seller_037,232.77,15.75
order_004548,1,prod_0451,seller_039,283.09,37.42
order_004548,1,prod_0124,seller_039,367.93,18.78
order_004549,1,prod_0022,seller_026,56.09,32.86
order_004550,1,prod_0258,seller_028,341.45,13.01
order_004550,1,prod_0297,seller_028,291.78,28.99
order_004551,1,prod_0259,seller_034,141.94,31.5
order_004552,1,prod_0430,seller_019,84.91,18.55
order_004553,1,prod_0255,seller_017,290.46,19.79
order_004554,1,prod_0351,seller_038,399.1,29.07
order_004555,1,prod_0006,seller_037,389.95,25.76
order_004555,1,prod_0264,seller_037,84.51,35.81
order_004556,1,prod_0356,seller_037,243.71,22.87
order_004557,1,prod_0424,seller_029,360.36,20.63
order_004557,1,prod_0435,seller_029,313.82,38.92
order_004558,1,prod_0297,seller_037,282.25,17.26
order_004558,1,prod_0270,seller_037,77.79,10.68
order_004559,1,prod_0292,seller_001,369.21,34.81
order_004559,1,prod_0130,seller_001,120.84,36.78
order_004560,1,prod_0302,seller_029,80.76,21.85
order_004560,1,prod_0395,seller_029,331.36,9.13
order_004561,1,prod_0054,seller_000,268.54,10.15
order_004562,1,prod_0227,seller_016,178.16,19.42
order_004562,1,prod_0262,seller_016,168.68,39.15
order_004563,1,prod_0467,seller_025,250.71,42.57
order_004564,1,prod_0079,seller_015,374.96,15.26
order_004564,1,prod_0020,seller_015,261.2,26.91
order_004565,1,prod_0023,seller_030,263.37,40.56
order_004565,1,prod_0438,seller_030,329.98,44.64
order_004566,1,prod_0124,seller_026,353.91,44.09
order_004566,1,prod_0243,seller_026,197.49,31.71
order_004567,1,prod_0473,seller_036,359.88,44.63
order_004568,1,prod_0006,seller_018,367.34,15.95
order_004569,1,prod_0082,seller_025,290.24,41.55
order_004570,1,prod_0335,seller_039,216.39,29.01
order_004571,1,prod_0130,seller_029,296.17,29.88
order_004572,1,prod_0289,seller_009,218.4,14.25
order_004573,1,prod_0014,seller_004,73.85,14.4
order_004573,1,prod_0338,seller_004,391.57,21.26
order_004574,1,prod_0326,seller_029,202.68,23.0
order_004575,1,prod_0041,seller_030,67.46,39.7
order_004576,1,prod_0454,seller_001,266.57,7.49
order_004577,1,prod_0337,seller_024,369.6,21.37
order_004577,1,prod_0017,seller_024,83.76,44.25
order_004578,1,prod_0321,seller_013,178.67,5.17
order_004578,1,prod_0190,seller_013,327.18,13.72
order_004579,1,prod_0499,seller_023,223.53,23.25
order_004580,1,prod_0340,seller_032,36.86,7.25
order_004580,1,prod_0180,seller_032,94.6,11.15
order_004581,1,prod_0231,seller_029,228.35,13.02
order_004582,1,prod_0468,seller_025,241.49,26.6
order_004582,1,prod_0228,seller_025,200.53,37.11
order_004583,1,prod_0172,seller_014,50.04,12.27
order_004583,1,prod_0051,seller_014,19.56,34.91
order_004584,1,prod_0338,seller_036,168.18,27.06
order_004585,1,prod_0415,seller_035,353.87,33.51
order_004586,1,prod_0227,seller_037,22.33,12.96
order_004586,1,prod_0235,seller_037,372.23,28.92
order_004587,1,prod_0361,seller_021,38.33,14.49
order_004588,1,prod_0492,seller_034,130.11,24.0
order_004588,1,prod_0299,seller_034,390.28,18.79
order_004589,1,prod_0188,seller_026,177.13,10.62
order_004589,1,prod_0301,seller_026,87.2,6.02
order_004590,1,prod_0047,seller_025,62.69,31.62
order_004591,1,prod_0214,seller_023,353.56,35.13
order_004592,1,prod_0142,seller_009,379.5,38.41
order_004593,1,prod_0291,seller_034,365.07,39.31
order_004594,1,prod_0334,seller_005,276.75,29.17
order_004595,1,prod_0267,seller_037,394.47,22.11
order_004596,1,prod_0095,seller_016,281.55,5.27
order_004596,1,prod_0081,seller_016,122.86,6.57
order_004597,1,prod_0490,seller_032,181.59,42.91
order_004597,1,prod_0305,seller_032,187.72,23.97
order_004598,1,prod_0234,seller_003,172.57,39.14
order_004598,1,prod_0432,seller_003,260.23,13.89
order_004599,1,prod_0014,seller_025,186.27,9.79
order_004600,1,prod_0324,seller_034,56.01,23.51
order_004600,1,prod_0081,seller_034,147.99,6.81
order_004601,1,prod_0383,seller_009,265.28,16.41
order_004602,1,prod_0002,seller_013,141.23,29.38
order_004603,1,prod_0201,seller_032,355.2,26.03
order_004604,1,prod_0485,seller_035,194.74,5.3
order_004605,1,prod_0431,seller_006,70.54,30.81
order_004606,1,prod_0303,seller_021,328.84,5.97
order_004606,1,prod_0383,seller_021,200.72,26.45
order_004607,1,prod_0346,seller_010,311.95,17.45
order_004608,1,prod_0369,seller_003,86.37,41.89
order_004609,1,prod_0080,seller_013,381.5,27.85
order_004609,1,prod_0189,seller_013,90.54,36.87
order_004610,1,prod_0038,seller_000,238.15,44.21
order_004610,1,prod_0358,seller_000,205.08,39.67
order_004611,1,prod_0113,seller_024,215.6,38.54
order_004611,1,prod_0096,seller_024,143.44,38.95
order_004612,1,prod_0299,seller_037,332.2,9.63
order_004613,1,prod_0051,seller_004,114.7,5.11
order_004614,1,prod_0126,seller_000,189.37,7.39
order_004614,1,prod_0184,seller_000,288.19,38.18
order_004615,1,prod_0492,seller_004,110.47,13.35
order_004615,1,prod_0471,seller_004,268.71,41.05
order_004616,1,prod_0355,seller_004,312.11,23.47
order_004616,1,prod_0080,seller_004,234.12,19.33
order_004617,1,prod_0406,seller_009,36.68,27.25
order_004618,1,prod_0498,seller_011,33.44,25.63
order_004619,1,prod_0173,seller_033,388.95,11.68
order_004620,1,prod_0146,seller_038,307.15,34.39
order_004621,1,prod_0323,seller_020,197.27,23.34
order_004622,1,prod_0316,seller_000,179.43,38.28
order_004622,1,prod_0461,seller_000,144.0,31.44
order_004623,1,prod_0136,seller_009,225.17,44.0
order_004623,1,prod_0318,seller_009,173.82,14.39
order_004624,1,prod_0291,seller_002,44.13,34.4
order_004624,1,prod_0244,seller_002,290.99,39.62
order_004625,1,prod_0296,seller_012,108.1,18.94
order_004625,1,prod_0085,seller_012,199.91,38.58
order_004626,1,prod_0426,seller_030,139.71,38.14
order_004626,1,prod_0163,seller_030,269.09,23.01
order_004627,1,prod_0089,seller_032,192.54,28.81
order_004628,1,prod_0395,seller_022,191.13,15.23
order_004628,1,prod_0135,seller_022,314.28,42.49
order_004629,1,prod_0315,seller_026,268.7,31.38
order_004629,1,prod_0200,seller_026,183.93,34.61
order_004630,1,prod_0041,seller_023,204.42,9.1
order_004630,1,prod_0096,seller_023,48.49,19.45
order_004631,1,prod_0482,seller_020,261.3,40.75
order_004632,1,prod_0019,seller_029,187.95,41.25
order_004633,1,prod_0353,seller_037,229.94,22.76
order_004634,1,prod_0317,seller_020,97.75,35.03
order_004635,1,prod_0103,seller_020,260.4,38.87
order_004635,1,prod_0448,seller_020,247.89,24.69
order_004636,1,prod_0266,seller_014,85.35,35.05
order_004636,1,prod_0318,seller_014,166.93,33.15
order_004637,1,prod_0211,seller_013,302.58,14.81
order_004638,1,prod_0229,seller_030,156.34,24.85
order_004639,1,prod_0333,seller_034,197.87,27.55
order_004640,1,prod_0296,seller_019,250.67,29.68
order_004640,1,prod_0059,seller_019,207.31,42.64
order_004641,1,prod_0463,seller_033,184.21,18.98
order_004642,1,prod_0090,seller_004,246.53,32.33
order_004643,1,prod_0276,seller_031,106.92,36.23
order_004644,1,prod_0475,seller_031,78.29,41.64
order_004644,1,prod_0450,seller_031,222.16,22.95
order_004645,1,prod_0493,seller_028,232.13,41.96
order_004646,1,prod_0401,seller_022,30.27,37.46
order_004647,1,prod_0352,seller_032,81.24,9.12
order_004647,1,prod_0407,seller_032,79.14,40.47
order_004648,1,prod_0266,seller_005,207.3,20.89
order_004648,1,prod_0210,seller_005,85.53,22.57
order_004649,1,prod_0461,seller_035,236.71,39.36
order_004650,1,prod_0119,seller_032,77.82,42.6
order_004651,1,prod_0030,seller_017,295.83,34.55
order_004652,1,prod_0032,seller_012,362.5,25.98
order_004652,1,prod_0228,seller_012,165.53,26.29
order_004653,1,prod_0430,seller_020,342.32,24.4
order_004653,1,prod_0324,seller_020,188.39,42.03
order_004654,1,prod_0173,seller_009,335.31,12.09
order_004654,1,prod_0167,seller_009,340.87,36.23
order_004655,1,prod_0152,seller_003,327.03,5.94
order_004655,1,prod_0248,seller_003,130.42,34.24
order_004656,1,prod_0249,seller_000,261.94,40.93
order_004657,1,prod_0012,seller_034,83.44,5.77
order_004657,1,prod_0492,seller_034,164.71,26.13
order_004658,1,prod_0374,seller_027,373.62,19.24
order_004658,1,prod_0104,seller_027,293.19,42.72
order_004659,1,prod_0216,seller_033,352.67,42.78
order_004660,1,prod_0446,seller_008,194.72,15.44
order_004661,1,prod_0008,seller_026,311.83,13.43
order_004662,1,prod_0071,seller_004,111.98,33.96
order_004662,1,prod_0182,seller_004,146.12,37.38
order_004663,1,prod_0333,seller_001,124.17,19.57
order_004663,1,prod_0328,seller_001,194.47,44.07
order_004664,1,prod_0173,seller_027,371.48,38.92
order_004664,1,prod_0307,seller_027,28.48,32.47
order_004665,1,prod_0132,seller_033,99.91,28.57
order_004666,1,prod_0428,seller_008,59.52,15.09
order_004666,1,prod_0156,seller_008,130.11,37.63
order_004667,1,prod_0489,seller_037,212.71,23.55
order_004668,1,prod_0078,seller_001,259.01,36.77
order_004668,1,prod_0422,seller_001,104.56,6.03
order_004669,1,prod_0017,seller_026,153.77,32.03
order_004670,1,prod_0008,seller_010,27.59,29.77
order_004671,1,prod_0193,seller_039,197.58,40.06
order_004672,1,prod_0045,seller_032,47.09,27.84
order_004673,1,prod_0080,seller_039,28.23,15.9
order_004674,1,prod_0102,seller_037,25.66,20.6
order_004674,1,prod_0384,seller_037,139.03,38.49
order_004675,1,prod_0163,seller_009,119.76,9.47
order_004675,1,prod_0149,seller_009,201.36,15.05
order_004676,1,prod_0286,seller_011,285.65,19.27
order_004677,1,prod_0041,seller_033,232.15,19.19
order_004677,1,prod_0405,seller_033,172.94,32.7
order_004678,1,prod_0351,seller_025,371.69,34.46
order_004678,1,prod_0333,seller_025,225.43,40.92
order_004679,1,prod_0379,seller_036,250.07,43.51
order_004680,1,prod_0285,seller_016,123.59,10.49
order_004681,1,prod_0261,seller_035,161.34,11.93
order_004681,1,prod_0060,seller_035,130.32,39.34
order_004682,1,prod_0231,seller_011,210.23,23.25
order_004682,1,prod_0280,seller_011,312.78,38.43
order_004683,1,prod_0198,seller_026,176.39,42.27
order_004684,1,prod_0256,seller_016,308.64,27.01
order_004684,1,prod_0398,seller_016,359.18,41.13
order_004685,1,prod_0246,seller_007,101.68,36.91
order_004685,1,prod_0127,seller_007,22.19,34.47
order_004686,1,prod_0462,seller_033,177.14,12.55
order_004686,1,prod_0099,seller_033,256.38,25.23
order_004687,1,prod_0200,seller_018,100.3,39.39
order_004687,1,prod_0430,seller_018,79.72,33.74
order_004688,1,prod_0370,seller_008,395.19,33.44
order_004688,1,prod_0140,seller_008,310.28,39.0
order_004689,1,prod_0221,seller_011,148.37,23.71
order_004690,1,prod_0336,seller_013,319.32,30.34
order_004691,1,prod_0345,seller_006,267.67,20.3
order_004692,1,prod_0283,seller_013,194.98,8.37
order_004693,1,prod_0155,seller_011,375.7,22.09
order_004693,1,prod_0299,seller_011,117.9,10.43
order_004694,1,prod_0244,seller_032,208.38,39.34
order_004694,1,prod_0070,seller_032,306.59,27.71
order_004695,1,prod_0337,seller_016,263.61,13.34
order_004696,1,prod_0389,seller_006,334.54,24.6
order_004696,1,prod_0379,seller_006,150.75,27.89
order_004697,1,prod_0032,seller_001,310.12,31.8
order_004697,1,prod_0352,seller_001,119.92,19.44
order_004698,1,prod_0064,seller_007,138.11,11.66
order_004699,1,prod_0138,seller_019,220.85,39.44
order_004699,1,prod_0453,seller_019,131.67,6.73
order_004700,1,prod_0451,seller_029,271.28,43.37
order_004701,1,prod_0204,seller_031,158.63,16.27
order_004701,1,prod_0258,seller_031,248.64,32.71
order_004702,1,prod_0468,seller_002,296.61,9.5
order_004702,1,prod_0404,seller_002,187.02,12.21
order_004703,1,prod_0308,seller_030,214.77,5.73
order_004703,1,prod_0007,seller_030,247.72,25.34
order_004704,1,prod_0205,seller_016,25.97,13.72
order_004705,1,prod_0320,seller_034,355.03,23.88
order_004705,1,prod_0169,seller_034,237.84,34.93
order_004706,1,prod_0121,seller_006,85.21,19.7
order_004707,1,prod_0415,seller_012,358.54,13.51
order_004707,1,prod_0393,seller_012,364.83,40.41
order_004708,1,prod_0472,seller_031,298.39,5.56
order_004708,1,prod_0110,seller_031,369.87,12.96
order_004709,1,prod_0120,seller_009,358.62,23.25
order_004709,1,prod_0422,seller_009,292.26,23.69
order_004710,1,prod_0330,seller_034,84.82,23.08
order_004710,1,prod_0127,seller_034,294.57,32.31
order_004711,1,prod_0325,seller_026,160.47,20.83
order_004711,1,prod_0252,seller_026,325.39,31.02
order_004712,1,prod_0372,seller_022,359.77,20.11
order_004713,1,prod_0370,seller_032,64.55,34.24
order_004713,1,prod_0223,seller_032,34.62,16.39
order_004714,1,prod_0177,seller_023,73.32,23.75
order_004715,1,prod_0106,seller_011,118.11,36.52
order_004716,1,prod_0178,seller_029,209.87,34.93
order_004716,1,prod_0001,seller_029,243.81,14.03
order_004717,1,prod_0013,seller_036,303.33,10.82
order_004718,1,prod_0235,seller_000,182.68,25.09
order_004718,1,prod_0210,seller_000,398.03,31.95
order_004719,1,prod_0140,seller_010,257.25,35.68
order_004720,1,prod_0267,seller_002,311.84,21.28
order_004720,1,prod_0187,seller_002,298.88,5.67
order_004721,1,prod_0249,seller_017,171.29,21.04
order_004722,1,prod_0146,seller_002,77.08,37.35
order_004723,1,prod_0278,seller_003,394.08,23.84
order_004724,1,prod_0428,seller_033,171.98,42.49
order_004724,1,prod_0163,seller_033,91.94,19.93
order_004725,1,prod_0280,seller_004,290.22,18.5
order_004725,1,prod_0419,seller_004,266.18,33.09
order_004726,1,prod_0027,seller_010,209.1,29.31
order_004726,1,prod_0139,seller_010,78.71,36.7
order_004727,1,prod_0288,seller_023,89.67,27.47
order_004728,1,prod_0083,seller_016,316.89,10.92
order_004728,1,prod_0041,seller_016,17.71,20.53
order_004729,1,prod_0025,seller_005,24.64,36.09
order_004729,1,prod_0085,seller_005,109.65,35.21
order_004730,1,prod_0103,seller_036,245.8,26.63
order_004730,1,prod_0164,seller_036,31.78,6.36
order_004731,1,prod_0325,seller_038,291.58,30.18
order_004731,1,prod_0187,seller_038,241.71,33.0
order_004732,1,prod_0190,seller_016,314.54,31.97
order_004733,1,prod_0155,seller_009,139.44,39.47
order_004733,1,prod_0148,seller_009,361.46,41.5
order_004734,1,prod_0094,seller_035,248.9,5.63
order_004735,1,prod_0476,seller_032,94.86,17.14
order_004736,1,prod_0195,seller_034,47.25,41.84
order_004737,1,prod_0035,seller_017,317.64,25.68
order_004738,1,prod_0489,seller_009,63.66,29.82
order_004738,1,prod_0311,seller_009,144.51,11.82
order_004739,1,prod_0334,seller_028,22.99,15.08
order_004740,1,prod_0176,seller_000,46.97,19.17
order_004741,1,prod_0125,seller_028,180.02,21.3
order_004741,1,prod_0294,seller_028,132.79,7.85
order_004742,1,prod_0339,seller_004,332.04,23.95
order_004742,1,prod_0465,seller_004,120.11,43.17
order_004743,1,prod_0245,seller_023,293.13,44.85
order_004744,1,prod_0344,seller_002,264.31,37.27
order_004744,1,prod_0239,seller_002,101.73,11.52
order_004745,1,prod_0140,seller_028,169.55,21.55
order_004745,1,prod_0111,seller_028,330.79,15.58
order_004746,1,prod_0323,seller_039,298.18,29.92
order_004746,1,prod_0271,seller_039,283.71,13.73
order_004747,1,prod_0228,seller_008,173.03,6.0
order_004747,1,prod_0222,seller_008,161.94,12.15
order_004748,1,prod_0177,seller_029,365.08,7.61
order_004749,1,prod_0329,seller_003,246.14,37.96
order_004749,1,prod_0228,seller_003,389.04,24.61
order_004750,1,prod_0068,seller_025,115.28,16.14
order_004750,1,prod_0080,seller_025,202.28,42.08
order_004751,1,prod_0035,seller_027,354.14,42.34
order_004751,1,prod_0071,seller_027,165.55,10.09
order_004752,1,prod_0022,seller_039,73.12,28.24
order_004752,1,prod_0291,seller_039,377.02,15.3
order_004753,1,prod_0255,seller_038,205.1,24.54
order_004754,1,prod_0372,seller_008,330.35,38.73
order_004754,1,prod_0276,seller_008,253.93,27.07
order_004755,1,prod_0476,seller_033,391.46,43.61
order_004755,1,prod_0097,seller_033,122.5,44.95
order_004756,1,prod_0322,seller_028,143.83,15.9
order_004756,1,prod_0175,seller_028,171.89,27.94
order_004757,1,prod_0369,seller_005,194.78,25.35
order_004757,1,prod_0072,seller_005,257.28,7.74
order_004758,1,prod_0349,seller_036,320.29,34.14
order_004758,1,prod_0398,seller_036,344.65,8.88
order_004759,1,prod_0485,seller_032,230.92,13.67
order_004759,1,prod_0361,seller_032,341.44,15.6
order_004760,1,prod_0042,seller_010,396.7,20.23
order_004760,1,prod_0291,seller_010,109.6,22.73
order_004761,1,prod_0225,seller_000,213.28,42.69
order_004762,1,prod_0411,seller_017,215.22,36.3
order_004763,1,prod_0231,seller_033,338.41,16.04
order_004763,1,prod_0063,seller_033,92.25,11.66
order_004764,1,prod_0273,seller_005,25.05,23.26
order_004765,1,prod_0489,seller_006,110.56,11.7
order_004766,1,prod_0297,seller_014,265.89,11.23
order_004767,1,prod_0366,seller_023,175.69,33.9
order_004767,1,prod_0069,seller_023,132.43,5.47
order_004768,1,prod_0187,seller_010,297.45,43.43
order_004768,1,prod_0483,seller_010,143.56,11.23
order_004769,1,prod_0418,seller_020,95.25,32.55
order_004770,1,prod_0368,seller_017,385.91,26.14
order_004771,1,prod_0055,seller_036,67.72,33.52
order_004771,1,prod_0014,seller_036,98.18,28.31
order_004772,1,prod_0101,seller_010,353.49,41.76
order_004772,1,prod_0162,seller_010,119.88,9.42
order_004773,1,prod_0001,seller_019,94.73,34.94
order_004773,1,prod_0466,seller_019,309.17,21.64
order_004774,1,prod_0311,seller_008,321.67,44.85
order_004774,1,prod_0248,seller_008,181.39,37.75
order_004775,1,prod_0055,seller_026,79.37,38.25
order_004776,1,prod_0488,seller_008,282.92,44.59
order_004777,1,prod_0078,seller_031,205.47,36.71
order_004777,1,prod_0256,seller_031,73.78,17.58
order_004778,1,prod_0126,seller_011,218.92,42.94
order_004779,1,prod_0077,seller_032,247.74,20.44
order_004779,1,prod_0080,seller_032,132.92,26.99
order_004780,1,prod_0469,seller_024,43.57,12.52
order_004780,1,prod_0248,seller_024,15.18,12.42
order_004781,1,prod_0275,seller_005,63.91,23.85
order_004781,1,prod_0014,seller_005,31.29,5.85
order_004782,1,prod_0014,seller_004,33.74,14.77
order_004783,1,prod_0301,seller_012,359.33,7.78
order_004783,1,prod_0003,seller_012,171.29,38.96
order_004784,1,prod_0091,seller_000,290.57,36.7
order_004785,1,prod_0429,seller_038,258.18,42.25
order_004785,1,prod_0446,seller_038,34.41,13.56
order_004786,1,prod_0096,seller_001,184.21,33.81
order_004786,1,prod_0019,seller_001,54.8,36.8
order_004787,1,prod_0184,seller_012,118.27,31.83
order_004787,1,prod_0102,seller_012,143.42,17.36
order_004788,1,prod_0008,seller_018,15.91,8.42
order_004788,1,prod_0279,seller_018,250.98,16.36
order_004789,1,prod_0357,seller_034,57.52,7.1
order_004790,1,prod_0496,seller_010,277.23,44.97
order_004790,1,prod_0311,seller_010,170.88,14.21
order_004791,1,prod_0286,seller_003,309.63,32.51
order_004791,1,prod_0333,seller_003,306.78,13.34
order_004792,1,prod_0357,seller_003,370.6,27.9
order_004793,1,prod_0243,seller_029,48.0,34.57
order_004794,1,prod_0135,seller_039,118.66,38.12
order_004794,1,prod_0206,seller_039,286.38,20.04
order_004795,1,prod_0112,seller_019,219.6,5.34
order_004795,1,prod_0155,seller_019,247.6,7.84
order_004796,1,prod_0487,seller_011,133.33,13.31
order_004797,1,prod_0387,seller_001,81.28,21.71
order_004798,1,prod_0064,seller_024,272.63,40.62
order_004798,1,prod_0084,seller_024,264.21,13.17
order_004799,1,prod_0095,seller_005,262.41,40.07
order_004799,1,prod_0146,seller_005,353.26,30.19
order_004800,1,prod_0407,seller_028,206.59,24.74
order_004801,1,prod_0443,seller_021,240.25,34.41
order_004801,1,prod_0173,seller_021,249.85,6.23
order_004802,1,prod_0214,seller_021,356.21,24.6
order_004802,1,prod_0406,seller_021,175.45,37.75
order_004803,1,prod_0166,seller_000,91.39,7.86
order_004804,1,prod_0325,seller_016,265.81,44.47
order_004805,1,prod_0065,seller_018,273.93,35.69
order_004805,1,prod_0112,seller_018,260.85,12.51
order_004806,1,prod_0492,seller_015,264.76,42.97
order_004806,1,prod_0116,seller_015,236.37,22.48
order_004807,1,prod_0330,seller_022,96.17,5.79
order_004807,1,prod_0254,seller_022,98.93,39.01
order_004808,1,prod_0135,seller_036,121.68,24.92
order_004809,1,prod_0117,seller_007,109.89,32.19
order_004810,1,prod_0286,seller_010,261.34,15.79
order_004810,1,prod_0444,seller_010,390.15,8.53
order_004811,1,prod_0192,seller_009,135.42,15.18
order_004812,1,prod_0320,seller_004,256.5,34.5
order_004812,1,prod_0110,seller_004,15.53,11.75
order_004813,1,prod_0094,seller_000,152.92,12.63
order_004814,1,prod_0036,seller_034,110.22,37.78
order_004815,1,prod_0197,seller_031,399.14,32.72
order_004815,1,prod_0304,seller_031,359.05,22.08
order_004816,1,prod_0253,seller_035,19.56,43.79
order_004817,1,prod_0238,seller_021,315.89,10.81
order_004817,1,prod_0296,seller_021,173.09,29.98
order_004818,1,prod_0125,seller_011,353.31,43.48
order_004818,1,prod_0103,seller_011,201.96,8.38
order_004819,1,prod_0079,seller_006,145.17,11.87
order_004819,1,prod_0392,seller_006,85.06,11.41
order_004820,1,prod_0006,seller_035,140.25,35.16
order_004820,1,prod_0443,seller_035,48.58,37.04
order_004821,1,prod_0016,seller_034,17.63,26.05
order_004821,1,prod_0435,seller_034,62.29,8.86
order_004822,1,prod_0175,seller_000,231.18,6.77
order_004823,1,prod_0177,seller_017,359.53,16.78
order_004823,1,prod_0432,seller_017,264.88,9.45
order_004824,1,prod_0008,seller_002,242.43,31.74
order_004825,1,prod_0459,seller_019,26.6,41.13
order_004825,1,prod_0236,seller_019,211.65,44.06
order_004826,1,prod_0098,seller_035,210.48,34.17
order_004826,1,prod_0464,seller_035,175.52,11.9
order_004827,1,prod_0198,seller_010,246.88,42.91
order_004827,1,prod_0022,seller_010,51.93,30.42
order_004828,1,prod_0193,seller_038,94.04,7.27
order_004829,1,prod_0140,seller_028,30.67,21.23
order_004829,1,prod_0385,seller_028,315.05,43.7
order_004830,1,prod_0119,seller_014,65.78,44.16
order_004830,1,prod_0355,seller_014,324.53,15.58
order_004831,1,prod_0410,seller_028,381.6,29.19
order_004831,1,prod_0030,seller_028,215.62,44.64
order_004832,1,prod_0169,seller_026,200.5,29.89
order_004832,1,prod_0222,seller_026,97.6,14.54
order_004833,1,prod_0072,seller_015,49.69,28.52
order_004834,1,prod_0188,seller_032,363.0,41.6
order_004834,1,prod_0367,seller_032,64.53,31.32
order_004835,1,prod_0388,seller_031,216.51,15.57
order_004835,1,prod_0228,seller_031,234.34,31.99
order_004836,1,prod_0475,seller_005,375.55,10.65
order_004837,1,prod_0256,seller_039,29.57,36.27
order_004837,1,prod_0080,seller_039,190.6,14.78
order_004838,1,prod_0349,seller_005,20.06,30.18
order_004838,1,prod_0441,seller_005,123.47,43.98
order_004839,1,prod_0174,seller_004,237.05,25.85
order_004840,1,prod_0230,seller_036,144.37,6.51
order_004841,1,prod_0379,seller_003,222.57,43.24
order_004842,1,prod_0261,seller_028,360.5,26.11
order_004842,1,prod_0434,seller_028,285.26,15.59
order_004843,1,prod_0433,seller_010,170.82,20.85
order_004844,1,prod_0441,seller_032,258.06,25.13
order_004845,1,prod_0175,seller_036,76.78,38.11
order_004845,1,prod_0046,seller_036,213.97,42.03
order_004846,1,prod_0177,seller_022,84.66,38.01
order_004846,1,prod_0237,seller_022,356.82,15.5
order_004847,1,prod_0207,seller_000,19.21,17.68
order_004848,1,prod_0173,seller_029,61.37,31.78
order_004849,1,prod_0345,seller_028,278.76,28.89
order_004849,1,prod_0054,seller_028,259.57,6.69
order_004850,1,prod_0479,seller_012,26.56,40.83
order_004850,1,prod_0040,seller_012,161.08,26.94
order_004851,1,prod_0120,seller_002,375.0,44.2
order_004851,1,prod_0109,seller_002,197.11,5.45
order_004852,1,prod_0326,seller_010,21.59,34.37
order_004852,1,prod_0436,seller_010,224.97,34.25
order_004853,1,prod_0209,seller_029,255.1,26.74
order_004854,1,prod_0068,seller_012,88.79,11.85
order_004854,1,prod_0062,seller_012,171.9,6.52
order_004855,1,prod_0365,seller_005,340.58,11.06
order_004855,1,prod_0084,seller_005,205.75,39.96
order_004856,1,prod_0318,seller_001,294.23,37.29
order_004857,1,prod_0105,seller_022,110.1,38.97
order_004857,1,prod_0328,seller_022,167.79,23.77
order_004858,1,prod_0029,seller_018,72.44,9.09
order_004858,1,prod_0131,seller_018,265.63,5.68
order_004859,1,prod_0147,seller_002,152.16,20.87
order_004860,1,prod_0092,seller_032,143.17,26.94
order_004860,1,prod_0380,seller_032,393.04,33.65
order_004861,1,prod_0357,seller_034,30.37,36.73
order_004862,1,prod_0203,seller_018,224.43,14.2
order_004863,1,prod_0322,seller_018,171.11,5.96
order_004864,1,prod_0384,seller_039,17.79,14.22
order_004864,1,prod_0082,seller_039,267.42,14.82
order_004865,1,prod_0020,seller_039,89.69,28.61
order_004866,1,prod_0453,seller_021,224.19,37.85
order_004867,1,prod_0126,seller_016,172.76,5.85
order_004867,1,prod_0217,seller_016,265.75,15.08
order_004868,1,prod_0147,seller_018,77.67,16.41
order_004869,1,prod_0166,seller_012,89.39,37.39
order_004869,1,prod_0412,seller_012,261.61,14.51
order_004870,1,prod_0068,seller_030,318.0,27.89
order_004871,1,prod_0397,seller_029,121.08,41.71
order_004872,1,prod_0009,seller_037,176.37,33.23
order_004872,1,prod_0090,seller_037,255.77,39.97
order_004873,1,prod_0164,seller_008,283.35,37.1
order_004873,1,prod_0384,seller_008,172.78,25.07
order_004874,1,prod_0245,seller_020,333.1,41.65
order_004874,1,prod_0269,seller_020,134.02,18.27
order_004875,1,prod_0489,seller_005,38.18,41.22
order_004875,1,prod_0423,seller_005,113.87,18.11
order_004876,1,prod_0067,seller_023,50.94,27.53
order_004877,1,prod_0038,seller_039,362.83,14.38
order_004877,1,prod_0205,seller_039,379.88,39.69
order_004878,1,prod_0039,seller_015,142.7,18.12
order_004878,1,prod_0200,seller_015,77.0,13.91
order_004879,1,prod_0047,seller_036,44.07,19.0
order_004880,1,prod_0218,seller_007,130.25,34.68
order_004880,1,prod_0490,seller_007,39.42,41.75
order_004881,1,prod_0061,seller_022,114.93,12.67
order_004881,1,prod_0159,seller_022,265.01,39.64
order_004882,1,prod_0423,seller_006,377.49,43.83
order_004883,1,prod_0262,seller_027,134.94,40.89
order_004884,1,prod_0404,seller_039,16.72,17.19
order_004885,1,prod_0144,seller_007,325.75,35.5
order_004886,1,prod_0130,seller_005,192.54,34.84
order_004886,1,prod_0482,seller_005,61.96,43.23
order_004887,1,prod_0273,seller_032,327.83,39.54
order_004887,1,prod_0307,seller_032,33.05,22.91
order_004888,1,prod_0310,seller_028,88.17,42.49
order_004888,1,prod_0170,seller_028,16.44,39.86
order_004889,1,prod_0472,seller_027,316.62,19.73
order_004889,1,prod_0340,seller_027,146.92,8.46
order_004890,1,prod_0479,seller_011,392.79,21.69
order_004891,1,prod_0331,seller_027,133.41,42.01
order_004892,1,prod_0391,seller_034,126.88,38.84
order_004892,1,prod_0077,seller_034,165.89,31.82
order_004893,1,prod_0204,seller_036,332.01,21.82
order_004894,1,prod_0205,seller_033,285.72,24.97
order_004894,1,prod_0433,seller_033,343.04,34.53
order_004895,1,prod_0421,seller_001,58.44,19.13
order_004896,1,prod_0320,seller_024,163.52,11.17
order_004896,1,prod_0175,seller_024,390.72,14.58
order_004897,1,prod_0073,seller_034,102.8,10.64
order_004897,1,prod_0297,seller_034,241.19,31.48
order_004898,1,prod_0341,seller_026,176.23,39.26
order_004898,1,prod_0183,seller_026,144.27,40.77
order_004899,1,prod_0087,seller_031,325.04,22.67
order_004899,1,prod_0385,seller_031,150.31,44.02
order_004900,1,prod_0414,seller_034,118.3,26.03
order_004901,1,prod_0169,seller_033,353.77,13.06
order_004902,1,prod_0244,seller_038,75.28,18.98
order_004903,1,prod_0404,seller_003,269.4,19.97
order_004903,1,prod_0314,seller_003,252.6,32.58
order_004904,1,prod_0049,seller_026,144.13,25.24
order_004905,1,prod_0433,seller_028,352.34,36.62
order_004906,1,prod_0494,seller_018,107.37,37.87
order_004907,1,prod_0361,seller_007,111.61,14.95
order_004907,1,prod_0426,seller_007,301.92,30.55
order_004908,1,prod_0396,seller_016,215.82,6.14
order_004909,1,prod_0469,seller_005,86.42,13.78
order_004909,1,prod_0395,seller_005,370.1,40.27
order_004910,1,prod_0262,seller_002,383.75,43.37
order_004910,1,prod_0131,seller_002,368.22,19.29
order_004911,1,prod_0036,seller_034,183.48,22.26
order_004911,1,prod_0474,seller_034,213.11,41.47
order_004912,1,prod_0350,seller_020,354.13,25.36
order_004912,1,prod_0489,seller_020,373.41,20.08
order_004913,1,prod_0489,seller_012,48.23,42.75
order_004913,1,prod_0033,seller_012,335.01,5.03
order_004914,1,prod_0392,seller_019,133.44,15.5
order_004914,1,prod_0151,seller_019,52.39,28.72
order_004915,1,prod_0483,seller_012,287.78,21.78
order_004916,1,prod_0304,seller_020,21.72,16.06
order_004916,1,prod_0248,seller_020,185.1,6.91
order_004917,1,prod_0035,seller_017,61.63,39.1
order_004917,1,prod_0139,seller_017,242.71,42.89
order_004918,1,prod_0359,seller_038,303.24,19.18
order_004919,1,prod_0104,seller_025,62.73,40.03
order_004920,1,prod_0414,seller_006,198.27,16.52
order_004921,1,prod_0378,seller_013,368.9,9.58
order_004921,1,prod_0461,seller_013,79.59,24.62
order_004922,1,prod_0093,seller_000,241.42,19.41
order_004923,1,prod_0316,seller_017,137.44,43.37
order_004923,1,prod_0254,seller_017,362.43,23.78
order_004924,1,prod_0066,seller_031,327.64,20.49
order_004925,1,prod_0156,seller_008,81.94,28.04
order_004926,1,prod_0190,seller_009,190.48,23.12
order_004926,1,prod_0151,seller_009,288.14,14.09
order_004927,1,prod_0173,seller_005,73.9,19.43
order_004928,1,prod_0066,seller_031,277.96,7.6
order_004929,1,prod_0291,seller_022,165.32,44.05
order_004930,1,prod_0359,seller_025,297.53,14.64
order_004930,1,prod_0143,seller_025,351.09,22.56
order_004931,1,prod_0294,seller_029,253.32,6.33
order_004932,1,prod_0447,seller_016,163.37,8.08
order_004933,1,prod_0409,seller_034,338.47,18.5
order_004933,1,prod_0401,seller_034,186.48,14.06
order_004934,1,prod_0069,seller_005,380.8,33.29
order_004935,1,prod_0153,seller_000,220.04,32.25
order_004936,1,prod_0485,seller_023,328.11,42.19
order_004936,1,prod_0227,seller_023,47.19,5.79
order_004937,1,prod_0382,seller_010,140.12,43.48
order_004937,1,prod_0208,seller_010,171.22,13.36
order_004938,1,prod_0202,seller_022,347.24,10.47
order_004938,1,prod_0136,seller_022,98.74,14.75
order_004939,1,prod_0426,seller_014,34.57,7.73
order_004940,1,prod_0465,seller_028,248.57,9.2
order_004940,1,prod_0428,seller_028,67.44,29.55
order_004941,1,prod_0094,seller_036,388.06,41.75
order_004942,1,prod_0018,seller_008,232.45,14.21
order_004942,1,prod_0327,seller_008,20.83,34.04
order_004943,1,prod_0129,seller_010,393.48,22.77
order_004943,1,prod_0144,seller_010,236.53,26.07
order_004944,1,prod_0239,seller_001,92.93,21.68
order_004944,1,prod_0415,seller_001,280.56,30.09
order_004945,1,prod_0039,seller_034,378.26,36.68
order_004945,1,prod_0422,seller_034,289.38,17.16
order_004946,1,prod_0012,seller_000,65.79,20.38
order_004947,1,prod_0007,seller_006,391.69,14.71
order_004947,1,prod_0209,seller_006,74.89,24.69
order_004948,1,prod_0184,seller_009,153.17,12.48
order_004949,1,prod_0227,seller_034,204.83,10.34
order_004949,1,prod_0245,seller_034,387.62,19.3
order_004950,1,prod_0332,seller_015,178.98,35.45
order_004951,1,prod_0425,seller_031,172.07,22.89
order_004952,1,prod_0034,seller_003,183.62,38.75
order_004952,1,prod_0429,seller_003,344.12,43.03
order_004953,1,prod_0059,seller_023,381.68,31.36
order_004954,1,prod_0403,seller_021,26.36,29.18
order_004955,1,prod_0297,seller_035,162.05,44.16
order_004955,1,prod_0162,seller_035,77.4,8.54
order_004956,1,prod_0135,seller_032,89.34,20.64
order_004956,1,prod_0001,seller_032,245.18,29.84
order_004957,1,prod_0482,seller_001,116.28,35.17
order_004957,1,prod_0208,seller_001,153.74,23.14
order_004958,1,prod_0094,seller_003,340.78,35.58
order_004958,1,prod_0183,seller_003,104.53,30.88
order_004959,1,prod_0283,seller_031,134.48,9.08
order_004959,1,prod_0382,seller_031,244.69,10.25
order_004960,1,prod_0401,seller_010,395.18,31.61
order_004960,1,prod_0371,seller_010,23.23,10.96
order_004961,1,prod_0428,seller_006,134.65,13.41
order_004962,1,prod_0219,seller_026,27.07,31.97
order_004963,1,prod_0191,seller_032,312.36,43.94
order_004964,1,prod_0145,seller_006,227.34,23.0
order_004965,1,prod_0427,seller_009,398.36,24.82
order_004965,1,prod_0466,seller_009,82.22,17.39
order_004966,1,prod_0267,seller_037,298.64,29.13
order_004966,1,prod_0291,seller_037,152.25,29.57
order_004967,1,prod_0419,seller_016,226.7,34.39
order_004967,1,prod_0105,seller_016,74.74,40.15
order_004968,1,prod_0098,seller_004,219.08,18.3
order_004969,1,prod_0003,seller_025,265.62,7.78
order_004970,1,prod_0354,seller_036,131.45,6.11
order_004971,1,prod_0074,seller_039,347.16,25.82
order_004972,1,prod_0318,seller_029,249.64,19.69
order_004973,1,prod_0185,seller_005,315.01,31.14
order_004974,1,prod_0355,seller_035,316.12,40.39
order_004975,1,prod_0453,seller_039,151.87,42.62
order_004975,1,prod_0193,seller_039,150.19,21.31
order_004976,1,prod_0449,seller_017,319.54,16.0
order_004977,1,prod_0134,seller_014,333.02,43.96
order_004978,1,prod_0333,seller_001,248.41,6.45
order_004979,1,prod_0329,seller_025,376.76,33.48
order_004979,1,prod_0217,seller_025,134.13,43.16
order_004980,1,prod_0096,seller_000,43.84,6.4
order_004981,1,prod_0165,seller_014,251.97,12.7
order_004981,1,prod_0301,seller_014,345.37,8.38
order_004982,1,prod_0378,seller_034,371.29,23.52
order_004982,1,prod_0222,seller_034,341.09,39.15
order_004983,1,prod_0477,seller_027,83.72,32.1
order_004983,1,prod_0036,seller_027,257.38,25.98
order_004984,1,prod_0374,seller_038,156.6,41.23
order_004984,1,prod_0093,seller_038,272.97,6.25
order_004985,1,prod_0381,seller_038,232.6,17.52
order_004986,1,prod_0270,seller_032,345.39,7.95
order_004986,1,prod_0344,seller_032,303.8,43.56
order_004987,1,prod_0277,seller_015,104.85,43.33
order_004988,1,prod_0099,seller_013,365.46,26.35
order_004989,1,prod_0206,seller_008,336.82,11.22
order_004989,1,prod_0447,seller_008,84.86,16.74
order_004990,1,prod_0017,seller_012,305.44,39.77
order_004990,1,prod_0089,seller_012,265.3,29.26
order_004991,1,prod_0481,seller_039,58.06,28.59
order_004992,1,prod_0339,seller_007,208.4,10.99
order_004992,1,prod_0121,seller_007,395.89,20.31
order_004993,1,prod_0048,seller_037,35.44,26.64
order_004993,1,prod_0330,seller_037,206.64,32.48
order_004994,1,prod_0465,seller_030,115.03,10.7
order_004995,1,prod_0366,seller_034,145.97,33.49
order_004996,1,prod_0308,seller_035,394.58,33.12
order_004997,1,prod_0311,seller_030,153.93,42.97
order_004997,1,prod_0194,seller_030,350.29,30.43
order_004998,1,prod_0035,seller_031,319.94,21.87
order_004998,1,prod_0177,seller_031,345.42,29.57
order_004999,1,prod_0438,seller_039,67.82,24.98
order_005000,1,prod_0283,seller_013,148.71,13.79
order_005000,1,prod_0080,seller_013,393.48,11.01
order_005001,1,prod_0055,seller_038,238.22,29.6
order_005001,1,prod_0318,seller_038,273.3,40.09
order_005002,1,prod_0455,seller_027,22.28,44.46
order_005002,1,prod_0224,seller_027,69.48,25.36
order_005003,1,prod_0306,seller_014,299.65,32.0
order_005004,1,prod_0372,seller_006,209.27,12.69
order_005004,1,prod_0071,seller_006,183.04,36.62
order_005005,1,prod_0365,seller_011,339.91,21.38
order_005006,1,prod_0247,seller_015,322.22,19.08
order_005007,1,prod_0076,seller_004,151.37,30.76
order_005008,1,prod_0236,seller_017,55.46,8.41
order_005008,1,prod_0415,seller_017,204.2,44.34
order_005009,1,prod_0428,seller_010,127.27,22.08
order_005010,1,prod_0148,seller_012,278.41,7.4
order_005010,1,prod_0101,seller_012,221.78,11.38
order_005011,1,prod_0374,seller_026,41.27,17.94
order_005011,1,prod_0359,seller_026,93.22,20.54
order_005012,1,prod_0145,seller_036,199.11,38.54
order_005012,1,prod_0123,seller_036,160.74,8.94
order_005013,1,prod_0083,seller_028,256.55,11.66
order_005014,1,prod_0434,seller_013,90.79,29.49
order_005014,1,prod_0106,seller_013,330.59,15.11
order_005015,1,prod_0170,seller_007,149.01,31.19
order_005016,1,prod_0232,seller_038,373.13,16.83
order_005017,1,prod_0261,seller_003,244.19,22.6
order_005018,1,prod_0442,seller_032,67.24,6.2
order_005019,1,prod_0479,seller_033,252.06,35.91
order_005019,1,prod_0230,seller_033,325.09,18.07
order_005020,1,prod_0113,seller_033,219.59,39.11
order_005020,1,prod_0005,seller_033,175.18,32.35
order_005021,1,prod_0368,seller_033,20.85,13.29
order_005022,1,prod_0410,seller_010,156.44,12.26
order_005022,1,prod_0284,seller_010,69.87,25.96
order_005023,1,prod_0372,seller_004,43.0,40.22
order_005023,1,prod_0279,seller_004,261.99,29.79
order_005024,1,prod_0180,seller_021,32.67,20.12
order_005025,1,prod_0194,seller_033,382.54,7.53
order_005026,1,prod_0194,seller_025,194.02,44.53
order_005027,1,prod_0336,seller_014,224.87,33.52
order_005027,1,prod_0095,seller_014,123.51,40.59
order_005028,1,prod_0147,seller_034,368.49,26.73
order_005028,1,prod_0308,seller_034,368.56,39.81
order_005029,1,prod_0182,seller_015,152.92,19.21
order_005030,1,prod_0231,seller_014,84.22,34.79
order_005030,1,prod_0447,seller_014,106.82,27.68
order_005031,1,prod_0482,seller_031,291.99,29.37
order_005032,1,prod_0404,seller_003,99.35,13.75
order_005033,1,prod_0351,seller_017,273.23,21.15
order_005034,1,prod_0209,seller_019,142.09,15.8
order_005035,1,prod_0322,seller_000,92.6,13.86
order_005036,1,prod_0100,seller_037,78.9,44.28
order_005036,1,prod_0068,seller_037,236.96,26.98
order_005037,1,prod_0394,seller_029,169.86,39.89
order_005038,1,prod_0354,seller_034,32.58,11.4
order_005038,1,prod_0017,seller_034,367.1,17.15
order_005039,1,prod_0126,seller_029,28.64,8.74
order_005039,1,prod_0045,seller_029,267.23,13.03
order_005040,1,prod_0343,seller_010,61.42,38.05
order_005040,1,prod_0476,seller_010,49.42,33.31
order_005041,1,prod_0224,seller_019,315.75,25.81
order_005042,1,prod_0078,seller_016,144.38,37.74
order_005043,1,prod_0083,seller_003,240.18,34.35
order_005043,1,prod_0064,seller_003,282.85,5.46
order_005044,1,prod_0234,seller_002,340.54,9.2
order_005044,1,prod_0147,seller_002,58.63,30.48
order_005045,1,prod_0409,seller_010,17.81,33.6
order_005046,1,prod_0232,seller_034,208.37,34.22
order_005047,1,prod_0324,seller_014,71.23,30.74
order_005048,1,prod_0156,seller_002,47.03,6.9
order_005049,1,prod_0085,seller_003,30.89,33.25
order_005049,1,prod_0019,seller_003,166.64,7.16
order_005050,1,prod_0274,seller_000,102.07,36.02
order_005051,1,prod_0109,seller_017,379.11,38.97
order_005051,1,prod_0160,seller_017,216.93,30.6
order_005052,1,prod_0289,seller_032,20.5,10.08
order_005052,1,prod_0187,seller_032,75.53,34.24
order_005053,1,prod_0262,seller_003,165.54,43.53
order_005054,1,prod_0322,seller_014,372.24,14.92
order_005054,1,prod_0130,seller_014,168.71,39.85
order_005055,1,prod_0420,seller_034,350.43,27.9
order_005056,1,prod_0436,seller_005,65.75,42.04
order_005057,1,prod_0149,seller_003,138.98,40.49
order_005058,1,prod_0180,seller_001,21.24,43.73
order_005059,1,prod_0435,seller_009,73.98,14.34
order_005060,1,prod_0343,seller_002,170.89,26.38
order_005061,1,prod_0470,seller_005,241.08,6.91
order_005062,1,prod_0216,seller_020,360.57,21.9
order_005063,1,prod_0268,seller_024,233.11,10.54
order_005063,1,prod_0271,seller_024,271.95,35.67
order_005064,1,prod_0170,seller_011,384.1,22.72
order_005065,1,prod_0258,seller_029,306.11,28.19
order_005066,1,prod_0398,seller_031,369.56,12.13
order_005067,1,prod_0256,seller_039,351.13,15.37
order_005068,1,prod_0076,seller_020,27.29,16.66
order_005068,1,prod_0299,seller_020,152.31,11.43
order_005069,1,prod_0374,seller_021,324.48,16.52
order_005070,1,prod_0067,seller_025,105.32,13.86
order_005070,1,prod_0287,seller_025,156.57,26.51
order_005071,1,prod_0261,seller_025,145.59,11.88
order_005071,1,prod_0265,seller_025,369.37,22.98
order_005072,1,prod_0057,seller_036,258.43,19.44
order_005072,1,prod_0234,seller_036,258.95,34.12
order_005073,1,prod_0154,seller_011,396.02,10.34
order_005073,1,prod_0051,seller_011,27.1,40.96
order_005074,1,prod_0226,seller_028,139.01,6.03
order_005074,1,prod_0327,seller_028,321.99,6.91
order_005075,1,prod_0135,seller_036,31.93,13.87
order_005075,1,prod_0140,seller_036,186.89,36.09
order_005076,1,prod_0227,seller_022,119.03,12.5
order_005077,1,prod_0071,seller_008,281.34,24.04
order_005078,1,prod_0090,seller_031,270.83,24.27
order_005079,1,prod_0015,seller_023,237.59,21.1
order_005079,1,prod_0369,seller_023,300.8,22.32
order_005080,1,prod_0462,seller_027,124.35,30.14
order_005080,1,prod_0199,seller_027,324.48,34.73
order_005081,1,prod_0368,seller_011,60.36,16.97
order_005082,1,prod_0278,seller_004,335.42,8.12
order_005082,1,prod_0240,seller_004,96.54,5.04
order_005083,1,prod_0266,seller_003,110.8,24.61
order_005084,1,prod_0477,seller_027,136.82,34.16
order_005084,1,prod_0152,seller_027,115.94,24.31
order_005085,1,prod_0427,seller_011,66.3,37.52
order_005086,1,prod_0034,seller_002,216.69,24.11
order_005087,1,prod_0375,seller_014,120.67,22.91
order_005087,1,prod_0347,seller_014,128.32,9.48
order_005088,1,prod_0471,seller_002,389.15,36.78
order_005088,1,prod_0177,seller_002,141.59,40.33
order_005089,1,prod_0310,seller_027,278.84,7.02
order_005089,1,prod_0438,seller_027,124.44,38.43
order_005090,1,prod_0393,seller_016,341.3,20.17
order_005090,1,prod_0447,seller_016,390.46,20.13
order_005091,1,prod_0117,seller_016,197.76,16.77
order_005091,1,prod_0483,seller_016,187.76,7.19
order_005092,1,prod_0214,seller_032,15.38,25.47
order_005093,1,prod_0060,seller_015,333.91,30.97
order_005093,1,prod_0316,seller_015,88.52,38.41
order_005094,1,prod_0367,seller_020,230.59,39.81
order_005095,1,prod_0087,seller_003,357.41,13.6
order_005095,1,prod_0114,seller_003,352.44,32.12
order_005096,1,prod_0321,seller_018,171.91,25.55
order_005096,1,prod_0218,seller_018,363.44,41.84
order_005097,1,prod_0307,seller_004,379.11,12.23
order_005098,1,prod_0192,seller_010,137.26,11.89
order_005099,1,prod_0319,seller_015,87.39,35.54
order_005100,1,prod_0486,seller_012,79.02,7.17
order_005101,1,prod_0236,seller_011,361.02,29.71
order_005102,1,prod_0491,seller_017,283.47,31.86
order_005103,1,prod_0279,seller_004,157.62,40.39
order_005103,1,prod_0290,seller_004,110.85,35.81
order_005104,1,prod_0104,seller_015,110.45,13.2
order_005104,1,prod_0154,seller_015,291.59,42.7
order_005105,1,prod_0444,seller_008,264.98,22.13
order_005105,1,prod_0052,seller_008,42.97,17.06
order_005106,1,prod_0228,seller_021,328.55,27.63
order_005107,1,prod_0103,seller_018,162.08,17.9
order_005107,1,prod_0093,seller_018,293.05,8.61
order_005108,1,prod_0066,seller_013,241.31,17.8
order_005109,1,prod_0125,seller_006,372.0,9.05
order_005109,1,prod_0285,seller_006,270.41,6.49
order_005110,1,prod_0160,seller_011,377.75,16.15
order_005111,1,prod_0302,seller_037,382.75,36.32
order_005111,1,prod_0104,seller_037,345.05,17.73
order_005112,1,prod_0434,seller_018,30.43,31.36
order_005113,1,prod_0449,seller_003,255.75,44.24
order_005113,1,prod_0465,seller_003,321.78,32.17
order_005114,1,prod_0172,seller_039,240.11,5.64
order_005115,1,prod_0449,seller_012,220.48,42.11
order_005116,1,prod_0430,seller_022,203.12,6.18
order_005117,1,prod_0066,seller_037,89.93,40.25
order_005117,1,prod_0344,seller_037,375.15,16.54
order_005118,1,prod_0427,seller_007,87.0,40.66
order_005119,1,prod_0482,seller_036,117.72,38.64
order_005119,1,prod_0072,seller_036,272.76,20.39
order_005120,1,prod_0337,seller_021,83.33,12.63
order_005121,1,prod_0476,seller_017,167.17,32.61
order_005122,1,prod_0380,seller_003,58.29,18.23
order_005122,1,prod_0047,seller_003,294.81,28.08
order_005123,1,prod_0266,seller_006,389.28,9.44
order_005123,1,prod_0486,seller_006,190.4,28.69
order_005124,1,prod_0325,seller_009,363.25,9.25
order_005124,1,prod_0294,seller_009,36.05,42.73
order_005125,1,prod_0407,seller_037,342.38,9.97
order_005125,1,prod_0078,seller_037,152.38,12.13
order_005126,1,prod_0368,seller_008,232.79,40.28
order_005127,1,prod_0249,seller_006,271.5,20.06
order_005127,1,prod_0115,seller_006,250.86,16.55
order_005128,1,prod_0064,seller_002,137.18,7.33
order_005129,1,prod_0418,seller_003,248.7,42.81
order_005129,1,prod_0002,seller_003,372.75,20.98
order_005130,1,prod_0044,seller_038,379.26,39.82
order_005131,1,prod_0063,seller_028,53.8,16.12
order_005132,1,prod_0215,seller_033,283.88,17.05
order_005133,1,prod_0165,seller_022,37.82,12.51
order_005134,1,prod_0035,seller_027,165.61,6.48
order_005134,1,prod_0450,seller_027,248.9,30.11
order_005135,1,prod_0404,seller_029,367.09,40.37
order_005135,1,prod_0135,seller_029,329.22,29.87
order_005136,1,prod_0069,seller_008,158.22,33.18
order_005136,1,prod_0344,seller_008,110.55,39.62
order_005137,1,prod_0044,seller_009,172.3,40.19
order_005138,1,prod_0309,seller_032,63.3,32.62
order_005138,1,prod_0028,seller_032,177.92,23.93
order_005139,1,prod_0265,seller_017,276.06,43.82
order_005139,1,prod_0161,seller_017,276.21,36.45
order_005140,1,prod_0234,seller_015,281.13,17.92
order_005140,1,prod_0078,seller_015,122.02,7.06
order_005141,1,prod_0386,seller_010,187.33,35.68
order_005141,1,prod_0151,seller_010,262.15,34.24
order_005142,1,prod_0224,seller_008,399.72,26.97
order_005143,1,prod_0252,seller_037,133.02,11.61
order_005144,1,prod_0455,seller_022,95.92,15.82
order_005144,1,prod_0081,seller_022,75.73,44.96
order_005145,1,prod_0171,seller_012,98.44,22.99
order_005145,1,prod_0396,seller_012,394.05,10.8
order_005146,1,prod_0180,seller_016,48.55,36.7
order_005147,1,prod_0264,seller_039,55.01,9.69
order_005147,1,prod_0398,seller_039,284.61,7.03
order_005148,1,prod_0344,seller_034,316.48,38.26
order_005148,1,prod_0375,seller_034,80.58,42.67
order_005149,1,prod_0421,seller_033,34.07,30.9
order_005149,1,prod_0204,seller_033,275.72,23.92
order_005150,1,prod_0437,seller_008,287.69,15.3
order_005151,1,prod_0375,seller_036,113.22,20.22
order_005152,1,prod_0233,seller_015,373.06,28.12
order_005152,1,prod_0292,seller_015,191.12,22.96
order_005153,1,prod_0199,seller_036,111.5,28.66
order_005154,1,prod_0011,seller_018,314.59,35.31
order_005155,1,prod_0123,seller_006,365.62,42.04
order_005155,1,prod_0021,seller_006,322.43,14.99
order_005156,1,prod_0083,seller_005,28.86,15.63
order_005157,1,prod_0250,seller_005,139.09,38.23
order_005158,1,prod_0452,seller_001,189.67,42.44
order_005158,1,prod_0050,seller_001,380.14,9.35
order_005159,1,prod_0171,seller_035,134.72,37.58
order_005160,1,prod_0280,seller_018,196.1,10.45
order_005161,1,prod_0460,seller_014,269.01,25.15
order_005161,1,prod_0331,seller_014,305.77,36.89
order_005162,1,prod_0235,seller_011,31.24,37.21
order_005162,1,prod_0317,seller_011,186.4,40.41
order_005163,1,prod_0240,seller_015,204.56,32.06
order_005164,1,prod_0287,seller_025,236.54,36.92
order_005165,1,prod_0377,seller_039,179.68,31.42
order_005165,1,prod_0306,seller_039,201.45,19.1
order_005166,1,prod_0136,seller_011,82.18,37.68
order_005167,1,prod_0177,seller_034,153.18,35.21
order_005168,1,prod_0176,seller_003,388.3,30.2
order_005168,1,prod_0047,seller_003,77.35,35.51
order_005169,1,prod_0068,seller_004,183.32,5.51
order_005169,1,prod_0398,seller_004,170.27,21.05
order_005170,1,prod_0235,seller_028,193.54,18.37
order_005170,1,prod_0224,seller_028,350.22,19.33
order_005171,1,prod_0252,seller_021,349.41,39.12
order_005172,1,prod_0256,seller_034,209.73,20.37
order_005172,1,prod_0042,seller_034,312.38,28.86
order_005173,1,prod_0184,seller_029,71.3,29.59
order_005173,1,prod_0264,seller_029,364.94,6.02
order_005174,1,prod_0165,seller_022,146.61,36.36
order_005175,1,prod_0334,seller_038,26.26,35.55
order_005176,1,prod_0085,seller_033,77.1,18.11
order_005176,1,prod_0388,seller_033,342.69,28.44
order_005177,1,prod_0117,seller_015,385.72,40.83
order_005178,1,prod_0428,seller_000,376.15,26.23
order_005178,1,prod_0281,seller_000,313.41,8.37
order_005179,1,prod_0231,seller_016,153.1,40.58
order_005179,1,prod_0390,seller_016,358.52,41.33
order_005180,1,prod_0115,seller_015,56.72,23.18
order_005181,1,prod_0163,seller_001,293.96,40.43
order_005182,1,prod_0254,seller_019,120.55,6.13
order_005182,1,prod_0043,seller_019,65.41,9.26
order_005183,1,prod_0094,seller_012,271.59,31.73
order_005183,1,prod_0445,seller_012,190.93,27.63
order_005184,1,prod_0088,seller_032,324.73,11.34
order_005185,1,prod_0031,seller_028,331.67,12.78
order_005185,1,prod_0087,seller_028,123.6,36.59
order_005186,1,prod_0476,seller_030,358.14,24.4
order_005187,1,prod_0168,seller_027,25.17,6.58
order_005188,1,prod_0057,seller_012,259.44,35.27
order_005188,1,prod_0040,seller_012,230.97,36.23
order_005189,1,prod_0322,seller_009,380.76,33.36
order_005189,1,prod_0076,seller_009,73.09,20.93
order_005190,1,prod_0222,seller_000,277.41,11.55
order_005191,1,prod_0269,seller_024,217.24,15.29
order_005191,1,prod_0382,seller_024,51.36,28.9
order_005192,1,prod_0397,seller_020,125.1,24.1
order_005193,1,prod_0229,seller_010,386.2,34.56
order_005193,1,prod_0210,seller_010,132.65,10.99
order_005194,1,prod_0109,seller_011,385.8,44.53
order_005195,1,prod_0414,seller_038,256.99,13.26
order_005195,1,prod_0370,seller_038,85.4,39.66
order_005196,1,prod_0223,seller_018,84.76,17.0
order_005196,1,prod_0018,seller_018,102.43,11.77
order_005197,1,prod_0278,seller_035,32.63,43.99
order_005198,1,prod_0048,seller_038,234.38,17.43
order_005199,1,prod_0360,seller_004,240.85,39.73
order_005199,1,prod_0142,seller_004,168.1,30.59
order_005200,1,prod_0067,seller_027,114.51,18.39
order_005200,1,prod_0244,seller_027,293.83,36.46
order_005201,1,prod_0306,seller_007,358.98,40.21
order_005201,1,prod_0437,seller_007,339.28,8.41
order_005202,1,prod_0179,seller_027,294.25,34.43
order_005203,1,prod_0312,seller_010,64.98,34.26
order_005204,1,prod_0122,seller_035,340.18,37.56
order_005205,1,prod_0102,seller_019,395.19,13.47
order_005205,1,prod_0390,seller_019,393.4,8.06
order_005206,1,prod_0270,seller_007,18.87,15.62
order_005207,1,prod_0145,seller_029,104.41,38.5
order_005207,1,prod_0142,seller_029,90.55,19.53
order_005208,1,prod_0293,seller_039,324.39,28.48
order_005209,1,prod_0314,seller_025,318.32,6.42
order_005209,1,prod_0402,seller_025,242.34,18.02
order_005210,1,prod_0238,seller_032,155.11,10.17
order_005210,1,prod_0237,seller_032,64.05,30.95
order_005211,1,prod_0195,seller_036,220.94,30.18
order_005211,1,prod_0460,seller_036,159.11,36.25
order_005212,1,prod_0328,seller_033,224.41,28.12
order_005213,1,prod_0023,seller_015,262.82,41.55
order_005214,1,prod_0399,seller_011,158.29,44.46
order_005215,1,prod_0249,seller_024,96.91,10.46
order_005216,1,prod_0361,seller_014,109.38,28.06
order_005216,1,prod_0393,seller_014,377.94,5.29
order_005217,1,prod_0440,seller_002,169.28,42.79
order_005217,1,prod_0339,seller_002,294.55,11.75
order_005218,1,prod_0481,seller_038,388.8,21.54
order_005218,1,prod_0347,seller_038,367.5,9.76
order_005219,1,prod_0487,seller_005,368.66,25.82
order_005219,1,prod_0162,seller_005,221.73,19.67
order_005220,1,prod_0140,seller_012,97.33,35.66
order_005220,1,prod_0423,seller_012,249.57,37.69
order_005221,1,prod_0444,seller_006,95.47,26.83
order_005221,1,prod_0406,seller_006,38.1,19.72
order_005222,1,prod_0420,seller_006,292.64,19.03
order_005222,1,prod_0434,seller_006,59.68,15.02
order_005223,1,prod_0460,seller_009,58.94,37.81
order_005224,1,prod_0428,seller_031,298.12,29.59
order_005225,1,prod_0047,seller_025,266.5,11.98
order_005225,1,prod_0192,seller_025,123.12,11.02
order_005226,1,prod_0197,seller_032,70.05,6.41
order_005227,1,prod_0345,seller_017,218.83,44.42
order_005227,1,prod_0384,seller_017,248.98,30.23
order_005228,1,prod_0090,seller_018,363.4,10.12
order_005229,1,prod_0216,seller_015,283.38,13.92
order_005229,1,prod_0482,seller_015,253.16,39.44
order_005230,1,prod_0230,seller_000,324.8,5.52
order_005230,1,prod_0335,seller_000,110.04,43.11
order_005231,1,prod_0497,seller_018,373.26,27.88
order_005231,1,prod_0293,seller_018,168.97,40.64
order_005232,1,prod_0122,seller_033,100.41,23.96
order_005232,1,prod_0070,seller_033,274.02,37.37
order_005233,1,prod_0160,seller_020,263.57,31.91
order_005234,1,prod_0370,seller_019,101.7,32.77
order_005234,1,prod_0088,seller_019,91.56,10.34
order_005235,1,prod_0425,seller_028,183.84,43.46
order_005236,1,prod_0046,seller_001,191.08,32.1
order_005236,1,prod_0247,seller_001,135.17,33.93
order_005237,1,prod_0486,seller_013,306.07,28.98
order_005237,1,prod_0125,seller_013,143.2,22.82
order_005238,1,prod_0345,seller_024,362.7,17.61
order_005239,1,prod_0133,seller_001,236.97,15.72
order_005239,1,prod_0187,seller_001,137.89,16.87
order_005240,1,prod_0245,seller_007,182.02,21.49
order_005241,1,prod_0014,seller_001,127.56,18.07
order_005242,1,prod_0215,seller_030,241.57,10.99
order_005242,1,prod_0312,seller_030,116.78,22.3
order_005243,1,prod_0239,seller_012,138.71,28.68
order_005243,1,prod_0144,seller_012,92.79,40.02
order_005244,1,prod_0069,seller_023,129.2,7.22
order_005245,1,prod_0283,seller_007,204.56,11.64
order_005246,1,prod_0230,seller_002,328.82,21.82
order_005246,1,prod_0216,seller_002,204.58,19.87
order_005247,1,prod_0118,seller_025,28.89,34.83
order_005247,1,prod_0110,seller_025,271.5,21.44
order_005248,1,prod_0223,seller_037,205.07,31.46
order_005248,1,prod_0306,seller_037,23.09,17.94
order_005249,1,prod_0016,seller_021,185.93,43.3
order_005250,1,prod_0363,seller_008,319.66,24.65
order_005251,1,prod_0418,seller_017,387.98,32.07
order_005251,1,prod_0210,seller_017,373.03,34.15
order_005252,1,prod_0443,seller_008,290.2,15.64
order_005252,1,prod_0040,seller_008,288.33,17.7
order_005253,1,prod_0114,seller_023,155.26,15.51
order_005253,1,prod_0320,seller_023,365.21,11.16
order_005254,1,prod_0370,seller_002,45.33,22.29
order_005255,1,prod_0018,seller_022,181.26,31.94
order_005255,1,prod_0416,seller_022,58.17,22.1
order_005256,1,prod_0379,seller_037,42.8,35.5
order_005256,1,prod_0312,seller_037,303.21,21.76
order_005257,1,prod_0084,seller_005,18.04,40.17
order_005258,1,prod_0166,seller_016,270.88,44.74
order_005258,1,prod_0044,seller_016,113.58,5.18
order_005259,1,prod_0473,seller_012,242.35,38.69
order_005259,1,prod_0482,seller_012,94.23,7.7
order_005260,1,prod_0415,seller_013,54.29,26.44
order_005260,1,prod_0268,seller_013,194.82,34.96
order_005261,1,prod_0000,seller_018,244.13,35.95
order_005261,1,prod_0105,seller_018,47.22,23.01
order_005262,1,prod_0302,seller_022,307.93,37.4
order_005262,1,prod_0262,seller_022,259.83,21.91
order_005263,1,prod_0207,seller_025,249.71,8.1
order_005264,1,prod_0451,seller_030,70.22,15.21
order_005265,1,prod_0446,seller_012,119.77,5.44
order_005265,1,prod_0376,seller_012,314.67,32.58
order_005266,1,prod_0496,seller_035,259.71,25.83
order_005266,1,prod_0332,seller_035,233.01,43.96
order_005267,1,prod_0102,seller_014,262.93,42.86
order_005268,1,prod_0421,seller_030,304.39,39.18
order_005269,1,prod_0184,seller_008,318.37,39.78
order_005270,1,prod_0058,seller_025,383.61,25.08
order_005271,1,prod_0095,seller_022,390.93,39.89
order_005272,1,prod_0211,seller_005,77.21,24.18
order_005273,1,prod_0074,seller_020,36.86,36.64
order_005273,1,prod_0240,seller_020,33.18,30.1
order_005274,1,prod_0131,seller_013,146.99,10.05
order_005274,1,prod_0476,seller_013,113.69,30.42
order_005275,1,prod_0481,seller_022,204.17,26.92
order_005276,1,prod_0179,seller_002,362.89,35.41
order_005276,1,prod_0072,seller_002,353.36,35.5
order_005277,1,prod_0193,seller_037,71.87,18.94
order_005277,1,prod_0269,seller_037,210.49,5.51
order_005278,1,prod_0025,seller_032,94.78,13.11
order_005278,1,prod_0318,seller_032,111.31,28.17
order_005279,1,prod_0328,seller_032,114.5,5.02
order_005279,1,prod_0085,seller_032,390.34,38.23
order_005280,1,prod_0056,seller_021,80.0,43.5
order_005280,1,prod_0078,seller_021,126.23,36.23
order_005281,1,prod_0135,seller_031,217.54,15.64
order_005281,1,prod_0454,seller_031,127.41,37.27
order_005282,1,prod_0173,seller_028,82.85,25.1
order_005282,1,prod_0445,seller_028,324.26,25.55
order_005283,1,prod_0092,seller_024,281.08,12.94
order_005284,1,prod_0057,seller_035,292.6,44.71
order_005285,1,prod_0084,seller_033,194.21,15.76
order_005285,1,prod_0460,seller_033,293.29,15.34
order_005286,1,prod_0440,seller_006,389.52,22.93
order_005287,1,prod_0011,seller_039,353.23,26.56
order_005288,1,prod_0395,seller_039,68.58,7.48
order_005288,1,prod_0205,seller_039,248.43,43.33
order_005289,1,prod_0088,seller_002,61.43,9.57
order_005289,1,prod_0320,seller_002,227.33,37.11
order_005290,1,prod_0156,seller_037,371.35,23.41
order_005291,1,prod_0269,seller_022,211.03,44.25
order_005291,1,prod_0028,seller_022,328.72,37.85
order_005292,1,prod_0478,seller_030,17.73,27.34
order_005292,1,prod_0156,seller_030,307.77,29.67
order_005293,1,prod_0423,seller_003,141.56,8.98
order_005293,1,prod_0321,seller_003,269.51,19.79
order_005294,1,prod_0422,seller_006,225.06,20.69
order_005294,1,prod_0453,seller_006,301.97,37.32
order_005295,1,prod_0061,seller_012,122.51,38.29
order_005295,1,prod_0274,seller_012,109.05,25.95
order_005296,1,prod_0106,seller_020,287.4,17.57
order_005296,1,prod_0162,seller_020,324.75,10.66
order_005297,1,prod_0430,seller_020,361.54,6.98
order_005297,1,prod_0277,seller_020,323.5,37.46
order_005298,1,prod_0125,seller_016,15.11,40.45
order_005299,1,prod_0133,seller_015,78.19,22.48
order_005299,1,prod_0298,seller_015,180.78,12.63
order_005300,1,prod_0256,seller_001,114.64,21.75
order_005301,1,prod_0341,seller_022,106.65,23.76
order_005302,1,prod_0392,seller_032,306.17,17.39
order_005302,1,prod_0205,seller_032,181.65,38.44
order_005303,1,prod_0297,seller_038,39.19,26.89
order_005303,1,prod_0248,seller_038,392.12,36.2
order_005304,1,prod_0315,seller_013,282.98,33.62
order_005304,1,prod_0273,seller_013,43.36,42.83
order_005305,1,prod_0044,seller_024,321.26,25.99
order_005305,1,prod_0123,seller_024,228.75,13.36
order_005306,1,prod_0142,seller_037,275.35,16.35
order_005307,1,prod_0480,seller_003,265.33,42.9
order_005308,1,prod_0202,seller_018,149.65,33.52
order_005309,1,prod_0025,seller_012,114.5,10.38
order_005309,1,prod_0006,seller_012,172.92,12.67
order_005310,1,prod_0337,seller_020,66.2,20.32
order_005311,1,prod_0312,seller_035,190.43,14.95
order_005311,1,prod_0137,seller_035,331.66,36.81
order_005312,1,prod_0024,seller_012,284.4,11.88
order_005312,1,prod_0433,seller_012,114.95,11.24
order_005313,1,prod_0354,seller_015,51.37,27.48
order_005314,1,prod_0478,seller_013,37.46,40.21
order_005314,1,prod_0298,seller_013,387.64,39.48
order_005315,1,prod_0360,seller_037,60.23,16.44
order_005316,1,prod_0338,seller_021,303.48,10.68
order_005316,1,prod_0073,seller_021,188.8,23.64
order_005317,1,prod_0412,seller_011,388.87,32.35
order_005317,1,prod_0179,seller_011,343.12,22.28
order_005318,1,prod_0015,seller_012,178.57,18.26
order_005318,1,prod_0018,seller_012,181.91,31.72
order_005319,1,prod_0464,seller_031,98.6,42.61
order_005319,1,prod_0147,seller_031,118.18,30.04
order_005320,1,prod_0141,seller_009,228.34,20.99
order_005321,1,prod_0070,seller_002,398.7,5.8
order_005321,1,prod_0360,seller_002,163.14,12.96
order_005322,1,prod_0058,seller_006,91.03,38.2
order_005323,1,prod_0384,seller_034,316.68,26.86
order_005323,1,prod_0289,seller_034,222.07,16.32
order_005324,1,prod_0308,seller_013,53.48,37.89
order_005325,1,prod_0012,seller_019,252.68,11.62
order_005325,1,prod_0083,seller_019,268.02,39.36
order_005326,1,prod_0389,seller_037,303.49,13.52
order_005326,1,prod_0478,seller_037,257.79,24.91
order_005327,1,prod_0479,seller_015,371.09,43.49
order_005327,1,prod_0270,seller_015,280.28,26.55
order_005328,1,prod_0368,seller_033,328.48,16.01
order_005329,1,prod_0403,seller_013,303.64,17.06
order_005330,1,prod_0122,seller_020,327.36,20.07
order_005330,1,prod_0201,seller_020,54.11,28.55
order_005331,1,prod_0296,seller_034,58.72,10.6
order_005331,1,prod_0007,seller_034,114.78,40.73
order_005332,1,prod_0037,seller_017,279.31,9.82
order_005333,1,prod_0035,seller_009,287.49,8.23
order_005334,1,prod_0477,seller_028,87.52,23.73
order_005335,1,prod_0417,seller_002,267.97,14.36
order_005336,1,prod_0101,seller_032,169.19,9.26
order_005336,1,prod_0475,seller_032,31.22,38.26
order_005337,1,prod_0275,seller_012,106.94,34.65
order_005338,1,prod_0261,seller_039,349.95,34.72
order_005339,1,prod_0066,seller_036,347.3,23.59
order_005340,1,prod_0259,seller_012,116.58,22.38
order_005340,1,prod_0400,seller_012,69.55,28.8
order_005341,1,prod_0148,seller_014,113.52,28.31
order_005341,1,prod_0077,seller_014,33.46,37.72
order_005342,1,prod_0043,seller_011,191.97,35.27
order_005343,1,prod_0432,seller_032,186.19,37.79
order_005343,1,prod_0040,seller_032,83.19,28.59
order_005344,1,prod_0112,seller_031,301.95,33.56
order_005344,1,prod_0492,seller_031,393.72,11.13
order_005345,1,prod_0366,seller_024,252.67,28.25
order_005346,1,prod_0457,seller_028,373.51,42.75
order_005347,1,prod_0376,seller_005,117.48,35.89
order_005347,1,prod_0267,seller_005,256.67,20.17
order_005348,1,prod_0157,seller_008,31.87,20.43
order_005349,1,prod_0440,seller_029,313.51,39.02
order_005349,1,prod_0285,seller_029,395.89,19.53
order_005350,1,prod_0307,seller_033,109.3,39.48
order_005350,1,prod_0097,seller_033,282.62,26.72
order_005351,1,prod_0079,seller_000,228.4,28.14
order_005352,1,prod_0351,seller_030,37.8,25.97
order_005352,1,prod_0373,seller_030,305.24,31.42
order_005353,1,prod_0457,seller_001,318.08,31.95
order_005354,1,prod_0170,seller_031,126.3,34.66
order_005354,1,prod_0476,seller_031,126.84,15.97
order_005355,1,prod_0124,seller_039,381.69,38.74
order_005356,1,prod_0309,seller_037,176.32,26.67
order_005356,1,prod_0207,seller_037,56.29,44.43
order_005357,1,prod_0190,seller_031,383.15,11.63
order_005357,1,prod_0042,seller_031,323.37,24.51
order_005358,1,prod_0108,seller_021,128.26,9.31
order_005359,1,prod_0267,seller_035,254.77,37.32
order_005359,1,prod_0059,seller_035,147.24,44.83
order_005360,1,prod_0446,seller_022,203.41,40.36
order_005360,1,prod_0188,seller_022,88.18,7.34
order_005361,1,prod_0241,seller_032,297.33,41.75
order_005362,1,prod_0376,seller_014,256.52,44.64
order_005363,1,prod_0299,seller_025,151.85,21.27
order_005364,1,prod_0269,seller_035,389.73,8.9
order_005365,1,prod_0354,seller_008,168.37,25.23
order_005366,1,prod_0364,seller_005,376.79,24.57
order_005367,1,prod_0498,seller_007,59.23,37.5
order_005367,1,prod_0109,seller_007,272.68,12.23
order_005368,1,prod_0390,seller_019,120.48,34.48
order_005368,1,prod_0072,seller_019,322.83,5.54
order_005369,1,prod_0117,seller_006,398.71,16.47
order_005370,1,prod_0131,seller_019,95.76,15.85
order_005370,1,prod_0110,seller_019,166.96,34.88
order_005371,1,prod_0241,seller_039,82.34,15.8
order_005372,1,prod_0035,seller_013,325.86,35.14
order_005373,1,prod_0454,seller_036,305.14,23.5
order_005374,1,prod_0351,seller_022,393.69,26.52
order_005374,1,prod_0118,seller_022,142.35,9.97
order_005375,1,prod_0443,seller_017,84.83,5.96
order_005376,1,prod_0366,seller_001,56.14,18.19
order_005376,1,prod_0060,seller_001,260.49,19.77
order_005377,1,prod_0273,seller_017,139.08,38.0
order_005377,1,prod_0484,seller_017,210.16,15.71
order_005378,1,prod_0326,seller_020,301.46,5.86
order_005378,1,prod_0106,seller_020,176.0,35.78
order_005379,1,prod_0220,seller_010,162.74,41.03
order_005380,1,prod_0108,seller_027,268.92,38.94
order_005381,1,prod_0434,seller_022,228.78,35.46
order_005382,1,prod_0144,seller_025,39.88,25.3
order_005382,1,prod_0159,seller_025,361.32,22.3
order_005383,1,prod_0319,seller_007,169.07,39.12
order_005383,1,prod_0194,seller_007,357.03,6.01
order_005384,1,prod_0187,seller_020,44.4,32.8
order_005385,1,prod_0469,seller_020,133.12,39.65
order_005385,1,prod_0165,seller_020,299.74,13.15
order_005386,1,prod_0272,seller_012,168.29,25.11
order_005386,1,prod_0192,seller_012,116.47,26.49
order_005387,1,prod_0425,seller_004,345.51,23.13
order_005387,1,prod_0241,seller_004,131.63,11.32
order_005388,1,prod_0222,seller_003,143.63,34.45
order_005388,1,prod_0396,seller_003,150.01,15.32
order_005389,1,prod_0080,seller_005,249.78,31.62
order_005390,1,prod_0297,seller_012,296.37,32.94
order_005390,1,prod_0164,seller_012,274.12,37.0
order_005391,1,prod_0291,seller_035,24.94,14.57
order_005391,1,prod_0011,seller_035,169.85,32.89
order_005392,1,prod_0190,seller_017,143.61,42.99
order_005393,1,prod_0004,seller_013,265.33,42.47
order_005393,1,prod_0361,seller_013,377.16,21.67
order_005394,1,prod_0053,seller_010,139.93,41.78
order_005395,1,prod_0102,seller_038,143.52,39.13
order_005396,1,prod_0050,seller_016,36.9,34.99
order_005396,1,prod_0400,seller_016,378.55,8.22
order_005397,1,prod_0083,seller_014,18.96,37.88
order_005398,1,prod_0435,seller_004,121.86,21.89
order_005398,1,prod_0120,seller_004,290.87,12.36
order_005399,1,prod_0236,seller_023,189.22,13.7
order_005399,1,prod_0000,seller_023,58.93,19.93
order_005400,1,prod_0133,seller_028,52.15,38.23
order_005400,1,prod_0372,seller_028,358.2,6.61
order_005401,1,prod_0415,seller_016,96.11,35.37
order_005401,1,prod_0141,seller_016,148.32,18.97
order_005402,1,prod_0322,seller_038,31.21,42.1
order_005402,1,prod_0226,seller_038,55.88,33.93
order_005403,1,prod_0236,seller_022,234.9,19.39
order_005404,1,prod_0410,seller_016,183.85,34.56
order_005405,1,prod_0022,seller_008,210.94,36.1
order_005405,1,prod_0047,seller_008,389.9,41.99
order_005406,1,prod_0070,seller_014,199.7,12.5
order_005407,1,prod_0186,seller_007,288.73,12.18
order_005407,1,prod_0057,seller_007,46.53,43.72
order_005408,1,prod_0455,seller_033,318.06,37.16
order_005408,1,prod_0424,seller_033,41.25,16.32
order_005409,1,prod_0215,seller_008,16.46,23.03
order_005410,1,prod_0069,seller_023,364.45,12.83
order_005410,1,prod_0306,seller_023,66.37,37.76
order_005411,1,prod_0137,seller_014,398.05,13.99
order_005412,1,prod_0391,seller_037,340.36,5.2
order_005412,1,prod_0245,seller_037,183.38,11.81
order_005413,1,prod_0338,seller_011,337.42,21.0
order_005414,1,prod_0154,seller_027,398.07,8.26
order_005414,1,prod_0063,seller_027,260.48,7.38
order_005415,1,prod_0499,seller_038,161.04,22.68
order_005416,1,prod_0305,seller_029,247.88,10.95
order_005417,1,prod_0319,seller_004,302.03,31.61
order_005417,1,prod_0170,seller_004,253.96,14.78
order_005418,1,prod_0203,seller_000,230.75,30.3
order_005418,1,prod_0246,seller_000,76.17,31.39
order_005419,1,prod_0163,seller_015,220.09,30.3
order_005420,1,prod_0411,seller_024,141.25,18.17
order_005420,1,prod_0391,seller_024,375.07,38.32
order_005421,1,prod_0027,seller_016,186.85,32.28
order_005421,1,prod_0133,seller_016,263.51,35.84
order_005422,1,prod_0370,seller_009,370.94,5.13
order_005422,1,prod_0383,seller_009,112.79,5.13
order_005423,1,prod_0323,seller_031,153.18,23.81
order_005424,1,prod_0198,seller_000,45.15,9.44
order_005424,1,prod_0325,seller_000,370.7,18.93
order_005425,1,prod_0037,seller_025,190.58,26.36
order_005426,1,prod_0415,seller_014,210.58,32.53
order_005426,1,prod_0188,seller_014,197.42,39.96
order_005427,1,prod_0356,seller_001,399.44,19.59
order_005427,1,prod_0361,seller_001,99.56,24.27
order_005428,1,prod_0167,seller_003,372.54,36.25
order_005429,1,prod_0344,seller_011,39.95,22.27
order_005429,1,prod_0244,seller_011,19.54,30.34
order_005430,1,prod_0167,seller_036,115.28,43.43
order_005430,1,prod_0050,seller_036,68.37,16.9
order_005431,1,prod_0074,seller_029,361.83,26.73
order_005432,1,prod_0378,seller_039,313.39,36.1
order_005433,1,prod_0307,seller_000,141.21,19.39
order_005434,1,prod_0027,seller_013,159.64,6.21
order_005435,1,prod_0084,seller_036,68.8,19.09
order_005436,1,prod_0213,seller_017,252.83,29.27
order_005437,1,prod_0218,seller_029,85.96,8.37
order_005438,1,prod_0012,seller_022,370.98,5.61
order_005439,1,prod_0206,seller_007,196.44,12.45
order_005439,1,prod_0235,seller_007,104.91,36.94
order_005440,1,prod_0325,seller_006,229.51,27.47
order_005441,1,prod_0223,seller_006,307.27,12.74
order_005441,1,prod_0281,seller_006,293.83,19.47
order_005442,1,prod_0044,seller_024,334.01,34.34
order_005443,1,prod_0311,seller_000,120.89,32.48
order_005443,1,prod_0368,seller_000,237.74,14.99
order_005444,1,prod_0189,seller_031,255.5,41.27
order_005444,1,prod_0208,seller_031,41.22,36.33
order_005445,1,prod_0187,seller_011,117.04,43.42
order_005445,1,prod_0200,seller_011,127.44,13.47
order_005446,1,prod_0446,seller_034,143.55,5.73
order_005447,1,prod_0123,seller_031,337.69,36.04
order_005447,1,prod_0140,seller_031,328.83,8.58
order_005448,1,prod_0117,seller_036,62.66,38.48
order_005449,1,prod_0148,seller_039,224.46,16.25
order_005450,1,prod_0221,seller_037,345.44,19.26
order_005450,1,prod_0124,seller_037,189.57,40.9
order_005451,1,prod_0239,seller_030,184.47,10.97
order_005451,1,prod_0302,seller_030,373.64,34.01
order_005452,1,prod_0290,seller_001,160.18,9.2
order_005452,1,prod_0009,seller_001,47.76,28.14
order_005453,1,prod_0327,seller_012,137.9,8.93
order_005453,1,prod_0097,seller_012,41.95,40.53
order_005454,1,prod_0153,seller_008,357.92,42.15
order_005454,1,prod_0178,seller_008,133.33,13.02
order_005455,1,prod_0007,seller_037,173.11,40.8
order_005455,1,prod_0341,seller_037,54.96,17.28
order_005456,1,prod_0419,seller_034,372.46,34.77
order_005456,1,prod_0497,seller_034,318.09,32.01
order_005457,1,prod_0273,seller_030,356.55,10.04
order_005458,1,prod_0057,seller_034,98.19,22.28
order_005458,1,prod_0115,seller_034,221.32,37.59
order_005459,1,prod_0368,seller_018,184.31,30.29
order_005460,1,prod_0221,seller_025,389.31,18.02
order_005460,1,prod_0016,seller_025,144.77,14.17
order_005461,1,prod_0398,seller_032,172.43,23.03
order_005462,1,prod_0263,seller_011,146.89,21.37
order_005462,1,prod_0333,seller_011,205.65,36.63
order_005463,1,prod_0360,seller_004,315.92,9.39
order_005464,1,prod_0424,seller_019,338.97,10.84
order_005464,1,prod_0012,seller_019,346.22,43.63
order_005465,1,prod_0360,seller_008,248.61,40.61
order_005466,1,prod_0340,seller_012,344.38,26.53
order_005466,1,prod_0156,seller_012,74.04,38.16
order_005467,1,prod_0422,seller_021,32.01,43.24
order_005467,1,prod_0292,seller_021,123.44,23.81
order_005468,1,prod_0362,seller_028,151.3,36.62
order_005468,1,prod_0092,seller_028,384.24,27.96
order_005469,1,prod_0430,seller_021,224.32,38.28
order_005470,1,prod_0039,seller_006,76.48,7.06
order_005471,1,prod_0476,seller_034,301.71,6.73
order_005471,1,prod_0211,seller_034,306.27,34.02
order_005472,1,prod_0026,seller_027,94.57,33.03
order_005472,1,prod_0090,seller_027,138.99,21.2
order_005473,1,prod_0144,seller_014,74.15,24.48
order_005473,1,prod_0378,seller_014,90.27,14.35
order_005474,1,prod_0007,seller_018,216.32,13.52
order_005475,1,prod_0471,seller_010,352.0,17.63
order_005476,1,prod_0248,seller_000,166.84,13.8
order_005476,1,prod_0319,seller_000,310.05,35.82
order_005477,1,prod_0248,seller_015,94.16,12.85
order_005477,1,prod_0212,seller_015,398.31,44.97
order_005478,1,prod_0411,seller_017,159.3,23.72
order_005479,1,prod_0146,seller_015,72.75,27.41
order_005479,1,prod_0417,seller_015,345.12,24.08
order_005480,1,prod_0379,seller_001,148.77,30.9
order_005481,1,prod_0332,seller_004,303.84,19.99
order_005481,1,prod_0061,seller_004,255.15,15.74
order_005482,1,prod_0199,seller_021,366.46,28.83
order_005483,1,prod_0355,seller_015,106.04,21.99
order_005483,1,prod_0440,seller_015,171.26,18.48
order_005484,1,prod_0210,seller_037,219.78,39.7
order_005484,1,prod_0009,seller_037,237.62,42.6
order_005485,1,prod_0391,seller_013,180.03,27.39
order_005486,1,prod_0427,seller_024,86.15,11.1
order_005486,1,prod_0221,seller_024,377.22,20.3
order_005487,1,prod_0380,seller_016,398.23,13.79
order_005488,1,prod_0085,seller_004,169.65,36.68
order_005489,1,prod_0206,seller_009,202.59,36.69
order_005489,1,prod_0122,seller_009,227.69,40.32
order_005490,1,prod_0405,seller_027,394.97,44.38
order_005490,1,prod_0041,seller_027,118.23,7.35
order_005491,1,prod_0451,seller_005,114.58,39.0
order_005492,1,prod_0203,seller_034,248.24,30.45
order_005493,1,prod_0286,seller_000,271.77,34.51
order_005493,1,prod_0274,seller_000,213.22,33.65
order_005494,1,prod_0456,seller_004,246.96,33.57
order_005495,1,prod_0053,seller_030,284.77,20.47
order_005495,1,prod_0460,seller_030,272.58,18.34
order_005496,1,prod_0225,seller_010,236.16,24.46
order_005496,1,prod_0326,seller_010,146.52,39.69
order_005497,1,prod_0337,seller_036,121.26,18.21
order_005497,1,prod_0134,seller_036,297.46,26.45
order_005498,1,prod_0123,seller_028,259.75,16.75
order_005499,1,prod_0489,seller_024,213.87,26.07
order_005499,1,prod_0163,seller_024,32.07,41.91
order_005500,1,prod_0055,seller_004,259.39,33.72
order_005500,1,prod_0124,seller_004,116.98,40.33
order_005501,1,prod_0407,seller_027,48.14,22.55
order_005502,1,prod_0454,seller_036,388.61,44.6
order_005503,1,prod_0371,seller_014,396.57,38.6
order_005503,1,prod_0451,seller_014,15.35,20.07
order_005504,1,prod_0350,seller_021,250.09,14.04
order_005504,1,prod_0471,seller_021,337.81,22.51
order_005505,1,prod_0234,seller_026,192.35,42.82
order_005505,1,prod_0083,seller_026,16.3,24.39
order_005506,1,prod_0339,seller_018,119.85,35.66
order_005506,1,prod_0069,seller_018,67.82,35.89
order_005507,1,prod_0446,seller_031,70.14,42.12
order_005507,1,prod_0144,seller_031,17.58,11.22
order_005508,1,prod_0451,seller_025,338.77,25.11
order_005508,1,prod_0468,seller_025,148.79,18.4
order_005509,1,prod_0201,seller_005,45.9,38.4
order_005510,1,prod_0241,seller_015,252.91,27.87
order_005511,1,prod_0388,seller_001,361.96,41.48
order_005511,1,prod_0101,seller_001,341.08,11.4
order_005512,1,prod_0371,seller_026,310.82,40.19
order_005512,1,prod_0135,seller_026,302.64,32.02
order_005513,1,prod_0011,seller_038,144.65,8.86
order_005514,1,prod_0390,seller_010,218.29,5.69
order_005514,1,prod_0110,seller_010,165.22,18.8
order_005515,1,prod_0472,seller_029,16.42,18.79
order_005515,1,prod_0431,seller_029,183.08,18.16
order_005516,1,prod_0452,seller_033,109.41,27.3
order_005516,1,prod_0317,seller_033,219.37,36.48
order_005517,1,prod_0133,seller_032,304.17,31.71
order_005517,1,prod_0493,seller_032,159.13,41.98
order_005518,1,prod_0259,seller_022,83.12,13.51
order_005519,1,prod_0165,seller_036,163.98,35.51
order_005520,1,prod_0344,seller_022,309.54,34.9
order_005521,1,prod_0190,seller_026,332.96,30.17
order_005522,1,prod_0079,seller_018,228.61,17.66
order_005523,1,prod_0083,seller_023,325.51,35.94
order_005524,1,prod_0347,seller_027,139.96,10.58
order_005525,1,prod_0275,seller_010,148.98,30.99
order_005525,1,prod_0369,seller_010,224.26,23.45
order_005526,1,prod_0046,seller_001,168.06,26.93
order_005527,1,prod_0156,seller_004,309.19,23.01
order_005528,1,prod_0450,seller_010,334.79,38.49
order_005528,1,prod_0091,seller_010,209.15,42.91
order_005529,1,prod_0232,seller_007,33.14,31.78
order_005529,1,prod_0157,seller_007,43.1,38.97
order_005530,1,prod_0088,seller_014,225.11,11.89
order_005531,1,prod_0422,seller_025,156.88,19.18
order_005532,1,prod_0247,seller_017,270.55,43.22
order_005532,1,prod_0009,seller_017,302.8,29.6
order_005533,1,prod_0216,seller_011,350.69,31.12
order_005534,1,prod_0188,seller_031,68.93,22.5
order_005534,1,prod_0140,seller_031,222.23,27.58
order_005535,1,prod_0042,seller_001,96.28,22.14
order_005536,1,prod_0218,seller_009,131.43,31.27
order_005537,1,prod_0134,seller_025,183.74,41.67
order_005538,1,prod_0105,seller_017,215.5,35.75
order_005538,1,prod_0248,seller_017,57.11,21.83
order_005539,1,prod_0261,seller_029,358.11,34.97
order_005540,1,prod_0250,seller_024,18.6,8.81
order_005540,1,prod_0341,seller_024,387.1,8.59
order_005541,1,prod_0304,seller_035,104.77,34.89
order_005542,1,prod_0450,seller_005,135.96,41.43
order_005542,1,prod_0038,seller_005,98.93,39.04
order_005543,1,prod_0062,seller_022,366.43,17.49
order_005544,1,prod_0397,seller_003,155.42,24.18
order_005544,1,prod_0452,seller_003,366.84,40.4
order_005545,1,prod_0161,seller_013,146.27,9.54
order_005546,1,prod_0122,seller_033,141.76,12.83
order_005547,1,prod_0088,seller_002,357.47,25.85
order_005548,1,prod_0397,seller_002,236.07,38.26
order_005548,1,prod_0253,seller_002,358.14,33.65
order_005549,1,prod_0209,seller_019,294.38,14.83
order_005549,1,prod_0469,seller_019,212.21,16.07
order_005550,1,prod_0286,seller_012,117.66,12.98
order_005551,1,prod_0156,seller_020,230.8,27.28
order_005552,1,prod_0194,seller_001,271.69,9.82
order_005553,1,prod_0299,seller_026,260.86,30.44
order_005554,1,prod_0210,seller_039,101.64,42.58
order_005554,1,prod_0075,seller_039,41.4,24.3
order_005555,1,prod_0270,seller_023,293.34,17.35
order_005555,1,prod_0193,seller_023,36.93,16.91
order_005556,1,prod_0168,seller_034,309.42,31.06
order_005557,1,prod_0207,seller_022,215.7,12.01
order_005558,1,prod_0258,seller_032,226.86,18.72
order_005558,1,prod_0036,seller_032,324.01,30.38
order_005559,1,prod_0214,seller_014,192.17,44.16
order_005560,1,prod_0488,seller_004,321.42,40.04
order_005560,1,prod_0392,seller_004,186.26,10.57
order_005561,1,prod_0240,seller_004,189.7,22.31
order_005562,1,prod_0367,seller_017,305.5,16.58
order_005562,1,prod_0234,seller_017,212.55,36.15
order_005563,1,prod_0288,seller_001,40.79,27.1
order_005563,1,prod_0181,seller_001,225.63,42.1
order_005564,1,prod_0427,seller_001,348.68,15.82
order_005564,1,prod_0307,seller_001,77.61,13.48
order_005565,1,prod_0230,seller_038,213.95,28.62
order_005565,1,prod_0088,seller_038,121.53,35.2
order_005566,1,prod_0019,seller_007,143.66,39.26
order_005566,1,prod_0383,seller_007,258.73,5.39
order_005567,1,prod_0180,seller_028,138.54,36.87
order_005567,1,prod_0489,seller_028,139.1,31.23
order_005568,1,prod_0294,seller_018,398.86,23.32
order_005568,1,prod_0322,seller_018,392.58,31.69
order_005569,1,prod_0096,seller_012,88.43,14.31
order_005570,1,prod_0278,seller_038,103.54,44.22
order_005570,1,prod_0355,seller_038,335.45,7.28
order_005571,1,prod_0166,seller_017,37.62,31.62
order_005571,1,prod_0398,seller_017,360.27,42.44
order_005572,1,prod_0397,seller_007,208.17,21.91
order_005573,1,prod_0175,seller_035,353.63,11.4
order_005574,1,prod_0436,seller_033,287.68,33.51
order_005574,1,prod_0212,seller_033,175.54,8.94
order_005575,1,prod_0390,seller_024,307.68,22.3
order_005576,1,prod_0223,seller_025,175.21,19.0
order_005577,1,prod_0010,seller_038,85.41,11.96
order_005577,1,prod_0001,seller_038,352.12,14.75
order_005578,1,prod_0349,seller_013,165.63,15.77
order_005579,1,prod_0180,seller_031,29.33,28.25
order_005580,1,prod_0483,seller_033,242.51,24.61
order_005581,1,prod_0202,seller_039,123.16,22.01
order_005582,1,prod_0046,seller_013,309.56,31.85
order_005583,1,prod_0329,seller_025,146.45,30.45
order_005584,1,prod_0016,seller_024,333.88,27.18
order_005584,1,prod_0022,seller_024,93.45,39.51
order_005585,1,prod_0310,seller_002,47.02,9.15
order_005586,1,prod_0045,seller_004,276.83,8.25
order_005586,1,prod_0141,seller_004,143.65,26.97
order_005587,1,prod_0061,seller_021,392.37,24.49
order_005588,1,prod_0102,seller_015,142.92,13.19
order_005589,1,prod_0018,seller_027,322.67,39.4
order_005590,1,prod_0306,seller_037,56.11,14.2
order_005590,1,prod_0267,seller_037,209.38,23.09
order_005591,1,prod_0398,seller_035,384.59,30.38
order_005591,1,prod_0189,seller_035,114.32,9.22
order_005592,1,prod_0200,seller_007,270.96,29.66
order_005592,1,prod_0050,seller_007,323.1,8.48
order_005593,1,prod_0352,seller_037,129.33,35.44
order_005594,1,prod_0475,seller_018,347.52,41.88
order_005594,1,prod_0074,seller_018,150.02,11.79
order_005595,1,prod_0328,seller_032,228.1,27.58
order_005596,1,prod_0101,seller_013,367.38,42.28
order_005596,1,prod_0373,seller_013,272.14,15.75
order_005597,1,prod_0464,seller_014,184.27,36.72
order_005597,1,prod_0168,seller_014,92.16,27.56
order_005598,1,prod_0360,seller_017,130.98,6.62
order_005598,1,prod_0468,seller_017,193.38,6.68
order_005599,1,prod_0198,seller_029,122.55,43.09
order_005600,1,prod_0104,seller_006,241.0,35.58
order_005600,1,prod_0475,seller_006,206.92,43.94
order_005601,1,prod_0385,seller_023,190.96,10.72
order_005601,1,prod_0471,seller_023,118.1,14.79
order_005602,1,prod_0216,seller_037,109.37,34.2
order_005603,1,prod_0298,seller_027,185.17,28.08
order_005604,1,prod_0111,seller_012,334.69,7.64
order_005605,1,prod_0453,seller_009,303.4,43.72
order_005605,1,prod_0033,seller_009,388.95,11.94
order_005606,1,prod_0331,seller_025,149.52,8.98
order_005607,1,prod_0058,seller_009,342.28,19.63
order_005607,1,prod_0260,seller_009,84.06,37.24
order_005608,1,prod_0123,seller_007,168.92,17.28
order_005608,1,prod_0430,seller_007,361.04,10.14
order_005609,1,prod_0027,seller_009,335.58,34.46
order_005610,1,prod_0212,seller_013,232.45,35.54
order_005611,1,prod_0000,seller_037,337.66,11.68
order_005611,1,prod_0281,seller_037,344.27,32.22
order_005612,1,prod_0478,seller_024,292.4,40.95
order_005613,1,prod_0341,seller_039,218.58,26.55
order_005614,1,prod_0285,seller_000,107.25,43.41
order_005614,1,prod_0204,seller_000,140.5,11.2
order_005615,1,prod_0201,seller_036,320.61,10.34
order_005615,1,prod_0023,seller_036,44.05,7.55
order_005616,1,prod_0082,seller_006,31.86,38.63
order_005616,1,prod_0400,seller_006,142.13,13.38
order_005617,1,prod_0105,seller_020,330.04,26.38
order_005617,1,prod_0182,seller_020,265.89,38.68
order_005618,1,prod_0201,seller_007,56.1,35.29
order_005619,1,prod_0212,seller_030,88.54,30.04
order_005619,1,prod_0010,seller_030,311.22,23.23
order_005620,1,prod_0447,seller_037,60.58,35.61
order_005620,1,prod_0382,seller_037,254.38,35.98
order_005621,1,prod_0090,seller_034,284.55,32.22
order_005622,1,prod_0304,seller_031,153.17,5.85
order_005622,1,prod_0079,seller_031,126.97,11.48
order_005623,1,prod_0119,seller_006,351.4,17.64
order_005624,1,prod_0256,seller_024,169.98,11.0
order_005624,1,prod_0238,seller_024,101.58,40.56
order_005625,1,prod_0006,seller_027,360.26,15.99
order_005626,1,prod_0266,seller_014,64.16,7.7
order_005626,1,prod_0368,seller_014,100.16,22.43
order_005627,1,prod_0065,seller_033,79.77,15.34
order_005628,1,prod_0210,seller_022,45.93,29.96
order_005628,1,prod_0100,seller_022,272.31,7.97
order_005629,1,prod_0466,seller_020,184.16,23.12
order_005629,1,prod_0206,seller_020,342.65,32.51
order_005630,1,prod_0426,seller_016,347.26,44.29
order_005630,1,prod_0161,seller_016,195.92,23.9
order_005631,1,prod_0239,seller_036,266.95,18.68
order_005632,1,prod_0017,seller_003,147.67,7.01
order_005632,1,prod_0093,seller_003,104.83,10.04
order_005633,1,prod_0361,seller_039,326.07,19.0
order_005634,1,prod_0084,seller_012,132.53,13.36
order_005635,1,prod_0305,seller_026,90.26,27.48
order_005636,1,prod_0313,seller_014,86.24,5.42
order_005637,1,prod_0321,seller_011,281.76,27.72
order_005638,1,prod_0165,seller_027,319.1,12.87
order_005639,1,prod_0427,seller_029,131.56,25.15
order_005640,1,prod_0161,seller_020,91.98,33.13
order_005641,1,prod_0487,seller_019,106.67,26.0
order_005641,1,prod_0272,seller_019,314.76,43.99
order_005642,1,prod_0097,seller_035,187.19,5.95
order_005642,1,prod_0094,seller_035,294.33,26.88
order_005643,1,prod_0318,seller_007,103.56,32.65
order_005644,1,prod_0029,seller_014,66.2,15.6
order_005644,1,prod_0219,seller_014,378.35,18.01
order_005645,1,prod_0331,seller_002,361.89,34.91
order_005645,1,prod_0228,seller_002,317.35,30.31
order_005646,1,prod_0216,seller_017,125.44,25.6
order_005647,1,prod_0011,seller_014,382.57,21.56
order_005648,1,prod_0243,seller_025,236.07,17.56
order_005649,1,prod_0416,seller_039,296.74,41.49
order_005649,1,prod_0200,seller_039,310.87,36.0
order_005650,1,prod_0429,seller_034,302.88,15.34
order_005651,1,prod_0482,seller_019,379.07,32.75
order_005652,1,prod_0209,seller_007,159.96,39.77
order_005652,1,prod_0446,seller_007,360.03,32.12
order_005653,1,prod_0494,seller_017,50.23,19.53
order_005654,1,prod_0002,seller_037,253.05,41.36
order_005654,1,prod_0459,seller_037,44.09,26.35
order_005655,1,prod_0366,seller_023,356.67,39.25
order_005656,1,prod_0128,seller_039,201.86,26.15
order_005656,1,prod_0021,seller_039,301.79,30.01
order_005657,1,prod_0055,seller_031,198.13,20.67
order_005658,1,prod_0095,seller_019,118.29,23.44
order_005659,1,prod_0442,seller_035,187.21,32.02
order_005660,1,prod_0478,seller_001,81.23,43.54
order_005660,1,prod_0358,seller_001,119.83,12.97
order_005661,1,prod_0161,seller_025,164.3,34.88
order_005661,1,prod_0204,seller_025,144.79,16.46
order_005662,1,prod_0183,seller_010,196.36,23.65
order_005663,1,prod_0183,seller_014,98.54,26.04
order_005664,1,prod_0174,seller_028,99.05,10.97
order_005665,1,prod_0188,seller_021,132.5,40.8
order_005665,1,prod_0346,seller_021,149.2,34.39
order_005666,1,prod_0358,seller_026,44.06,39.28
order_005666,1,prod_0362,seller_026,173.79,39.21
order_005667,1,prod_0495,seller_032,213.54,13.43
order_005667,1,prod_0258,seller_032,141.28,12.09
order_005668,1,prod_0327,seller_025,25.29,33.39
order_005669,1,prod_0099,seller_035,64.39,31.47
order_005670,1,prod_0165,seller_023,208.32,29.14
order_005670,1,prod_0156,seller_023,291.46,14.43
order_005671,1,prod_0383,seller_003,88.73,25.63
order_005672,1,prod_0105,seller_018,359.98,39.45
order_005672,1,prod_0361,seller_018,72.85,42.84
order_005673,1,prod_0117,seller_019,182.86,37.09
order_005673,1,prod_0160,seller_019,244.53,40.9
order_005674,1,prod_0337,seller_005,81.98,31.87
order_005675,1,prod_0157,seller_001,255.67,8.16
order_005675,1,prod_0312,seller_001,397.23,25.74
order_005676,1,prod_0148,seller_039,332.12,26.59
order_005677,1,prod_0315,seller_001,144.14,32.85
order_005677,1,prod_0243,seller_001,17.6,35.87
order_005678,1,prod_0091,seller_033,315.24,40.35
order_005679,1,prod_0342,seller_037,221.24,30.32
order_005679,1,prod_0189,seller_037,45.14,28.41
order_005680,1,prod_0025,seller_022,361.3,38.75
order_005681,1,prod_0007,seller_025,78.04,6.38
order_005682,1,prod_0275,seller_016,150.91,35.22
order_005683,1,prod_0148,seller_032,184.41,29.26
order_005683,1,prod_0079,seller_032,177.68,40.04
order_005684,1,prod_0433,seller_022,339.28,23.0
order_005685,1,prod_0070,seller_030,53.93,16.62
order_005685,1,prod_0312,seller_030,125.05,38.51
order_005686,1,prod_0313,seller_028,270.71,29.81
order_005687,1,prod_0144,seller_015,353.24,34.22
order_005688,1,prod_0484,seller_032,290.02,10.87
order_005689,1,prod_0313,seller_021,240.82,34.31
order_005689,1,prod_0274,seller_021,116.39,5.96
order_005690,1,prod_0206,seller_012,45.16,19.52
order_005690,1,prod_0318,seller_012,268.12,26.08
order_005691,1,prod_0067,seller_033,342.44,10.94
order_005692,1,prod_0285,seller_026,303.08,8.87
order_005693,1,prod_0415,seller_015,197.45,43.47
order_005694,1,prod_0465,seller_039,149.55,30.31
order_005694,1,prod_0424,seller_039,239.5,20.0
order_005695,1,prod_0213,seller_001,343.12,25.35
order_005695,1,prod_0321,seller_001,111.57,12.78
order_005696,1,prod_0137,seller_026,79.96,9.73
order_005696,1,prod_0148,seller_026,176.18,15.19
order_005697,1,prod_0033,seller_030,363.84,27.56
order_005698,1,prod_0090,seller_026,272.97,39.73
order_005698,1,prod_0406,seller_026,99.32,33.41
order_005699,1,prod_0444,seller_025,153.13,8.6
order_005700,1,prod_0250,seller_030,102.95,11.52
order_005700,1,prod_0257,seller_030,323.28,6.22
order_005701,1,prod_0208,seller_000,393.28,13.46
order_005702,1,prod_0446,seller_012,52.09,19.39
order_005702,1,prod_0420,seller_012,221.52,36.86
order_005703,1,prod_0411,seller_016,211.38,36.25
order_005703,1,prod_0333,seller_016,242.19,37.94
order_005704,1,prod_0433,seller_030,241.35,34.13
order_005705,1,prod_0339,seller_037,242.86,23.49
order_005705,1,prod_0138,seller_037,57.02,6.42
order_005706,1,prod_0443,seller_034,113.05,22.89
order_005707,1,prod_0005,seller_027,114.03,31.14
order_005707,1,prod_0248,seller_027,59.18,5.22
order_005708,1,prod_0241,seller_012,258.14,44.81
order_005709,1,prod_0336,seller_027,112.92,10.55
order_005709,1,prod_0212,seller_027,218.64,18.4
order_005710,1,prod_0429,seller_004,353.47,10.3
order_005711,1,prod_0259,seller_009,399.23,44.45
order_005711,1,prod_0149,seller_009,127.69,9.49
order_005712,1,prod_0025,seller_031,164.84,21.6
order_005713,1,prod_0433,seller_028,304.3,19.68
order_005713,1,prod_0222,seller_028,324.14,5.17
order_005714,1,prod_0260,seller_033,59.17,12.96
order_005715,1,prod_0461,seller_036,393.75,42.02
order_005716,1,prod_0208,seller_033,55.26,12.66
order_005716,1,prod_0317,seller_033,15.01,8.96
order_005717,1,prod_0105,seller_028,216.48,44.14
order_005717,1,prod_0360,seller_028,382.33,9.63
order_005718,1,prod_0046,seller_020,231.84,13.56
order_005719,1,prod_0343,seller_016,341.55,18.55
order_005720,1,prod_0477,seller_001,28.83,16.38
order_005720,1,prod_0099,seller_001,315.11,9.3
order_005721,1,prod_0270,seller_008,225.94,43.71
order_005722,1,prod_0200,seller_034,395.54,26.04
order_005723,1,prod_0195,seller_011,396.39,43.13
order_005724,1,prod_0403,seller_003,123.72,10.57
order_005724,1,prod_0290,seller_003,22.62,30.8
order_005725,1,prod_0140,seller_013,389.31,44.48
order_005726,1,prod_0448,seller_005,374.98,21.32
order_005727,1,prod_0185,seller_014,213.45,36.17
order_005727,1,prod_0433,seller_014,332.42,14.31
order_005728,1,prod_0045,seller_024,116.1,11.1
order_005728,1,prod_0189,seller_024,141.62,8.68
order_005729,1,prod_0051,seller_017,145.29,43.89
order_005729,1,prod_0437,seller_017,167.81,22.4
order_005730,1,prod_0033,seller_022,340.7,5.28
order_005730,1,prod_0032,seller_022,320.12,41.57
order_005731,1,prod_0080,seller_018,371.29,20.98
order_005731,1,prod_0383,seller_018,362.17,30.2
order_005732,1,prod_0207,seller_008,371.93,40.82
order_005732,1,prod_0416,seller_008,194.6,33.48
order_005733,1,prod_0002,seller_018,205.46,39.89
order_005734,1,prod_0301,seller_035,130.66,30.75
order_005734,1,prod_0388,seller_035,267.37,18.49
order_005735,1,prod_0138,seller_020,155.3,39.21
order_005735,1,prod_0133,seller_020,180.85,8.43
order_005736,1,prod_0029,seller_008,209.22,14.31
order_005737,1,prod_0404,seller_033,29.13,36.08
order_005737,1,prod_0384,seller_033,26.83,8.04
order_005738,1,prod_0053,seller_001,78.31,22.37
order_005738,1,prod_0048,seller_001,347.69,35.51
order_005739,1,prod_0096,seller_024,154.56,17.87
order_005740,1,prod_0205,seller_019,265.9,11.72
order_005740,1,prod_0341,seller_019,233.93,41.72
order_005741,1,prod_0210,seller_013,134.94,6.3
order_005741,1,prod_0474,seller_013,146.62,41.88
order_005742,1,prod_0287,seller_021,153.21,13.87
order_005743,1,prod_0261,seller_039,376.32,23.14
order_005743,1,prod_0031,seller_039,117.21,35.87
order_005744,1,prod_0230,seller_002,131.98,23.95
order_005744,1,prod_0164,seller_002,201.31,26.93
order_005745,1,prod_0142,seller_038,182.52,28.85
order_005745,1,prod_0039,seller_038,240.5,25.52
order_005746,1,prod_0273,seller_006,25.18,24.47
order_005747,1,prod_0231,seller_028,61.49,9.92
order_005748,1,prod_0201,seller_010,265.89,27.28
order_005749,1,prod_0305,seller_017,125.82,6.48
order_005749,1,prod_0068,seller_017,380.96,31.68
order_005750,1,prod_0146,seller_020,103.88,40.89
order_005751,1,prod_0262,seller_016,151.92,40.01
order_005751,1,prod_0341,seller_016,43.45,34.41
order_005752,1,prod_0497,seller_014,310.98,12.18
order_005752,1,prod_0265,seller_014,152.28,25.43
order_005753,1,prod_0339,seller_002,183.29,25.79
order_005753,1,prod_0130,seller_002,311.68,39.96
order_005754,1,prod_0263,seller_019,19.28,10.81
order_005754,1,prod_0155,seller_019,377.84,7.44
order_005755,1,prod_0185,seller_039,334.94,29.26
order_005756,1,prod_0239,seller_016,98.94,23.82
order_005757,1,prod_0210,seller_035,21.02,35.79
order_005758,1,prod_0056,seller_031,340.72,32.55
order_005759,1,prod_0427,seller_024,362.77,27.56
order_005759,1,prod_0318,seller_024,257.96,42.2
order_005760,1,prod_0454,seller_033,248.82,37.97
order_005761,1,prod_0065,seller_004,197.31,5.54
order_005762,1,prod_0440,seller_002,15.73,41.83
order_005763,1,prod_0172,seller_017,19.0,13.78
order_005764,1,prod_0143,seller_026,184.39,40.41
order_005764,1,prod_0030,seller_026,60.77,19.5
order_005765,1,prod_0387,seller_005,325.48,30.18
order_005765,1,prod_0399,seller_005,42.02,20.98
order_005766,1,prod_0006,seller_026,56.09,5.73
order_005766,1,prod_0486,seller_026,313.13,7.98
order_005767,1,prod_0128,seller_029,23.36,19.69
order_005767,1,prod_0347,seller_029,34.75,35.62
order_005768,1,prod_0223,seller_006,58.92,34.1
order_005769,1,prod_0117,seller_012,73.73,14.67
order_005770,1,prod_0052,seller_031,216.48,35.82
order_005770,1,prod_0205,seller_031,249.52,31.61
order_005771,1,prod_0075,seller_001,270.33,18.11
order_005771,1,prod_0237,seller_001,354.01,44.13
order_005772,1,prod_0046,seller_036,72.32,17.3
order_005773,1,prod_0216,seller_038,28.23,36.28
order_005773,1,prod_0451,seller_038,209.68,29.13
order_005774,1,prod_0488,seller_028,137.98,12.8
order_005775,1,prod_0224,seller_020,66.25,16.33
order_005776,1,prod_0294,seller_017,142.17,40.4
order_005776,1,prod_0151,seller_017,52.51,6.51
order_005777,1,prod_0177,seller_003,243.68,22.61
order_005777,1,prod_0332,seller_003,55.66,42.22
order_005778,1,prod_0159,seller_020,265.48,36.82
order_005778,1,prod_0203,seller_020,40.35,23.47
order_005779,1,prod_0138,seller_006,126.17,9.54
order_005780,1,prod_0053,seller_018,361.03,18.96
order_005780,1,prod_0254,seller_018,240.39,13.8
order_005781,1,prod_0321,seller_015,290.92,31.46
order_005782,1,prod_0314,seller_022,50.12,26.51
order_005782,1,prod_0176,seller_022,136.84,41.74
order_005783,1,prod_0049,seller_028,194.14,18.81
order_005784,1,prod_0029,seller_003,70.59,38.28
order_005784,1,prod_0424,seller_003,223.24,39.84
order_005785,1,prod_0477,seller_028,57.27,5.95
order_005785,1,prod_0267,seller_028,146.83,24.91
order_005786,1,prod_0244,seller_020,335.42,31.57
order_005786,1,prod_0441,seller_020,184.43,30.41
order_005787,1,prod_0105,seller_012,32.06,21.97
order_005787,1,prod_0342,seller_012,390.52,35.33
order_005788,1,prod_0423,seller_035,43.12,12.77
order_005789,1,prod_0304,seller_010,191.91,17.33
order_005789,1,prod_0347,seller_010,287.77,14.39
order_005790,1,prod_0316,seller_007,140.32,14.6
order_005790,1,prod_0420,seller_007,140.48,37.24
order_005791,1,prod_0246,seller_031,127.15,12.56
order_005791,1,prod_0094,seller_031,112.49,38.68
order_005792,1,prod_0405,seller_015,324.99,36.98
order_005793,1,prod_0115,seller_032,127.41,22.53
order_005793,1,prod_0395,seller_032,302.55,39.83
order_005794,1,prod_0333,seller_002,270.7,17.44
order_005794,1,prod_0062,seller_002,182.1,21.66
order_005795,1,prod_0098,seller_037,130.05,18.83
order_005796,1,prod_0240,seller_002,78.16,7.62
order_005797,1,prod_0194,seller_033,191.9,23.46
order_005798,1,prod_0042,seller_003,157.01,36.89
order_005799,1,prod_0047,seller_006,43.84,21.79
order_005799,1,prod_0368,seller_006,47.43,20.87
order_005800,1,prod_0044,seller_016,296.99,29.35
order_005801,1,prod_0036,seller_003,196.46,16.53
order_005801,1,prod_0443,seller_003,288.21,42.42
order_005802,1,prod_0333,seller_013,121.86,6.83
order_005803,1,prod_0360,seller_002,138.53,26.24
order_005803,1,prod_0013,seller_002,317.18,18.13
order_005804,1,prod_0370,seller_004,46.56,27.55
order_005804,1,prod_0257,seller_004,140.96,33.96
order_005805,1,prod_0437,seller_001,199.02,16.52
order_005805,1,prod_0417,seller_001,185.53,13.89
order_005806,1,prod_0254,seller_016,115.43,18.23
order_005806,1,prod_0256,seller_016,270.17,12.49
order_005807,1,prod_0418,seller_021,318.45,40.27
order_005808,1,prod_0215,seller_012,108.47,11.1
order_005808,1,prod_0444,seller_012,187.4,42.54
order_005809,1,prod_0138,seller_021,92.4,36.34
order_005810,1,prod_0454,seller_029,41.09,44.79
order_005811,1,prod_0035,seller_018,97.71,28.84
order_005811,1,prod_0010,seller_018,261.04,29.83
order_005812,1,prod_0439,seller_030,162.43,35.44
order_005812,1,prod_0476,seller_030,101.24,11.16
order_005813,1,prod_0244,seller_024,143.09,12.42
order_005814,1,prod_0028,seller_006,20.65,31.14
order_005814,1,prod_0370,seller_006,69.02,7.92
order_005815,1,prod_0240,seller_020,58.08,7.1
order_005816,1,prod_0453,seller_024,154.85,27.34
order_005817,1,prod_0282,seller_004,211.14,7.78
order_005818,1,prod_0001,seller_033,96.49,30.55
order_005818,1,prod_0154,seller_033,159.51,43.39
order_005819,1,prod_0252,seller_021,196.05,10.84
order_005819,1,prod_0490,seller_021,183.38,19.88
order_005820,1,prod_0269,seller_009,36.19,14.24
order_005820,1,prod_0483,seller_009,126.06,31.81
order_005821,1,prod_0123,seller_029,123.98,9.9
order_005822,1,prod_0213,seller_019,389.06,42.4
order_005823,1,prod_0199,seller_012,175.38,41.92
order_005823,1,prod_0204,seller_012,119.45,29.94
order_005824,1,prod_0245,seller_036,126.21,40.66
order_005825,1,prod_0131,seller_025,321.9,27.73
order_005826,1,prod_0216,seller_035,238.02,6.89
order_005827,1,prod_0103,seller_016,254.93,25.7
order_005827,1,prod_0378,seller_016,151.7,31.49
order_005828,1,prod_0035,seller_013,64.24,23.97
order_005828,1,prod_0464,seller_013,377.93,43.2
order_005829,1,prod_0121,seller_025,187.2,18.06
order_005830,1,prod_0379,seller_004,229.98,34.05
order_005831,1,prod_0237,seller_035,240.12,40.42
order_005831,1,prod_0479,seller_035,327.15,33.05
order_005832,1,prod_0419,seller_031,280.58,14.39
order_005833,1,prod_0247,seller_004,290.87,14.16
order_005833,1,prod_0000,seller_004,241.29,37.62
order_005834,1,prod_0455,seller_023,44.84,36.75
order_005835,1,prod_0441,seller_007,253.27,36.67
order_005836,1,prod_0484,seller_018,322.19,43.89
order_005836,1,prod_0103,seller_018,267.19,33.23
order_005837,1,prod_0184,seller_037,47.56,42.29
order_005838,1,prod_0073,seller_031,343.8,13.23
order_005839,1,prod_0129,seller_009,92.24,23.72
order_005839,1,prod_0287,seller_009,331.8,8.87
order_005840,1,prod_0444,seller_017,331.67,12.71
order_005841,1,prod_0123,seller_011,41.91,14.1
order_005841,1,prod_0093,seller_011,228.25,8.6
order_005842,1,prod_0274,seller_020,124.87,38.79
order_005842,1,prod_0442,seller_020,276.28,14.33
order_005843,1,prod_0272,seller_025,313.56,9.59
order_005843,1,prod_0211,seller_025,207.93,7.5
order_005844,1,prod_0207,seller_020,376.84,5.12
order_005845,1,prod_0161,seller_003,363.59,25.6
order_005846,1,prod_0244,seller_002,271.45,33.01
order_005847,1,prod_0117,seller_032,127.07,29.66
order_005847,1,prod_0125,seller_032,129.68,6.43
order_005848,1,prod_0182,seller_014,103.41,11.66
order_005849,1,prod_0121,seller_013,233.16,20.97
order_005849,1,prod_0483,seller_013,394.79,7.33
order_005850,1,prod_0424,seller_022,78.7,41.64
order_005850,1,prod_0165,seller_022,199.19,36.72
order_005851,1,prod_0459,seller_001,160.28,10.72
order_005852,1,prod_0068,seller_030,122.12,18.63
order_005853,1,prod_0319,seller_019,249.98,15.74
order_005854,1,prod_0381,seller_009,230.49,9.87
order_005854,1,prod_0403,seller_009,251.28,39.2
order_005855,1,prod_0238,seller_020,131.39,10.63
order_005856,1,prod_0312,seller_032,216.74,38.44
order_005856,1,prod_0167,seller_032,218.34,16.94
order_005857,1,prod_0416,seller_007,75.65,44.52
order_005857,1,prod_0483,seller_007,283.89,29.55
order_005858,1,prod_0210,seller_007,185.34,33.77
order_005858,1,prod_0451,seller_007,170.52,36.91
order_005859,1,prod_0343,seller_024,165.06,42.24
order_005859,1,prod_0049,seller_024,234.37,7.29
order_005860,1,prod_0184,seller_005,341.38,41.25
order_005860,1,prod_0129,seller_005,307.33,36.05
order_005861,1,prod_0165,seller_010,217.46,24.23
order_005862,1,prod_0465,seller_010,396.94,32.38
order_005863,1,prod_0410,seller_027,89.05,35.15
order_005864,1,prod_0287,seller_011,104.17,44.33
order_005864,1,prod_0339,seller_011,282.53,18.83
order_005865,1,prod_0475,seller_024,93.12,6.34
order_005866,1,prod_0375,seller_023,280.2,25.42
order_005866,1,prod_0153,seller_023,125.31,10.72
order_005867,1,prod_0259,seller_027,185.68,15.87
order_005867,1,prod_0002,seller_027,251.26,10.74
order_005868,1,prod_0109,seller_031,291.45,41.97
order_005869,1,prod_0257,seller_018,198.37,35.5
order_005870,1,prod_0314,seller_015,82.31,33.83
order_005870,1,prod_0190,seller_015,29.47,15.19
order_005871,1,prod_0127,seller_035,373.09,27.42
order_005872,1,prod_0096,seller_009,280.82,29.06
order_005872,1,prod_0357,seller_009,210.42,17.09
order_005873,1,prod_0393,seller_030,249.44,13.85
order_005874,1,prod_0439,seller_027,239.56,6.97
order_005874,1,prod_0042,seller_027,322.61,38.08
order_005875,1,prod_0225,seller_023,62.0,44.91
order_005876,1,prod_0445,seller_011,61.63,44.64
order_005876,1,prod_0011,seller_011,147.64,21.13
order_005877,1,prod_0252,seller_029,94.53,5.46
order_005878,1,prod_0112,seller_032,162.39,19.15
order_005878,1,prod_0134,seller_032,90.08,13.1
order_005879,1,prod_0176,seller_033,109.31,21.72
order_005879,1,prod_0176,seller_033,351.02,34.02
order_005880,1,prod_0462,seller_038,186.74,39.42
order_005880,1,prod_0024,seller_038,318.59,43.25
order_005881,1,prod_0409,seller_039,90.56,14.43
order_005881,1,prod_0179,seller_039,377.22,35.78
order_005882,1,prod_0147,seller_022,36.34,16.5
order_005883,1,prod_0306,seller_031,385.56,9.61
order_005884,1,prod_0209,seller_021,267.14,31.97
order_005885,1,prod_0089,seller_008,367.78,33.56
order_005886,1,prod_0186,seller_022,78.42,37.81
order_005887,1,prod_0155,seller_025,328.52,38.37
order_005888,1,prod_0375,seller_010,262.37,38.75
order_005889,1,prod_0113,seller_031,312.85,9.62
order_005890,1,prod_0034,seller_004,335.23,10.33
order_005890,1,prod_0356,seller_004,38.4,14.68
order_005891,1,prod_0121,seller_034,335.2,24.59
order_005891,1,prod_0043,seller_034,47.62,6.56
order_005892,1,prod_0451,seller_013,334.41,15.01
order_005893,1,prod_0211,seller_038,305.45,40.9
order_005894,1,prod_0094,seller_035,19.9,40.76
order_005895,1,prod_0195,seller_016,382.32,12.07
order_005895,1,prod_0067,seller_016,360.96,5.57
order_005896,1,prod_0324,seller_008,238.06,39.0
order_005897,1,prod_0260,seller_016,242.32,25.87
order_005898,1,prod_0438,seller_020,327.86,44.27
order_005898,1,prod_0305,seller_020,69.44,28.25
order_005899,1,prod_0058,seller_036,395.1,41.58
order_005900,1,prod_0170,seller_030,30.44,32.03
order_005901,1,prod_0004,seller_037,370.46,10.81
order_005901,1,prod_0485,seller_037,319.0,13.5
order_005902,1,prod_0320,seller_032,312.6,35.61
order_005902,1,prod_0142,seller_032,49.91,22.82
order_005903,1,prod_0097,seller_018,278.92,38.57
order_005904,1,prod_0241,seller_022,158.22,41.84
order_005904,1,prod_0400,seller_022,397.97,13.42
order_005905,1,prod_0084,seller_010,302.66,40.71
order_005906,1,prod_0390,seller_008,328.52,32.94
order_005907,1,prod_0455,seller_025,152.77,28.39
order_005908,1,prod_0421,seller_019,168.92,33.9
order_005909,1,prod_0194,seller_027,101.78,18.13
order_005910,1,prod_0217,seller_012,248.0,39.77
order_005910,1,prod_0265,seller_012,357.86,6.1
order_005911,1,prod_0427,seller_021,40.38,16.3
order_005911,1,prod_0136,seller_021,248.35,16.46
order_005912,1,prod_0117,seller_015,42.74,34.79
order_005913,1,prod_0198,seller_007,81.61,31.59
order_005914,1,prod_0042,seller_015,144.11,31.48
order_005915,1,prod_0080,seller_013,35.43,23.19
order_005915,1,prod_0004,seller_013,370.3,40.89
order_005916,1,prod_0289,seller_039,399.3,7.26
order_005916,1,prod_0219,seller_039,227.99,13.78
order_005917,1,prod_0485,seller_012,323.73,27.62
order_005917,1,prod_0077,seller_012,220.14,6.48
order_005918,1,prod_0275,seller_027,112.87,37.94
order_005918,1,prod_0475,seller_027,225.23,12.59
order_005919,1,prod_0158,seller_021,109.69,40.29
order_005919,1,prod_0335,seller_021,232.71,32.2
order_005920,1,prod_0284,seller_030,28.89,5.52
order_005921,1,prod_0388,seller_023,319.94,13.17
order_005921,1,prod_0276,seller_023,54.57,18.21
order_005922,1,prod_0424,seller_032,190.87,16.42
order_005922,1,prod_0258,seller_032,280.57,11.08
order_005923,1,prod_0369,seller_014,92.11,25.36
order_005924,1,prod_0410,seller_009,365.61,22.02
order_005925,1,prod_0423,seller_020,70.71,41.72
order_005926,1,prod_0438,seller_013,176.72,8.73
order_005926,1,prod_0111,seller_013,158.97,9.6
order_005927,1,prod_0033,seller_033,277.76,17.13
order_005927,1,prod_0239,seller_033,39.35,18.98
order_005928,1,prod_0279,seller_036,60.82,42.09
order_005928,1,prod_0030,seller_036,148.63,43.43
order_005929,1,prod_0220,seller_039,89.44,25.67
order_005930,1,prod_0435,seller_000,376.29,24.52
order_005931,1,prod_0488,seller_011,350.74,30.45
order_005932,1,prod_0087,seller_027,196.01,27.73
order_005932,1,prod_0458,seller_027,174.9,36.58
order_005933,1,prod_0244,seller_020,40.92,12.23
order_005933,1,prod_0324,seller_020,348.93,22.28
order_005934,1,prod_0169,seller_025,294.86,13.01
order_005934,1,prod_0271,seller_025,202.62,43.0
order_005935,1,prod_0457,seller_006,236.76,6.53
order_005935,1,prod_0045,seller_006,83.41,32.14
order_005936,1,prod_0486,seller_031,179.03,18.93
order_005936,1,prod_0293,seller_031,208.57,31.9
order_005937,1,prod_0182,seller_023,361.33,12.19
order_005938,1,prod_0344,seller_034,126.6,5.84
order_005938,1,prod_0168,seller_034,52.76,43.28
order_005939,1,prod_0352,seller_020,283.87,20.67
order_005940,1,prod_0298,seller_039,172.52,32.3
order_005940,1,prod_0355,seller_039,379.52,38.97
order_005941,1,prod_0091,seller_026,341.14,18.04
order_005941,1,prod_0156,seller_026,61.32,24.95
order_005942,1,prod_0314,seller_015,265.72,6.68
order_005942,1,prod_0405,seller_015,46.12,24.27
order_005943,1,prod_0438,seller_014,161.02,25.74
order_005944,1,prod_0206,seller_004,191.24,40.27
order_005944,1,prod_0379,seller_004,385.02,29.48
order_005945,1,prod_0343,seller_035,25.72,20.62
order_005945,1,prod_0046,seller_035,41.3,11.73
order_005946,1,prod_0361,seller_011,100.92,22.51
order_005946,1,prod_0325,seller_011,385.03,7.42
order_005947,1,prod_0229,seller_026,197.1,43.95
order_005947,1,prod_0063,seller_026,167.97,44.48
order_005948,1,prod_0311,seller_006,396.0,12.12
order_005949,1,prod_0343,seller_039,101.27,9.4
order_005949,1,prod_0415,seller_039,370.88,34.63
order_005950,1,prod_0046,seller_021,385.44,13.15
order_005950,1,prod_0017,seller_021,288.76,11.65
order_005951,1,prod_0391,seller_029,101.33,9.52
order_005951,1,prod_0193,seller_029,330.57,40.28
order_005952,1,prod_0450,seller_002,108.06,13.82
order_005952,1,prod_0487,seller_002,215.32,7.09
order_005953,1,prod_0219,seller_034,325.66,16.76
order_005953,1,prod_0157,seller_034,155.56,19.32
order_005954,1,prod_0495,seller_001,355.76,5.62
order_005954,1,prod_0478,seller_001,224.94,23.53
order_005955,1,prod_0326,seller_006,282.97,25.34
order_005955,1,prod_0160,seller_006,74.65,11.46
order_005956,1,prod_0227,seller_008,138.75,9.54
order_005956,1,prod_0266,seller_008,160.59,43.51
order_005957,1,prod_0138,seller_022,258.37,33.4
order_005957,1,prod_0356,seller_022,356.22,26.25
order_005958,1,prod_0217,seller_033,308.03,43.95
order_005958,1,prod_0130,seller_033,321.9,15.91
order_005959,1,prod_0296,seller_016,220.93,39.02
order_005959,1,prod_0239,seller_016,315.0,31.25
order_005960,1,prod_0287,seller_037,60.12,25.59
order_005960,1,prod_0265,seller_037,122.55,43.6
order_005961,1,prod_0222,seller_015,117.55,28.38
order_005961,1,prod_0088,seller_015,127.87,21.85
order_005962,1,prod_0190,seller_011,31.93,44.91
order_005963,1,prod_0452,seller_011,176.81,40.68
order_005964,1,prod_0349,seller_001,25.85,31.36
order_005964,1,prod_0491,seller_001,212.42,33.28
order_005965,1,prod_0230,seller_019,208.17,14.8
order_005966,1,prod_0120,seller_001,85.15,24.88
order_005966,1,prod_0282,seller_001,157.08,21.78
order_005967,1,prod_0367,seller_030,92.17,42.4
order_005967,1,prod_0157,seller_030,381.16,36.13
order_005968,1,prod_0071,seller_002,329.37,39.23
order_005969,1,prod_0273,seller_031,134.62,21.42
order_005970,1,prod_0343,seller_028,33.02,14.79
order_005971,1,prod_0201,seller_035,30.13,24.62
order_005971,1,prod_0063,seller_035,15.37,38.8
order_005972,1,prod_0441,seller_010,94.27,7.74
order_005973,1,prod_0413,seller_026,204.47,27.23
order_005974,1,prod_0148,seller_027,63.2,43.07
order_005974,1,prod_0046,seller_027,296.41,26.73
order_005975,1,prod_0140,seller_033,190.77,28.06
order_005976,1,prod_0082,seller_018,282.21,29.49
order_005976,1,prod_0173,seller_018,145.21,11.72
order_005977,1,prod_0413,seller_029,212.59,44.3
order_005977,1,prod_0063,seller_029,114.95,6.44
order_005978,1,prod_0215,seller_006,273.36,6.29
order_005978,1,prod_0357,seller_006,294.21,36.11
order_005979,1,prod_0278,seller_015,262.65,17.71
order_005979,1,prod_0011,seller_015,159.6,10.42
order_005980,1,prod_0277,seller_013,354.36,21.74
order_005981,1,prod_0304,seller_013,37.15,14.29
order_005982,1,prod_0458,seller_018,274.48,35.53
order_005983,1,prod_0206,seller_022,49.69,26.89
order_005983,1,prod_0479,seller_022,151.29,35.1
order_005984,1,prod_0279,seller_028,162.81,29.8
order_005984,1,prod_0406,seller_028,173.79,5.54
order_005985,1,prod_0110,seller_026,201.56,8.21
order_005985,1,prod_0221,seller_026,133.07,11.53
order_005986,1,prod_0402,seller_017,104.83,27.48
order_005987,1,prod_0067,seller_024,23.33,8.58
order_005987,1,prod_0064,seller_024,354.88,44.44
order_005988,1,prod_0435,seller_019,200.12,13.82
order_005988,1,prod_0091,seller_019,169.46,13.03
order_005989,1,prod_0304,seller_000,299.86,41.13
order_005989,1,prod_0169,seller_000,230.61,21.41
order_005990,1,prod_0265,seller_025,58.74,13.13
order_005990,1,prod_0153,seller_025,345.19,15.01
order_005991,1,prod_0441,seller_021,105.73,6.56
order_005992,1,prod_0283,seller_033,321.22,5.83
order_005992,1,prod_0219,seller_033,108.49,13.98
order_005993,1,prod_0058,seller_025,204.12,37.92
order_005994,1,prod_0338,seller_038,338.74,29.55
order_005994,1,prod_0216,seller_038,171.73,41.9
order_005995,1,prod_0129,seller_016,376.18,32.27
order_005995,1,prod_0039,seller_016,75.88,9.81
order_005996,1,prod_0052,seller_012,220.25,22.93
order_005997,1,prod_0132,seller_021,353.18,34.66
order_005998,1,prod_0400,seller_022,259.91,33.55
order_005999,1,prod_0132,seller_033,318.65,18.33
order_005999,1,prod_0208,seller_033,164.13,18.09
